index,0
SMOTE_SVM,2.5
SMOTE,3.4285714285714284
BORDERLINE1,3.5
BORDERLINE2,4.285714285714286
GEOMETRIC_SMOTE,4.357142857142857
DELAUNAY,4.857142857142857
ORIGINAL,5.071428571428571
