index,0
GEOMETRIC_SMOTE,2.642857142857143
BORDERLINE1,2.857142857142857
BORDERLINE2,3.5
SMOTE,4.071428571428571
SMOTE_SVM,4.285714285714286
DELAUNAY,4.285714285714286
ORIGINAL,6.357142857142857
