index,0
SMOTE_SVM,2.7857142857142856
SMOTE,3.0714285714285716
BORDERLINE1,3.5
BORDERLINE2,3.7857142857142856
DELAUNAY,4.571428571428571
GEOMETRIC_SMOTE,4.857142857142857
ORIGINAL,5.428571428571429
