index,0
SMOTE,3.0
BORDERLINE1,3.5
ORIGINAL,4.142857142857143
SMOTE_SVM,4.142857142857143
BORDERLINE2,4.142857142857143
DELAUNAY,4.142857142857143
GEOMETRIC_SMOTE,4.928571428571429
