index,0
BORDERLINE2,2.9285714285714284
SMOTE,3.2142857142857144
BORDERLINE1,3.5
SMOTE_SVM,3.7142857142857144
DELAUNAY,4.285714285714286
ORIGINAL,4.714285714285714
GEOMETRIC_SMOTE,5.642857142857143
