index,0
ORIGINAL,2.5714285714285716
BORDERLINE1,3.2857142857142856
SMOTE,3.4285714285714284
SMOTE_SVM,3.9285714285714284
DELAUNAY,4.142857142857143
BORDERLINE2,5.142857142857143
GEOMETRIC_SMOTE,5.5
