index,0
BORDERLINE1,2.2142857142857144
SMOTE_SVM,3.7142857142857144
SMOTE,4.285714285714286
BORDERLINE2,4.285714285714286
GEOMETRIC_SMOTE,4.285714285714286
DELAUNAY,4.285714285714286
ORIGINAL,4.928571428571429
