index,0
BORDERLINE1,3.0
SMOTE,3.2142857142857144
GEOMETRIC_SMOTE,3.357142857142857
SMOTE_SVM,3.5
BORDERLINE2,4.428571428571429
ORIGINAL,4.714285714285714
DELAUNAY,5.785714285714286
