index,0
DELAUNAY,1.7857142857142858
SMOTE,3.0714285714285716
BORDERLINE1,3.9285714285714284
ORIGINAL,4.214285714285714
SMOTE_SVM,4.5
BORDERLINE2,4.5
GEOMETRIC_SMOTE,6.0
