index,0
BORDERLINE1,3.0
SMOTE_SVM,3.5
SMOTE,3.7857142857142856
ORIGINAL,4.0
BORDERLINE2,4.142857142857143
GEOMETRIC_SMOTE,4.5
DELAUNAY,5.071428571428571
