index,0
SMOTE_SVM,2.7142857142857144
BORDERLINE1,3.0
SMOTE,3.857142857142857
GEOMETRIC_SMOTE,4.142857142857143
DELAUNAY,4.357142857142857
ORIGINAL,4.785714285714286
BORDERLINE2,5.142857142857143
