index,0
SMOTE_SVM,2.357142857142857
BORDERLINE1,3.642857142857143
SMOTE,3.7857142857142856
GEOMETRIC_SMOTE,4.0
ORIGINAL,4.571428571428571
DELAUNAY,4.642857142857143
BORDERLINE2,5.0
