index,0
SMOTE_SVM,2.5714285714285716
ORIGINAL,3.7142857142857144
BORDERLINE1,3.857142857142857
SMOTE,4.142857142857143
GEOMETRIC_SMOTE,4.428571428571429
BORDERLINE2,4.5
DELAUNAY,4.785714285714286
