index,0
SMOTE,3.0
BORDERLINE1,3.0
BORDERLINE2,3.0
SMOTE_SVM,3.142857142857143
GEOMETRIC_SMOTE,3.357142857142857
ORIGINAL,6.071428571428571
DELAUNAY,6.428571428571429
