index,0
BORDERLINE2,3.2142857142857144
SMOTE,3.2857142857142856
BORDERLINE1,3.4285714285714284
SMOTE_SVM,3.5
GEOMETRIC_SMOTE,3.7857142857142856
DELAUNAY,4.428571428571429
ORIGINAL,6.357142857142857
