index,0
BORDERLINE1,2.0714285714285716
SMOTE_SVM,3.5714285714285716
GEOMETRIC_SMOTE,4.0
SMOTE,4.071428571428571
BORDERLINE2,4.214285714285714
ORIGINAL,4.857142857142857
DELAUNAY,5.214285714285714
