index,0
SMOTE_SVM,2.2857142857142856
BORDERLINE1,3.2142857142857144
SMOTE,3.2857142857142856
BORDERLINE2,4.0
GEOMETRIC_SMOTE,4.0
ORIGINAL,4.642857142857143
DELAUNAY,6.571428571428571
