index,0
GEOMETRIC_SMOTE,2.4285714285714284
ORIGINAL,3.7857142857142856
BORDERLINE2,3.7857142857142856
SMOTE_SVM,3.9285714285714284
DELAUNAY,4.5
SMOTE,4.785714285714286
BORDERLINE1,4.785714285714286
