index,0
SMOTE_SVM,2.4285714285714284
BORDERLINE1,2.857142857142857
GEOMETRIC_SMOTE,3.7142857142857144
SMOTE,3.857142857142857
ORIGINAL,4.0
BORDERLINE2,5.571428571428571
DELAUNAY,5.571428571428571
