index,0
SMOTE_SVM,2.4285714285714284
BORDERLINE1,3.7142857142857144
GEOMETRIC_SMOTE,3.7857142857142856
SMOTE,3.9285714285714284
ORIGINAL,4.428571428571429
DELAUNAY,4.714285714285714
BORDERLINE2,5.0
