index,0
SMOTE_SVM,2.5714285714285716
SMOTE,3.2142857142857144
GEOMETRIC_SMOTE,3.4285714285714284
BORDERLINE2,4.214285714285714
BORDERLINE1,4.571428571428571
ORIGINAL,4.857142857142857
DELAUNAY,5.142857142857143
