index,0
SMOTE_SVM,3.0714285714285716
GEOMETRIC_SMOTE,3.5714285714285716
SMOTE,3.7142857142857144
DELAUNAY,4.0
BORDERLINE1,4.142857142857143
BORDERLINE2,4.428571428571429
ORIGINAL,5.071428571428571
