index,0
GEOMETRIC_SMOTE,3.357142857142857
SMOTE_SVM,3.642857142857143
ORIGINAL,3.7142857142857144
BORDERLINE1,3.7142857142857144
SMOTE,3.9285714285714284
BORDERLINE2,4.714285714285714
DELAUNAY,4.928571428571429
