index,0
SMOTE,3.0
DELAUNAY,3.0
GEOMETRIC_SMOTE,3.2142857142857144
SMOTE_SVM,3.357142857142857
BORDERLINE1,4.214285714285714
BORDERLINE2,4.642857142857143
ORIGINAL,6.571428571428571
