index,0
BORDERLINE1,2.5
DELAUNAY,3.2857142857142856
GEOMETRIC_SMOTE,3.7857142857142856
SMOTE,4.071428571428571
BORDERLINE2,4.142857142857143
SMOTE_SVM,4.285714285714286
ORIGINAL,5.928571428571429
