index,0
SMOTE_SVM,2.4285714285714284
BORDERLINE1,2.9285714285714284
ORIGINAL,3.857142857142857
SMOTE,3.857142857142857
GEOMETRIC_SMOTE,4.071428571428571
DELAUNAY,5.285714285714286
BORDERLINE2,5.571428571428571
