index,0
SMOTE_SVM,2.7142857142857144
SMOTE,3.0714285714285716
BORDERLINE1,3.4285714285714284
BORDERLINE2,3.7142857142857144
DELAUNAY,4.5
GEOMETRIC_SMOTE,4.928571428571429
ORIGINAL,5.642857142857143
