index,0
GEOMETRIC_SMOTE,2.7142857142857144
DELAUNAY,3.7142857142857144
ORIGINAL,3.9285714285714284
SMOTE_SVM,3.9285714285714284
BORDERLINE2,4.214285714285714
BORDERLINE1,4.714285714285714
SMOTE,4.785714285714286
