index,0
SMOTE_SVM,3.4285714285714284
GEOMETRIC_SMOTE,3.4285714285714284
ORIGINAL,3.7142857142857144
BORDERLINE1,3.7142857142857144
BORDERLINE2,4.214285714285714
SMOTE,4.428571428571429
DELAUNAY,5.071428571428571
