index,0
BORDERLINE1,3.142857142857143
ORIGINAL,3.5
SMOTE_SVM,3.642857142857143
SMOTE,3.7142857142857144
GEOMETRIC_SMOTE,3.9285714285714284
BORDERLINE2,4.785714285714286
DELAUNAY,5.285714285714286
