index,0
GEOMETRIC_SMOTE,3.142857142857143
BORDERLINE2,3.5714285714285716
SMOTE_SVM,3.642857142857143
BORDERLINE1,3.857142857142857
DELAUNAY,4.357142857142857
ORIGINAL,4.5
SMOTE,4.928571428571429
