index,0
BORDERLINE1,2.0714285714285716
SMOTE_SVM,2.9285714285714284
ORIGINAL,3.9285714285714284
BORDERLINE2,4.0
SMOTE,4.214285714285714
GEOMETRIC_SMOTE,4.428571428571429
DELAUNAY,6.428571428571429
