index,0
SMOTE_SVM,2.142857142857143
BORDERLINE1,2.857142857142857
SMOTE,3.9285714285714284
GEOMETRIC_SMOTE,3.9285714285714284
BORDERLINE2,4.142857142857143
ORIGINAL,4.642857142857143
DELAUNAY,6.357142857142857
