index,0
SMOTE_SVM,2.9285714285714284
BORDERLINE1,3.0
SMOTE,3.357142857142857
GEOMETRIC_SMOTE,3.642857142857143
BORDERLINE2,3.857142857142857
DELAUNAY,5.428571428571429
ORIGINAL,5.785714285714286
