index,0
BORDERLINE1,2.0
SMOTE_SVM,3.0
BORDERLINE2,3.9285714285714284
ORIGINAL,4.142857142857143
SMOTE,4.142857142857143
GEOMETRIC_SMOTE,4.5
DELAUNAY,6.285714285714286
