index,0
BORDERLINE1,2.5
GEOMETRIC_SMOTE,3.0714285714285716
SMOTE,3.5714285714285716
SMOTE_SVM,3.857142857142857
BORDERLINE2,4.142857142857143
DELAUNAY,4.928571428571429
ORIGINAL,5.928571428571429
