index,0
SMOTE_SVM,2.5714285714285716
BORDERLINE1,2.857142857142857
SMOTE,3.7857142857142856
GEOMETRIC_SMOTE,4.0
ORIGINAL,4.857142857142857
DELAUNAY,4.928571428571429
BORDERLINE2,5.0
