index,0
BORDERLINE1,2.2857142857142856
GEOMETRIC_SMOTE,3.2857142857142856
SMOTE,3.5714285714285716
BORDERLINE2,3.7142857142857144
SMOTE_SVM,4.142857142857143
DELAUNAY,5.285714285714286
ORIGINAL,5.714285714285714
