index,0
SMOTE_SVM,3.0
BORDERLINE1,3.5
BORDERLINE2,3.5
DELAUNAY,4.071428571428571
SMOTE,4.357142857142857
GEOMETRIC_SMOTE,4.357142857142857
ORIGINAL,5.214285714285714
