index,0
DELAUNAY,1.9285714285714286
SMOTE,3.2857142857142856
SMOTE_SVM,3.4285714285714284
GEOMETRIC_SMOTE,3.4285714285714284
BORDERLINE1,4.428571428571429
BORDERLINE2,4.928571428571429
ORIGINAL,6.571428571428571
