index,0
SMOTE_SVM,3.2142857142857144
BORDERLINE1,3.5714285714285716
BORDERLINE2,3.7142857142857144
DELAUNAY,3.9285714285714284
SMOTE,4.214285714285714
GEOMETRIC_SMOTE,4.357142857142857
ORIGINAL,5.0
