index,0
SMOTE_SVM,3.0714285714285716
BORDERLINE1,3.2142857142857144
BORDERLINE2,3.642857142857143
SMOTE,3.857142857142857
GEOMETRIC_SMOTE,4.142857142857143
ORIGINAL,4.714285714285714
DELAUNAY,5.357142857142857
