index,0
SMOTE_SVM,2.2857142857142856
BORDERLINE1,2.857142857142857
SMOTE,3.9285714285714284
GEOMETRIC_SMOTE,4.071428571428571
BORDERLINE2,4.285714285714286
ORIGINAL,4.714285714285714
DELAUNAY,5.857142857142857
