index,0
GEOMETRIC_SMOTE,2.5
BORDERLINE1,3.0714285714285716
SMOTE,3.642857142857143
SMOTE_SVM,3.857142857142857
DELAUNAY,3.9285714285714284
BORDERLINE2,4.5
ORIGINAL,6.5
