index,0
GEOMETRIC_SMOTE,2.357142857142857
BORDERLINE1,3.0714285714285716
SMOTE,3.357142857142857
SMOTE_SVM,3.7142857142857144
BORDERLINE2,4.428571428571429
DELAUNAY,4.5
ORIGINAL,6.571428571428571
