index,0
SMOTE_SVM,3.5
ORIGINAL,3.5714285714285716
BORDERLINE1,3.5714285714285716
GEOMETRIC_SMOTE,3.7142857142857144
SMOTE,3.7857142857142856
BORDERLINE2,4.642857142857143
DELAUNAY,5.214285714285714
