index,0
BORDERLINE1,2.142857142857143
SMOTE_SVM,3.2857142857142856
ORIGINAL,4.285714285714286
SMOTE,4.285714285714286
BORDERLINE2,4.428571428571429
GEOMETRIC_SMOTE,4.714285714285714
DELAUNAY,4.857142857142857
