index,0
BORDERLINE1,3.0
SMOTE_SVM,3.0714285714285716
BORDERLINE2,3.5
SMOTE,3.857142857142857
GEOMETRIC_SMOTE,4.142857142857143
ORIGINAL,4.928571428571429
DELAUNAY,5.5
