index,0
BORDERLINE1,3.0
SMOTE_SVM,3.5714285714285716
SMOTE,3.7142857142857144
ORIGINAL,3.9285714285714284
BORDERLINE2,4.071428571428571
GEOMETRIC_SMOTE,4.357142857142857
DELAUNAY,5.357142857142857
