index,0
DELAUNAY,3.0714285714285716
SMOTE_SVM,3.4285714285714284
GEOMETRIC_SMOTE,3.4285714285714284
BORDERLINE2,4.071428571428571
BORDERLINE1,4.214285714285714
ORIGINAL,4.5
SMOTE,5.285714285714286
