index,0
GEOMETRIC_SMOTE,2.7857142857142856
BORDERLINE1,3.0
BORDERLINE2,3.5
DELAUNAY,3.7142857142857144
SMOTE,4.214285714285714
SMOTE_SVM,4.428571428571429
ORIGINAL,6.357142857142857
