index,0
GEOMETRIC_SMOTE,3.2857142857142856
ORIGINAL,3.7857142857142856
SMOTE_SVM,3.857142857142857
BORDERLINE2,3.857142857142857
DELAUNAY,4.142857142857143
SMOTE,4.357142857142857
BORDERLINE1,4.714285714285714
