index,0
GEOMETRIC_SMOTE,3.4285714285714284
SMOTE_SVM,3.5
ORIGINAL,3.9285714285714284
BORDERLINE1,3.9285714285714284
BORDERLINE2,4.357142857142857
DELAUNAY,4.357142857142857
SMOTE,4.5
