index,0
GEOMETRIC_SMOTE,2.857142857142857
BORDERLINE2,3.5
SMOTE_SVM,3.5714285714285716
BORDERLINE1,3.857142857142857
ORIGINAL,4.428571428571429
SMOTE,4.785714285714286
DELAUNAY,5.0
