index,0
BORDERLINE2,3.0
SMOTE,3.142857142857143
BORDERLINE1,3.642857142857143
SMOTE_SVM,3.7857142857142856
DELAUNAY,3.9285714285714284
ORIGINAL,4.714285714285714
GEOMETRIC_SMOTE,5.785714285714286
