index,0
GEOMETRIC_SMOTE,3.5
DELAUNAY,3.5
SMOTE_SVM,3.7142857142857144
ORIGINAL,4.071428571428571
BORDERLINE1,4.071428571428571
BORDERLINE2,4.428571428571429
SMOTE,4.714285714285714
