index,0
SMOTE_SVM,2.0714285714285716
ORIGINAL,3.4285714285714284
BORDERLINE1,3.9285714285714284
GEOMETRIC_SMOTE,3.9285714285714284
SMOTE,4.142857142857143
BORDERLINE2,4.571428571428571
DELAUNAY,5.928571428571429
