index,0
SMOTE_SVM,2.2857142857142856
BORDERLINE1,3.2142857142857144
SMOTE,4.214285714285714
GEOMETRIC_SMOTE,4.214285714285714
DELAUNAY,4.571428571428571
BORDERLINE2,4.642857142857143
ORIGINAL,4.857142857142857
