index,0
GEOMETRIC_SMOTE,3.142857142857143
SMOTE,3.4285714285714284
SMOTE_SVM,3.4285714285714284
BORDERLINE1,3.642857142857143
BORDERLINE2,3.857142857142857
ORIGINAL,4.785714285714286
DELAUNAY,5.714285714285714
