index,0
GEOMETRIC_SMOTE,3.2142857142857144
SMOTE_SVM,3.7857142857142856
ORIGINAL,3.9285714285714284
BORDERLINE2,3.9285714285714284
SMOTE,4.285714285714286
DELAUNAY,4.357142857142857
BORDERLINE1,4.5
