index,0
GEOMETRIC_SMOTE,2.357142857142857
BORDERLINE2,3.642857142857143
ORIGINAL,3.857142857142857
DELAUNAY,4.142857142857143
SMOTE_SVM,4.285714285714286
BORDERLINE1,4.785714285714286
SMOTE,4.928571428571429
