index,0
SMOTE_SVM,2.5
SMOTE,3.0714285714285716
BORDERLINE1,3.2142857142857144
GEOMETRIC_SMOTE,3.357142857142857
BORDERLINE2,3.4285714285714284
DELAUNAY,6.142857142857143
ORIGINAL,6.285714285714286
