index,0
SMOTE_SVM,2.4285714285714284
BORDERLINE1,3.2142857142857144
SMOTE,3.7142857142857144
ORIGINAL,4.0
GEOMETRIC_SMOTE,4.142857142857143
DELAUNAY,4.928571428571429
BORDERLINE2,5.571428571428571
