index,0
SMOTE_SVM,2.357142857142857
BORDERLINE1,2.5714285714285716
GEOMETRIC_SMOTE,3.857142857142857
SMOTE,3.9285714285714284
ORIGINAL,4.142857142857143
BORDERLINE2,5.214285714285714
DELAUNAY,5.928571428571429
