index,0
BORDERLINE1,2.5
GEOMETRIC_SMOTE,3.7142857142857144
DELAUNAY,3.9285714285714284
SMOTE,4.0
BORDERLINE2,4.0
SMOTE_SVM,4.285714285714286
ORIGINAL,5.571428571428571
