index,0
GEOMETRIC_SMOTE,3.4285714285714284
SMOTE_SVM,3.7142857142857144
ORIGINAL,3.857142857142857
BORDERLINE1,3.9285714285714284
DELAUNAY,4.0
BORDERLINE2,4.428571428571429
SMOTE,4.642857142857143
