index,0
GEOMETRIC_SMOTE,2.5
BORDERLINE1,3.0
BORDERLINE2,3.5
SMOTE,4.071428571428571
SMOTE_SVM,4.285714285714286
DELAUNAY,4.428571428571429
ORIGINAL,6.214285714285714
