index,0
BORDERLINE1,2.0
SMOTE_SVM,3.5
SMOTE,4.0
BORDERLINE2,4.071428571428571
GEOMETRIC_SMOTE,4.071428571428571
ORIGINAL,4.714285714285714
DELAUNAY,5.642857142857143
