index,0
ORIGINAL,3.0
BORDERLINE1,3.0
SMOTE,3.2142857142857144
DELAUNAY,4.071428571428571
SMOTE_SVM,4.142857142857143
BORDERLINE2,5.142857142857143
GEOMETRIC_SMOTE,5.428571428571429
