index,0
BORDERLINE1,3.0714285714285716
SMOTE,3.4285714285714284
SMOTE_SVM,3.5
GEOMETRIC_SMOTE,3.5
ORIGINAL,4.5
BORDERLINE2,4.714285714285714
DELAUNAY,5.285714285714286
