index,0
BORDERLINE1,2.4285714285714284
SMOTE_SVM,3.7857142857142856
SMOTE,4.142857142857143
GEOMETRIC_SMOTE,4.214285714285714
BORDERLINE2,4.285714285714286
DELAUNAY,4.357142857142857
ORIGINAL,4.785714285714286
