index,0
BORDERLINE1,2.4285714285714284
DELAUNAY,3.357142857142857
SMOTE_SVM,3.857142857142857
BORDERLINE2,4.357142857142857
SMOTE,4.428571428571429
GEOMETRIC_SMOTE,4.5
ORIGINAL,5.071428571428571
