index,0
BORDERLINE2,3.2857142857142856
GEOMETRIC_SMOTE,3.357142857142857
DELAUNAY,3.5714285714285716
BORDERLINE1,3.9285714285714284
SMOTE_SVM,4.071428571428571
SMOTE,4.142857142857143
ORIGINAL,5.642857142857143
