index,0
BORDERLINE1,2.4285714285714284
DELAUNAY,3.7142857142857144
SMOTE_SVM,3.857142857142857
SMOTE,4.285714285714286
GEOMETRIC_SMOTE,4.357142857142857
BORDERLINE2,4.428571428571429
ORIGINAL,4.928571428571429
