index,0
SMOTE_SVM,2.7142857142857144
SMOTE,3.0714285714285716
BORDERLINE1,3.5
BORDERLINE2,3.9285714285714284
DELAUNAY,4.142857142857143
GEOMETRIC_SMOTE,5.0
ORIGINAL,5.642857142857143
