index,0
BORDERLINE1,3.0
GEOMETRIC_SMOTE,3.7142857142857144
SMOTE,3.7857142857142856
SMOTE_SVM,4.142857142857143
ORIGINAL,4.285714285714286
DELAUNAY,4.428571428571429
BORDERLINE2,4.642857142857143
