index,0
BORDERLINE2,2.9285714285714284
SMOTE,3.0714285714285716
BORDERLINE1,3.5
SMOTE_SVM,3.5714285714285716
ORIGINAL,4.428571428571429
DELAUNAY,5.071428571428571
GEOMETRIC_SMOTE,5.428571428571429
