index,0
GEOMETRIC_SMOTE,3.2857142857142856
DELAUNAY,3.5
SMOTE_SVM,3.857142857142857
ORIGINAL,4.071428571428571
BORDERLINE2,4.142857142857143
SMOTE,4.5
BORDERLINE1,4.642857142857143
