index,0
BORDERLINE2,2.7857142857142856
SMOTE,3.142857142857143
BORDERLINE1,3.5
SMOTE_SVM,3.5714285714285716
ORIGINAL,4.571428571428571
DELAUNAY,4.785714285714286
GEOMETRIC_SMOTE,5.642857142857143
