index,0
GEOMETRIC_SMOTE,2.4285714285714284
BORDERLINE2,3.642857142857143
ORIGINAL,3.7857142857142856
SMOTE_SVM,4.142857142857143
DELAUNAY,4.142857142857143
BORDERLINE1,4.785714285714286
SMOTE,5.071428571428571
