index,0
SMOTE_SVM,2.9285714285714284
BORDERLINE1,3.4285714285714284
BORDERLINE2,3.4285714285714284
SMOTE,4.142857142857143
GEOMETRIC_SMOTE,4.285714285714286
DELAUNAY,4.714285714285714
ORIGINAL,5.071428571428571
