index,0
SMOTE_SVM,2.5
BORDERLINE1,2.9285714285714284
SMOTE,3.5714285714285716
GEOMETRIC_SMOTE,3.857142857142857
ORIGINAL,4.5
BORDERLINE2,4.714285714285714
DELAUNAY,5.928571428571429
