index,0
GEOMETRIC_SMOTE,2.7857142857142856
BORDERLINE1,3.0
DELAUNAY,3.142857142857143
BORDERLINE2,3.642857142857143
SMOTE,4.357142857142857
SMOTE_SVM,4.571428571428571
ORIGINAL,6.5
