index,0
BORDERLINE1,3.142857142857143
SMOTE_SVM,3.642857142857143
SMOTE,3.7142857142857144
ORIGINAL,3.9285714285714284
BORDERLINE2,4.071428571428571
GEOMETRIC_SMOTE,4.285714285714286
DELAUNAY,5.214285714285714
