index,0
BORDERLINE1,3.0
SMOTE_SVM,3.5
SMOTE,3.642857142857143
ORIGINAL,3.857142857142857
BORDERLINE2,4.071428571428571
GEOMETRIC_SMOTE,4.071428571428571
DELAUNAY,5.857142857142857
