index,0
ORIGINAL,2.5
BORDERLINE1,3.357142857142857
SMOTE,3.642857142857143
SMOTE_SVM,3.9285714285714284
DELAUNAY,4.071428571428571
GEOMETRIC_SMOTE,5.071428571428571
BORDERLINE2,5.428571428571429
