index,0
SMOTE,3.2857142857142856
BORDERLINE1,3.2857142857142856
BORDERLINE2,3.2857142857142856
SMOTE_SVM,3.4285714285714284
GEOMETRIC_SMOTE,3.7142857142857144
DELAUNAY,4.785714285714286
ORIGINAL,6.214285714285714
