index,0
BORDERLINE1,2.7142857142857144
DELAUNAY,2.9285714285714284
GEOMETRIC_SMOTE,3.7142857142857144
SMOTE,4.0
BORDERLINE2,4.285714285714286
SMOTE_SVM,4.5
ORIGINAL,5.857142857142857
