index,0
GEOMETRIC_SMOTE,2.642857142857143
BORDERLINE1,2.9285714285714284
BORDERLINE2,3.5714285714285716
SMOTE,4.0
DELAUNAY,4.0
SMOTE_SVM,4.428571428571429
ORIGINAL,6.428571428571429
