index,0
BORDERLINE1,3.0714285714285716
SMOTE_SVM,3.4285714285714284
SMOTE,3.5714285714285716
ORIGINAL,3.9285714285714284
BORDERLINE2,4.142857142857143
GEOMETRIC_SMOTE,4.357142857142857
DELAUNAY,5.5
