index,0
DELAUNAY,3.142857142857143
GEOMETRIC_SMOTE,3.357142857142857
SMOTE_SVM,3.4285714285714284
BORDERLINE1,4.142857142857143
BORDERLINE2,4.142857142857143
ORIGINAL,4.428571428571429
SMOTE,5.357142857142857
