index,0
SMOTE_SVM,2.357142857142857
BORDERLINE1,3.5714285714285716
GEOMETRIC_SMOTE,3.5714285714285716
SMOTE,3.857142857142857
ORIGINAL,4.285714285714286
BORDERLINE2,5.0
DELAUNAY,5.357142857142857
