index,0
SMOTE_SVM,2.7857142857142856
SMOTE,3.142857142857143
BORDERLINE1,3.5
BORDERLINE2,3.9285714285714284
DELAUNAY,3.9285714285714284
GEOMETRIC_SMOTE,5.0
ORIGINAL,5.714285714285714
