index,0
BORDERLINE1,2.7142857142857144
GEOMETRIC_SMOTE,3.4285714285714284
SMOTE,3.857142857142857
SMOTE_SVM,4.0
DELAUNAY,4.071428571428571
BORDERLINE2,4.214285714285714
ORIGINAL,5.714285714285714
