index,0
SMOTE_SVM,2.9285714285714284
BORDERLINE1,3.2857142857142856
BORDERLINE2,3.357142857142857
SMOTE,4.142857142857143
GEOMETRIC_SMOTE,4.285714285714286
DELAUNAY,4.857142857142857
ORIGINAL,5.142857142857143
