index,0
BORDERLINE1,3.357142857142857
SMOTE_SVM,3.4285714285714284
ORIGINAL,3.5
GEOMETRIC_SMOTE,3.642857142857143
SMOTE,3.7857142857142856
BORDERLINE2,4.571428571428571
DELAUNAY,5.714285714285714
