index,0
ORIGINAL,2.4285714285714284
BORDERLINE1,3.2857142857142856
SMOTE_SVM,3.7142857142857144
SMOTE,3.7857142857142856
DELAUNAY,4.071428571428571
GEOMETRIC_SMOTE,5.214285714285714
BORDERLINE2,5.5
