index,0
SMOTE,2.9285714285714284
BORDERLINE1,3.5714285714285716
BORDERLINE2,4.0
ORIGINAL,4.071428571428571
SMOTE_SVM,4.285714285714286
DELAUNAY,4.357142857142857
GEOMETRIC_SMOTE,4.785714285714286
