index,0
ORIGINAL,2.5714285714285716
SMOTE,3.142857142857143
BORDERLINE1,3.2857142857142856
SMOTE_SVM,3.7142857142857144
BORDERLINE2,4.785714285714286
DELAUNAY,5.142857142857143
GEOMETRIC_SMOTE,5.357142857142857
