index,0
SMOTE_SVM,2.7857142857142856
BORDERLINE1,3.0
SMOTE,3.2142857142857144
GEOMETRIC_SMOTE,3.4285714285714284
BORDERLINE2,3.7142857142857144
ORIGINAL,5.428571428571429
DELAUNAY,6.428571428571429
