index,0
ORIGINAL,2.142857142857143
BORDERLINE1,3.2857142857142856
SMOTE,3.4285714285714284
SMOTE_SVM,3.7142857142857144
GEOMETRIC_SMOTE,4.928571428571429
DELAUNAY,5.071428571428571
BORDERLINE2,5.428571428571429
