index,0
SMOTE_SVM,2.9285714285714284
DELAUNAY,3.0
SMOTE,3.2857142857142856
BORDERLINE1,3.7142857142857144
BORDERLINE2,4.214285714285714
GEOMETRIC_SMOTE,5.214285714285714
ORIGINAL,5.642857142857143
