index,0
GEOMETRIC_SMOTE,2.357142857142857
BORDERLINE2,3.5
ORIGINAL,3.7142857142857144
SMOTE_SVM,4.0
BORDERLINE1,4.642857142857143
DELAUNAY,4.857142857142857
SMOTE,4.928571428571429
