index,0
DELAUNAY,2.142857142857143
SMOTE,2.9285714285714284
BORDERLINE1,3.9285714285714284
ORIGINAL,4.071428571428571
BORDERLINE2,4.357142857142857
SMOTE_SVM,4.571428571428571
GEOMETRIC_SMOTE,6.0
