index,0
GEOMETRIC_SMOTE,2.357142857142857
BORDERLINE2,3.642857142857143
DELAUNAY,3.7142857142857144
ORIGINAL,4.0
SMOTE_SVM,4.285714285714286
BORDERLINE1,4.928571428571429
SMOTE,5.071428571428571
