index,0
SMOTE_SVM,2.5
SMOTE,3.357142857142857
DELAUNAY,3.4285714285714284
GEOMETRIC_SMOTE,3.7857142857142856
BORDERLINE1,4.928571428571429
ORIGINAL,5.0
BORDERLINE2,5.0
