index,0
SMOTE_SVM,2.9285714285714284
BORDERLINE1,3.0
BORDERLINE2,3.4285714285714284
SMOTE,3.857142857142857
GEOMETRIC_SMOTE,4.071428571428571
ORIGINAL,5.0
DELAUNAY,5.714285714285714
