index,0
ORIGINAL,2.0714285714285716
BORDERLINE1,3.2142857142857144
SMOTE,3.4285714285714284
SMOTE_SVM,3.5
GEOMETRIC_SMOTE,5.071428571428571
BORDERLINE2,5.357142857142857
DELAUNAY,5.357142857142857
