index,0
SMOTE_SVM,3.2142857142857144
BORDERLINE1,3.4285714285714284
BORDERLINE2,3.9285714285714284
DELAUNAY,3.9285714285714284
SMOTE,4.142857142857143
GEOMETRIC_SMOTE,4.428571428571429
ORIGINAL,4.928571428571429
