index,0
ORIGINAL,2.7142857142857144
BORDERLINE1,3.2857142857142856
SMOTE,3.5
SMOTE_SVM,3.9285714285714284
DELAUNAY,4.285714285714286
BORDERLINE2,4.785714285714286
GEOMETRIC_SMOTE,5.5
