index,0
SMOTE_SVM,2.357142857142857
BORDERLINE1,2.642857142857143
GEOMETRIC_SMOTE,3.7142857142857144
SMOTE,3.7857142857142856
ORIGINAL,4.285714285714286
BORDERLINE2,5.357142857142857
DELAUNAY,5.857142857142857
