index,0
SMOTE_SVM,3.2142857142857144
BORDERLINE1,3.2857142857142856
BORDERLINE2,3.5
SMOTE,4.0
GEOMETRIC_SMOTE,4.357142857142857
DELAUNAY,4.785714285714286
ORIGINAL,4.857142857142857
