index,0
GEOMETRIC_SMOTE,2.857142857142857
SMOTE_SVM,3.4285714285714284
BORDERLINE2,3.5714285714285716
BORDERLINE1,3.9285714285714284
ORIGINAL,4.285714285714286
SMOTE,4.642857142857143
DELAUNAY,5.285714285714286
