index,0
GEOMETRIC_SMOTE,3.357142857142857
DELAUNAY,3.5714285714285716
SMOTE_SVM,3.7142857142857144
ORIGINAL,4.142857142857143
BORDERLINE2,4.142857142857143
SMOTE,4.428571428571429
BORDERLINE1,4.642857142857143
