index,0
SMOTE_SVM,2.0
ORIGINAL,3.0714285714285716
BORDERLINE1,3.857142857142857
GEOMETRIC_SMOTE,4.0
SMOTE,4.285714285714286
BORDERLINE2,4.571428571428571
DELAUNAY,6.214285714285714
