index,0
SMOTE,3.142857142857143
BORDERLINE1,3.142857142857143
BORDERLINE2,3.2857142857142856
SMOTE_SVM,3.4285714285714284
GEOMETRIC_SMOTE,3.5
DELAUNAY,5.357142857142857
ORIGINAL,6.142857142857143
