index,0
DELAUNAY,1.8571428571428572
SMOTE,2.9285714285714284
BORDERLINE1,3.9285714285714284
ORIGINAL,4.214285714285714
BORDERLINE2,4.5
SMOTE_SVM,4.571428571428571
GEOMETRIC_SMOTE,6.0
