index,0
GEOMETRIC_SMOTE,2.9285714285714284
BORDERLINE1,3.357142857142857
SMOTE,3.5
SMOTE_SVM,3.7142857142857144
DELAUNAY,3.857142857142857
BORDERLINE2,4.357142857142857
ORIGINAL,6.285714285714286
