index,0
SMOTE_SVM,2.642857142857143
SMOTE,3.2142857142857144
BORDERLINE1,3.2142857142857144
GEOMETRIC_SMOTE,3.5
BORDERLINE2,3.5714285714285716
DELAUNAY,5.428571428571429
ORIGINAL,6.428571428571429
