index,0
SMOTE_SVM,3.5714285714285716
GEOMETRIC_SMOTE,3.642857142857143
DELAUNAY,3.7857142857142856
ORIGINAL,4.071428571428571
BORDERLINE1,4.071428571428571
BORDERLINE2,4.285714285714286
SMOTE,4.571428571428571
