index,0
SMOTE_SVM,2.5
BORDERLINE1,2.7857142857142856
GEOMETRIC_SMOTE,3.5714285714285716
SMOTE,3.7142857142857144
ORIGINAL,4.571428571428571
BORDERLINE2,4.785714285714286
DELAUNAY,6.071428571428571
