index,0
BORDERLINE1,2.4285714285714284
SMOTE_SVM,3.7857142857142856
BORDERLINE2,4.214285714285714
GEOMETRIC_SMOTE,4.214285714285714
DELAUNAY,4.214285714285714
SMOTE,4.285714285714286
ORIGINAL,4.857142857142857
