index,0
GEOMETRIC_SMOTE,3.357142857142857
SMOTE_SVM,3.7142857142857144
DELAUNAY,3.7857142857142856
ORIGINAL,4.071428571428571
BORDERLINE2,4.071428571428571
SMOTE,4.357142857142857
BORDERLINE1,4.642857142857143
