index,0
GEOMETRIC_SMOTE,3.2857142857142856
ORIGINAL,3.857142857142857
SMOTE_SVM,3.857142857142857
BORDERLINE2,3.857142857142857
DELAUNAY,4.0
SMOTE,4.5
BORDERLINE1,4.642857142857143
