index,0
ORIGINAL,2.9285714285714284
SMOTE,3.2857142857142856
BORDERLINE1,3.357142857142857
DELAUNAY,3.9285714285714284
SMOTE_SVM,4.0
BORDERLINE2,5.071428571428571
GEOMETRIC_SMOTE,5.428571428571429
