index,0
GEOMETRIC_SMOTE,2.5
ORIGINAL,3.7857142857142856
BORDERLINE2,3.9285714285714284
DELAUNAY,4.0
SMOTE_SVM,4.142857142857143
BORDERLINE1,4.785714285714286
SMOTE,4.857142857142857
