index,0
ORIGINAL,2.4285714285714284
BORDERLINE1,3.357142857142857
SMOTE,3.5
SMOTE_SVM,3.9285714285714284
DELAUNAY,4.5
BORDERLINE2,4.928571428571429
GEOMETRIC_SMOTE,5.357142857142857
