index,0
GEOMETRIC_SMOTE,3.0
SMOTE_SVM,3.142857142857143
BORDERLINE2,3.642857142857143
BORDERLINE1,4.0
ORIGINAL,4.214285714285714
SMOTE,4.785714285714286
DELAUNAY,5.214285714285714
