index,0
BORDERLINE1,3.142857142857143
SMOTE_SVM,3.642857142857143
SMOTE,3.857142857142857
ORIGINAL,3.9285714285714284
GEOMETRIC_SMOTE,4.071428571428571
BORDERLINE2,4.214285714285714
DELAUNAY,5.142857142857143
