index,0
SMOTE,2.7142857142857144
SMOTE_SVM,3.0714285714285716
GEOMETRIC_SMOTE,3.142857142857143
DELAUNAY,4.285714285714286
BORDERLINE2,4.357142857142857
BORDERLINE1,4.5
ORIGINAL,5.928571428571429
