index,0
DELAUNAY,3.0
GEOMETRIC_SMOTE,3.2857142857142856
SMOTE,3.5
SMOTE_SVM,4.0
BORDERLINE1,4.142857142857143
BORDERLINE2,4.214285714285714
ORIGINAL,5.857142857142857
