index,0
SMOTE_SVM,2.142857142857143
ORIGINAL,3.142857142857143
BORDERLINE1,4.0
GEOMETRIC_SMOTE,4.142857142857143
SMOTE,4.428571428571429
BORDERLINE2,4.785714285714286
DELAUNAY,5.357142857142857
