index,0
ORIGINAL,2.7142857142857144
BORDERLINE1,3.2857142857142856
SMOTE,3.5
SMOTE_SVM,3.857142857142857
DELAUNAY,4.142857142857143
BORDERLINE2,5.0
GEOMETRIC_SMOTE,5.5
