index,0
DELAUNAY,2.9285714285714284
GEOMETRIC_SMOTE,3.4285714285714284
ORIGINAL,4.0
SMOTE_SVM,4.0
BORDERLINE2,4.214285714285714
SMOTE,4.5
BORDERLINE1,4.928571428571429
