index,0
GEOMETRIC_SMOTE,2.857142857142857
BORDERLINE2,3.357142857142857
SMOTE_SVM,3.5
BORDERLINE1,3.7857142857142856
ORIGINAL,4.428571428571429
SMOTE,4.785714285714286
DELAUNAY,5.285714285714286
