index,0
BORDERLINE1,2.2142857142857144
SMOTE_SVM,3.2142857142857144
ORIGINAL,3.2857142857142856
SMOTE,3.9285714285714284
GEOMETRIC_SMOTE,4.285714285714286
BORDERLINE2,4.5
DELAUNAY,6.571428571428571
