index,0
SMOTE,2.857142857142857
BORDERLINE1,3.2142857142857144
BORDERLINE2,3.857142857142857
ORIGINAL,3.9285714285714284
SMOTE_SVM,4.0
GEOMETRIC_SMOTE,4.5
DELAUNAY,5.642857142857143
