index,0
BORDERLINE1,2.7142857142857144
GEOMETRIC_SMOTE,3.2857142857142856
SMOTE,3.857142857142857
DELAUNAY,3.9285714285714284
BORDERLINE2,4.214285714285714
SMOTE_SVM,4.285714285714286
ORIGINAL,5.714285714285714
