index,0
ORIGINAL,2.2857142857142856
BORDERLINE1,3.142857142857143
SMOTE,3.5
SMOTE_SVM,3.7857142857142856
GEOMETRIC_SMOTE,5.0
DELAUNAY,5.071428571428571
BORDERLINE2,5.214285714285714
