index,0
SMOTE,2.7142857142857144
DELAUNAY,2.857142857142857
BORDERLINE1,3.857142857142857
ORIGINAL,4.142857142857143
BORDERLINE2,4.285714285714286
SMOTE_SVM,4.357142857142857
GEOMETRIC_SMOTE,5.785714285714286
