index,0
ORIGINAL,2.7142857142857144
SMOTE,2.857142857142857
BORDERLINE1,2.857142857142857
SMOTE_SVM,3.857142857142857
BORDERLINE2,5.142857142857143
GEOMETRIC_SMOTE,5.285714285714286
DELAUNAY,5.285714285714286
