index,0
GEOMETRIC_SMOTE,3.5714285714285716
ORIGINAL,3.7142857142857144
SMOTE_SVM,3.7142857142857144
BORDERLINE1,3.7857142857142856
SMOTE,3.857142857142857
DELAUNAY,4.642857142857143
BORDERLINE2,4.714285714285714
