index,0
SMOTE_SVM,2.9285714285714284
GEOMETRIC_SMOTE,3.142857142857143
BORDERLINE2,3.5714285714285716
BORDERLINE1,3.7857142857142856
ORIGINAL,4.071428571428571
SMOTE,5.071428571428571
DELAUNAY,5.428571428571429
