index,0
SMOTE_SVM,3.4285714285714284
ORIGINAL,3.5
BORDERLINE1,3.5
GEOMETRIC_SMOTE,3.7142857142857144
SMOTE,3.7857142857142856
BORDERLINE2,4.714285714285714
DELAUNAY,5.357142857142857
