index,0
GEOMETRIC_SMOTE,2.4285714285714284
BORDERLINE2,3.5714285714285716
ORIGINAL,3.857142857142857
SMOTE_SVM,4.0
DELAUNAY,4.571428571428571
BORDERLINE1,4.642857142857143
SMOTE,4.928571428571429
