index,0
SMOTE,2.857142857142857
BORDERLINE1,3.2857142857142856
BORDERLINE2,4.0
ORIGINAL,4.071428571428571
SMOTE_SVM,4.071428571428571
GEOMETRIC_SMOTE,4.857142857142857
DELAUNAY,4.857142857142857
