index,0
GEOMETRIC_SMOTE,2.4285714285714284
SMOTE_SVM,3.7857142857142856
BORDERLINE2,3.857142857142857
ORIGINAL,3.9285714285714284
BORDERLINE1,4.571428571428571
DELAUNAY,4.642857142857143
SMOTE,4.785714285714286
