index,0
SMOTE,3.0
BORDERLINE1,3.0
BORDERLINE2,3.0
SMOTE_SVM,3.142857142857143
GEOMETRIC_SMOTE,3.4285714285714284
ORIGINAL,6.214285714285714
DELAUNAY,6.214285714285714
