index,0
BORDERLINE2,2.9285714285714284
SMOTE,3.0714285714285716
BORDERLINE1,3.5714285714285716
SMOTE_SVM,3.7142857142857144
DELAUNAY,4.357142857142857
ORIGINAL,4.714285714285714
GEOMETRIC_SMOTE,5.642857142857143
