index,0
SMOTE_SVM,3.0
BORDERLINE1,3.4285714285714284
BORDERLINE2,3.5714285714285716
GEOMETRIC_SMOTE,4.071428571428571
SMOTE,4.142857142857143
DELAUNAY,4.5
ORIGINAL,5.285714285714286
