index,0
GEOMETRIC_SMOTE,2.857142857142857
BORDERLINE2,3.5
SMOTE_SVM,3.642857142857143
BORDERLINE1,3.9285714285714284
ORIGINAL,4.357142857142857
SMOTE,4.857142857142857
DELAUNAY,4.857142857142857
