index,0
SMOTE,2.9285714285714284
BORDERLINE1,3.357142857142857
BORDERLINE2,3.9285714285714284
SMOTE_SVM,4.0
ORIGINAL,4.142857142857143
DELAUNAY,4.785714285714286
GEOMETRIC_SMOTE,4.857142857142857
