index,0
SMOTE_SVM,2.357142857142857
BORDERLINE1,2.7857142857142856
SMOTE,3.7857142857142856
GEOMETRIC_SMOTE,4.142857142857143
ORIGINAL,4.285714285714286
BORDERLINE2,5.285714285714286
DELAUNAY,5.357142857142857
