index,0
BORDERLINE1,3.142857142857143
SMOTE_SVM,3.5
SMOTE,3.642857142857143
ORIGINAL,4.0
BORDERLINE2,4.285714285714286
GEOMETRIC_SMOTE,4.5
DELAUNAY,4.928571428571429
