index,0
BORDERLINE1,2.7142857142857144
SMOTE,3.5
GEOMETRIC_SMOTE,3.5714285714285716
SMOTE_SVM,3.9285714285714284
BORDERLINE2,4.357142857142857
ORIGINAL,4.428571428571429
DELAUNAY,5.5
