index,0
GEOMETRIC_SMOTE,2.7142857142857144
ORIGINAL,3.857142857142857
SMOTE_SVM,3.857142857142857
DELAUNAY,3.857142857142857
BORDERLINE2,4.071428571428571
BORDERLINE1,4.714285714285714
SMOTE,4.928571428571429
