index,0
ORIGINAL,2.0
SMOTE,3.2857142857142856
BORDERLINE1,3.2857142857142856
SMOTE_SVM,3.5714285714285716
GEOMETRIC_SMOTE,4.785714285714286
BORDERLINE2,5.428571428571429
DELAUNAY,5.642857142857143
