index,0
BORDERLINE1,2.357142857142857
SMOTE_SVM,3.7857142857142856
DELAUNAY,3.857142857142857
SMOTE,4.285714285714286
BORDERLINE2,4.357142857142857
GEOMETRIC_SMOTE,4.428571428571429
ORIGINAL,4.928571428571429
