index,0
GEOMETRIC_SMOTE,2.5
ORIGINAL,3.7142857142857144
BORDERLINE2,3.7857142857142856
DELAUNAY,4.0
SMOTE_SVM,4.142857142857143
SMOTE,4.928571428571429
BORDERLINE1,4.928571428571429
