index,0
GEOMETRIC_SMOTE,3.0
BORDERLINE2,3.5
SMOTE_SVM,3.642857142857143
BORDERLINE1,3.9285714285714284
ORIGINAL,4.428571428571429
DELAUNAY,4.714285714285714
SMOTE,4.785714285714286
