index,0
SMOTE_SVM,2.5714285714285716
BORDERLINE1,3.5714285714285716
DELAUNAY,3.9285714285714284
GEOMETRIC_SMOTE,4.0
SMOTE,4.142857142857143
ORIGINAL,4.785714285714286
BORDERLINE2,5.0
