index,0
SMOTE_SVM,3.142857142857143
BORDERLINE1,3.357142857142857
BORDERLINE2,3.7142857142857144
SMOTE,4.0
GEOMETRIC_SMOTE,4.285714285714286
DELAUNAY,4.642857142857143
ORIGINAL,4.857142857142857
