index,0
BORDERLINE1,2.4285714285714284
GEOMETRIC_SMOTE,3.142857142857143
SMOTE,3.7142857142857144
BORDERLINE2,3.7857142857142856
SMOTE_SVM,4.0
DELAUNAY,5.357142857142857
ORIGINAL,5.571428571428571
