index,0
GEOMETRIC_SMOTE,2.9285714285714284
SMOTE_SVM,3.4285714285714284
BORDERLINE2,3.4285714285714284
BORDERLINE1,3.7142857142857144
ORIGINAL,4.357142857142857
SMOTE,4.714285714285714
DELAUNAY,5.428571428571429
