index,0
BORDERLINE1,2.142857142857143
SMOTE_SVM,3.142857142857143
ORIGINAL,4.214285714285714
BORDERLINE2,4.214285714285714
SMOTE,4.285714285714286
GEOMETRIC_SMOTE,4.428571428571429
DELAUNAY,5.571428571428571
