index,0
BORDERLINE1,2.4285714285714284
SMOTE_SVM,3.2857142857142856
ORIGINAL,4.285714285714286
SMOTE,4.357142857142857
BORDERLINE2,4.428571428571429
DELAUNAY,4.5
GEOMETRIC_SMOTE,4.714285714285714
