index,0
BORDERLINE2,2.9285714285714284
SMOTE,3.0
BORDERLINE1,3.2857142857142856
SMOTE_SVM,3.5
ORIGINAL,4.5
DELAUNAY,5.214285714285714
GEOMETRIC_SMOTE,5.571428571428571
