index,0
GEOMETRIC_SMOTE,3.2857142857142856
SMOTE_SVM,3.7142857142857144
ORIGINAL,3.857142857142857
BORDERLINE2,3.857142857142857
SMOTE,4.214285714285714
BORDERLINE1,4.5
DELAUNAY,4.571428571428571
