index,0
SMOTE,3.0
BORDERLINE1,3.5
DELAUNAY,3.7142857142857144
ORIGINAL,4.214285714285714
SMOTE_SVM,4.285714285714286
BORDERLINE2,4.357142857142857
GEOMETRIC_SMOTE,4.928571428571429
