index,0
ORIGINAL,2.857142857142857
SMOTE,3.0
BORDERLINE1,3.142857142857143
SMOTE_SVM,4.142857142857143
DELAUNAY,4.142857142857143
BORDERLINE2,5.142857142857143
GEOMETRIC_SMOTE,5.571428571428571
