index,0
BORDERLINE2,3.0714285714285716
SMOTE,3.142857142857143
SMOTE_SVM,3.7142857142857144
BORDERLINE1,3.7142857142857144
DELAUNAY,4.0
ORIGINAL,4.714285714285714
GEOMETRIC_SMOTE,5.642857142857143
