index,0
SMOTE,3.0
BORDERLINE1,3.642857142857143
BORDERLINE2,3.9285714285714284
DELAUNAY,4.0
ORIGINAL,4.071428571428571
SMOTE_SVM,4.285714285714286
GEOMETRIC_SMOTE,5.071428571428571
