index,0
SMOTE,3.0
DELAUNAY,3.0
SMOTE_SVM,3.4285714285714284
GEOMETRIC_SMOTE,3.4285714285714284
BORDERLINE2,4.5
BORDERLINE1,4.857142857142857
ORIGINAL,5.785714285714286
