index,0
SMOTE,2.9285714285714284
BORDERLINE1,3.7142857142857144
DELAUNAY,3.7142857142857144
BORDERLINE2,4.0
ORIGINAL,4.214285714285714
SMOTE_SVM,4.357142857142857
GEOMETRIC_SMOTE,5.071428571428571
