index,0
SMOTE_SVM,2.7857142857142856
BORDERLINE1,3.2857142857142856
BORDERLINE2,3.2857142857142856
SMOTE,4.0
GEOMETRIC_SMOTE,4.071428571428571
ORIGINAL,5.0
DELAUNAY,5.571428571428571
