index,0
SMOTE_SVM,2.9285714285714284
BORDERLINE2,2.9285714285714284
GEOMETRIC_SMOTE,2.9285714285714284
SMOTE,3.4285714285714284
BORDERLINE1,3.5714285714285716
DELAUNAY,5.785714285714286
ORIGINAL,6.428571428571429
