index,0
SMOTE_SVM,2.5714285714285716
BORDERLINE1,3.2142857142857144
DELAUNAY,4.142857142857143
SMOTE,4.214285714285714
GEOMETRIC_SMOTE,4.214285714285714
BORDERLINE2,4.5
ORIGINAL,5.142857142857143
