index,0
ORIGINAL,2.7857142857142856
BORDERLINE1,3.0
SMOTE,3.142857142857143
SMOTE_SVM,4.071428571428571
DELAUNAY,4.357142857142857
BORDERLINE2,5.142857142857143
GEOMETRIC_SMOTE,5.5
