index,0
BORDERLINE1,3.0
SMOTE,3.142857142857143
GEOMETRIC_SMOTE,3.357142857142857
SMOTE_SVM,3.5
BORDERLINE2,4.285714285714286
ORIGINAL,4.714285714285714
DELAUNAY,6.0
