index,0
DELAUNAY,2.7142857142857144
BORDERLINE2,3.4285714285714284
GEOMETRIC_SMOTE,3.5
SMOTE_SVM,4.214285714285714
BORDERLINE1,4.214285714285714
SMOTE,4.285714285714286
ORIGINAL,5.642857142857143
