index,0
DELAUNAY,2.2142857142857144
GEOMETRIC_SMOTE,3.2857142857142856
BORDERLINE1,3.642857142857143
SMOTE,3.857142857142857
SMOTE_SVM,4.071428571428571
BORDERLINE2,4.714285714285714
ORIGINAL,6.214285714285714
