index,0
SMOTE,2.9285714285714284
BORDERLINE2,3.0
BORDERLINE1,3.357142857142857
SMOTE_SVM,3.642857142857143
ORIGINAL,4.642857142857143
DELAUNAY,4.857142857142857
GEOMETRIC_SMOTE,5.571428571428571
