index,0
BORDERLINE1,2.2857142857142856
SMOTE_SVM,3.357142857142857
ORIGINAL,3.5
SMOTE,4.0
GEOMETRIC_SMOTE,4.5
BORDERLINE2,4.714285714285714
DELAUNAY,5.642857142857143
