index,0
SMOTE_SVM,1.9285714285714286
ORIGINAL,3.2857142857142856
BORDERLINE1,4.0
GEOMETRIC_SMOTE,4.142857142857143
SMOTE,4.5
BORDERLINE2,4.714285714285714
DELAUNAY,5.428571428571429
