index,0
GEOMETRIC_SMOTE,2.5
BORDERLINE1,2.7142857142857144
BORDERLINE2,3.2142857142857144
SMOTE,3.9285714285714284
SMOTE_SVM,4.142857142857143
DELAUNAY,5.142857142857143
ORIGINAL,6.357142857142857
