index,0
SMOTE_SVM,2.5714285714285716
BORDERLINE1,3.0
SMOTE,3.5714285714285716
GEOMETRIC_SMOTE,4.142857142857143
ORIGINAL,4.785714285714286
DELAUNAY,4.928571428571429
BORDERLINE2,5.0
