index,0
BORDERLINE1,3.0714285714285716
ORIGINAL,3.357142857142857
SMOTE,3.5714285714285716
SMOTE_SVM,3.642857142857143
GEOMETRIC_SMOTE,4.071428571428571
BORDERLINE2,4.714285714285714
DELAUNAY,5.571428571428571
