index,0
BORDERLINE1,2.4285714285714284
GEOMETRIC_SMOTE,3.5
SMOTE,3.857142857142857
BORDERLINE2,3.857142857142857
SMOTE_SVM,4.142857142857143
DELAUNAY,4.5
ORIGINAL,5.714285714285714
