index,0
BORDERLINE1,2.0714285714285716
SMOTE_SVM,3.0714285714285716
BORDERLINE2,4.142857142857143
ORIGINAL,4.214285714285714
SMOTE,4.214285714285714
GEOMETRIC_SMOTE,4.714285714285714
DELAUNAY,5.571428571428571
