index,0
SMOTE_SVM,2.357142857142857
BORDERLINE1,2.7857142857142856
GEOMETRIC_SMOTE,3.642857142857143
ORIGINAL,3.7857142857142856
SMOTE,3.857142857142857
BORDERLINE2,5.214285714285714
DELAUNAY,6.357142857142857
