index,0
GEOMETRIC_SMOTE,2.357142857142857
BORDERLINE2,3.642857142857143
ORIGINAL,3.7142857142857144
DELAUNAY,4.142857142857143
SMOTE_SVM,4.285714285714286
BORDERLINE1,4.785714285714286
SMOTE,5.071428571428571
