index,0
BORDERLINE1,2.4285714285714284
GEOMETRIC_SMOTE,3.2857142857142856
SMOTE,3.7142857142857144
BORDERLINE2,3.7142857142857144
SMOTE_SVM,4.285714285714286
DELAUNAY,4.928571428571429
ORIGINAL,5.642857142857143
