index,0
SMOTE_SVM,3.2142857142857144
BORDERLINE1,3.2857142857142856
BORDERLINE2,3.7142857142857144
SMOTE,3.857142857142857
GEOMETRIC_SMOTE,4.285714285714286
DELAUNAY,4.785714285714286
ORIGINAL,4.857142857142857
