index,0
BORDERLINE2,2.7142857142857144
BORDERLINE1,3.0
SMOTE,3.5
DELAUNAY,3.7142857142857144
GEOMETRIC_SMOTE,3.857142857142857
SMOTE_SVM,4.214285714285714
ORIGINAL,7.0
