index,0
GEOMETRIC_SMOTE,2.9285714285714284
BORDERLINE1,3.4285714285714284
SMOTE,3.5714285714285716
DELAUNAY,3.5714285714285716
SMOTE_SVM,3.7142857142857144
BORDERLINE2,4.571428571428571
ORIGINAL,6.214285714285714
