index,0
DELAUNAY,3.142857142857143
SMOTE_SVM,3.642857142857143
GEOMETRIC_SMOTE,3.7142857142857144
BORDERLINE1,4.071428571428571
ORIGINAL,4.214285714285714
BORDERLINE2,4.428571428571429
SMOTE,4.785714285714286
