index,0
SMOTE_SVM,2.5714285714285716
BORDERLINE1,3.7142857142857144
GEOMETRIC_SMOTE,4.0
SMOTE,4.142857142857143
DELAUNAY,4.142857142857143
ORIGINAL,4.571428571428571
BORDERLINE2,4.857142857142857
