index,0
SMOTE_SVM,2.357142857142857
BORDERLINE1,3.357142857142857
SMOTE,3.7142857142857144
GEOMETRIC_SMOTE,3.7142857142857144
BORDERLINE2,4.714285714285714
ORIGINAL,4.785714285714286
DELAUNAY,5.357142857142857
