index,0
ORIGINAL,3.0714285714285716
DELAUNAY,3.142857142857143
SMOTE,3.5714285714285716
BORDERLINE1,3.7142857142857144
SMOTE_SVM,3.9285714285714284
BORDERLINE2,5.071428571428571
GEOMETRIC_SMOTE,5.5
