index,0
BORDERLINE1,2.7142857142857144
SMOTE,3.357142857142857
GEOMETRIC_SMOTE,3.5714285714285716
SMOTE_SVM,4.0
BORDERLINE2,4.142857142857143
ORIGINAL,4.285714285714286
DELAUNAY,5.928571428571429
