index,0
SMOTE,2.7857142857142856
BORDERLINE1,3.357142857142857
SMOTE_SVM,3.9285714285714284
BORDERLINE2,3.9285714285714284
ORIGINAL,4.0
GEOMETRIC_SMOTE,4.785714285714286
DELAUNAY,5.214285714285714
