index,0
DELAUNAY,3.2857142857142856
GEOMETRIC_SMOTE,3.4285714285714284
SMOTE_SVM,3.857142857142857
BORDERLINE2,4.071428571428571
ORIGINAL,4.142857142857143
SMOTE,4.428571428571429
BORDERLINE1,4.785714285714286
