index,0
SMOTE_SVM,3.0714285714285716
GEOMETRIC_SMOTE,3.142857142857143
BORDERLINE2,3.7142857142857144
BORDERLINE1,4.0
ORIGINAL,4.285714285714286
DELAUNAY,4.714285714285714
SMOTE,5.071428571428571
