index,0
BORDERLINE1,2.7142857142857144
SMOTE,3.5
GEOMETRIC_SMOTE,3.5714285714285716
SMOTE_SVM,4.0
ORIGINAL,4.285714285714286
BORDERLINE2,4.5
DELAUNAY,5.428571428571429
