index,0
SMOTE_SVM,2.642857142857143
SMOTE,3.0714285714285716
BORDERLINE1,3.4285714285714284
BORDERLINE2,4.0
DELAUNAY,4.357142857142857
GEOMETRIC_SMOTE,4.928571428571429
ORIGINAL,5.571428571428571
