index,0
BORDERLINE1,3.2857142857142856
SMOTE_SVM,3.5714285714285716
SMOTE,3.7142857142857144
ORIGINAL,4.071428571428571
BORDERLINE2,4.285714285714286
GEOMETRIC_SMOTE,4.357142857142857
DELAUNAY,4.714285714285714
