index,0
GEOMETRIC_SMOTE,2.7857142857142856
SMOTE_SVM,3.5714285714285716
BORDERLINE2,3.7857142857142856
BORDERLINE1,3.9285714285714284
DELAUNAY,4.428571428571429
ORIGINAL,4.642857142857143
SMOTE,4.857142857142857
