index,0
GEOMETRIC_SMOTE,2.857142857142857
BORDERLINE2,3.5
SMOTE_SVM,3.642857142857143
BORDERLINE1,3.7857142857142856
ORIGINAL,4.428571428571429
DELAUNAY,4.857142857142857
SMOTE,4.928571428571429
