index,0
SMOTE,3.0714285714285716
DELAUNAY,3.357142857142857
BORDERLINE1,3.642857142857143
SMOTE_SVM,4.285714285714286
ORIGINAL,4.357142857142857
BORDERLINE2,4.357142857142857
GEOMETRIC_SMOTE,4.928571428571429
