index,0
BORDERLINE1,2.142857142857143
SMOTE_SVM,3.642857142857143
SMOTE,3.9285714285714284
GEOMETRIC_SMOTE,4.0
BORDERLINE2,4.071428571428571
ORIGINAL,4.785714285714286
DELAUNAY,5.428571428571429
