index,0
SMOTE_SVM,2.357142857142857
BORDERLINE1,2.7857142857142856
SMOTE,3.7142857142857144
GEOMETRIC_SMOTE,3.857142857142857
ORIGINAL,4.714285714285714
BORDERLINE2,4.928571428571429
DELAUNAY,5.642857142857143
