index,0
SMOTE,2.857142857142857
BORDERLINE1,3.2857142857142856
ORIGINAL,3.9285714285714284
SMOTE_SVM,3.9285714285714284
BORDERLINE2,3.9285714285714284
GEOMETRIC_SMOTE,4.642857142857143
DELAUNAY,5.428571428571429
