index,0
BORDERLINE2,3.0714285714285716
SMOTE,3.2857142857142856
BORDERLINE1,3.7142857142857144
DELAUNAY,3.7857142857142856
SMOTE_SVM,3.857142857142857
ORIGINAL,4.642857142857143
GEOMETRIC_SMOTE,5.642857142857143
