index,0
BORDERLINE1,2.7142857142857144
SMOTE,3.357142857142857
GEOMETRIC_SMOTE,3.7142857142857144
SMOTE_SVM,3.857142857142857
ORIGINAL,4.142857142857143
BORDERLINE2,4.214285714285714
DELAUNAY,6.0
