index,0
BORDERLINE1,3.142857142857143
SMOTE_SVM,3.5714285714285716
SMOTE,3.7142857142857144
ORIGINAL,3.9285714285714284
BORDERLINE2,4.214285714285714
GEOMETRIC_SMOTE,4.571428571428571
DELAUNAY,4.857142857142857
