index,0
SMOTE_SVM,2.357142857142857
BORDERLINE1,3.5714285714285716
GEOMETRIC_SMOTE,3.7142857142857144
SMOTE,4.0
ORIGINAL,4.428571428571429
BORDERLINE2,4.714285714285714
DELAUNAY,5.214285714285714
