index,0
GEOMETRIC_SMOTE,2.7857142857142856
SMOTE_SVM,3.642857142857143
BORDERLINE2,3.7857142857142856
BORDERLINE1,3.857142857142857
ORIGINAL,4.5
DELAUNAY,4.571428571428571
SMOTE,4.857142857142857
