index,0
GEOMETRIC_SMOTE,2.357142857142857
BORDERLINE2,3.7142857142857144
ORIGINAL,3.857142857142857
DELAUNAY,4.071428571428571
SMOTE_SVM,4.142857142857143
SMOTE,4.928571428571429
BORDERLINE1,4.928571428571429
