index,0
GEOMETRIC_SMOTE,2.7857142857142856
SMOTE_SVM,3.2857142857142856
BORDERLINE1,3.642857142857143
BORDERLINE2,3.7142857142857144
ORIGINAL,4.428571428571429
SMOTE,4.642857142857143
DELAUNAY,5.5
