index,0
SMOTE_SVM,2.5714285714285716
BORDERLINE1,2.9285714285714284
GEOMETRIC_SMOTE,3.9285714285714284
ORIGINAL,4.0
SMOTE,4.0
DELAUNAY,5.0
BORDERLINE2,5.571428571428571
