index,0
ORIGINAL,2.2142857142857144
BORDERLINE1,3.142857142857143
SMOTE,3.5714285714285716
SMOTE_SVM,3.642857142857143
DELAUNAY,4.857142857142857
GEOMETRIC_SMOTE,5.0
BORDERLINE2,5.571428571428571
