index,0
BORDERLINE2,3.0
SMOTE,3.2857142857142856
BORDERLINE1,3.5714285714285716
SMOTE_SVM,3.857142857142857
DELAUNAY,4.071428571428571
ORIGINAL,4.642857142857143
GEOMETRIC_SMOTE,5.571428571428571
