index,0
SMOTE_SVM,2.357142857142857
BORDERLINE1,2.7857142857142856
SMOTE,3.857142857142857
GEOMETRIC_SMOTE,4.071428571428571
ORIGINAL,4.285714285714286
DELAUNAY,5.142857142857143
BORDERLINE2,5.5
