index,0
SMOTE_SVM,2.9285714285714284
BORDERLINE1,2.9285714285714284
SMOTE,3.2857142857142856
GEOMETRIC_SMOTE,3.4285714285714284
BORDERLINE2,3.857142857142857
ORIGINAL,5.642857142857143
DELAUNAY,5.928571428571429
