index,0
BORDERLINE2,3.0714285714285716
GEOMETRIC_SMOTE,3.357142857142857
BORDERLINE1,3.9285714285714284
DELAUNAY,3.9285714285714284
SMOTE_SVM,4.071428571428571
SMOTE,4.142857142857143
ORIGINAL,5.5
