index,0
SMOTE,2.7142857142857144
BORDERLINE1,3.2142857142857144
ORIGINAL,3.9285714285714284
SMOTE_SVM,4.0
BORDERLINE2,4.071428571428571
GEOMETRIC_SMOTE,4.928571428571429
DELAUNAY,5.142857142857143
