index,0
DELAUNAY,3.2142857142857144
BORDERLINE2,3.357142857142857
GEOMETRIC_SMOTE,3.4285714285714284
BORDERLINE1,4.071428571428571
SMOTE,4.142857142857143
SMOTE_SVM,4.142857142857143
ORIGINAL,5.642857142857143
