index,0
SMOTE_SVM,3.142857142857143
BORDERLINE1,3.357142857142857
BORDERLINE2,3.642857142857143
SMOTE,4.285714285714286
GEOMETRIC_SMOTE,4.285714285714286
DELAUNAY,4.357142857142857
ORIGINAL,4.928571428571429
