index,0
GEOMETRIC_SMOTE,2.7142857142857144
DELAUNAY,2.7142857142857144
BORDERLINE1,3.2142857142857144
BORDERLINE2,3.7857142857142856
SMOTE,4.357142857142857
SMOTE_SVM,4.714285714285714
ORIGINAL,6.5
