index,0
DELAUNAY,2.2857142857142856
SMOTE,2.9285714285714284
BORDERLINE1,3.857142857142857
ORIGINAL,4.142857142857143
BORDERLINE2,4.357142857142857
SMOTE_SVM,4.428571428571429
GEOMETRIC_SMOTE,6.0
