index,0
GEOMETRIC_SMOTE,2.642857142857143
BORDERLINE1,3.142857142857143
DELAUNAY,3.357142857142857
BORDERLINE2,3.642857142857143
SMOTE,4.214285714285714
SMOTE_SVM,4.5
ORIGINAL,6.5
