index,0
GEOMETRIC_SMOTE,2.4285714285714284
ORIGINAL,3.5714285714285716
BORDERLINE2,3.642857142857143
SMOTE_SVM,4.0
BORDERLINE1,4.642857142857143
SMOTE,4.785714285714286
DELAUNAY,4.928571428571429
