index,0
SMOTE_SVM,3.2857142857142856
GEOMETRIC_SMOTE,3.4285714285714284
BORDERLINE2,3.642857142857143
DELAUNAY,4.071428571428571
BORDERLINE1,4.142857142857143
ORIGINAL,4.357142857142857
SMOTE,5.071428571428571
