index,0
BORDERLINE1,2.2857142857142856
SMOTE_SVM,3.142857142857143
ORIGINAL,4.142857142857143
SMOTE,4.214285714285714
BORDERLINE2,4.5
GEOMETRIC_SMOTE,4.642857142857143
DELAUNAY,5.071428571428571
