index,0
GEOMETRIC_SMOTE,3.357142857142857
SMOTE_SVM,3.642857142857143
ORIGINAL,3.9285714285714284
BORDERLINE2,3.9285714285714284
SMOTE,4.285714285714286
BORDERLINE1,4.428571428571429
DELAUNAY,4.428571428571429
