index,0
SMOTE_SVM,2.4285714285714284
ORIGINAL,3.7142857142857144
BORDERLINE1,3.857142857142857
BORDERLINE2,4.357142857142857
SMOTE,4.428571428571429
DELAUNAY,4.571428571428571
GEOMETRIC_SMOTE,4.642857142857143
