index,0
SMOTE_SVM,1.9285714285714286
ORIGINAL,3.5
BORDERLINE1,3.7857142857142856
GEOMETRIC_SMOTE,3.7857142857142856
SMOTE,4.142857142857143
BORDERLINE2,4.428571428571429
DELAUNAY,6.428571428571429
