index,0
ORIGINAL,2.857142857142857
SMOTE,3.142857142857143
BORDERLINE1,3.142857142857143
SMOTE_SVM,4.0
DELAUNAY,4.5
BORDERLINE2,5.071428571428571
GEOMETRIC_SMOTE,5.285714285714286
