index,0
BORDERLINE1,2.357142857142857
SMOTE_SVM,3.5
ORIGINAL,3.5714285714285716
SMOTE,4.142857142857143
GEOMETRIC_SMOTE,4.428571428571429
BORDERLINE2,4.785714285714286
DELAUNAY,5.214285714285714
