index,0
SMOTE_SVM,2.357142857142857
BORDERLINE1,2.642857142857143
SMOTE,4.0
ORIGINAL,4.142857142857143
GEOMETRIC_SMOTE,4.142857142857143
BORDERLINE2,5.357142857142857
DELAUNAY,5.357142857142857
