index,0
BORDERLINE1,3.2857142857142856
SMOTE_SVM,3.7142857142857144
SMOTE,3.7857142857142856
ORIGINAL,4.0
BORDERLINE2,4.214285714285714
DELAUNAY,4.428571428571429
GEOMETRIC_SMOTE,4.571428571428571
