index,0
SMOTE_SVM,3.2142857142857144
GEOMETRIC_SMOTE,3.2857142857142856
BORDERLINE2,3.9285714285714284
DELAUNAY,3.9285714285714284
BORDERLINE1,4.0
ORIGINAL,4.428571428571429
SMOTE,5.214285714285714
