index,0
SMOTE_SVM,2.357142857142857
BORDERLINE1,2.9285714285714284
SMOTE,3.5714285714285716
ORIGINAL,3.857142857142857
GEOMETRIC_SMOTE,3.9285714285714284
BORDERLINE2,5.428571428571429
DELAUNAY,5.928571428571429
