index,0
BORDERLINE1,2.357142857142857
SMOTE,3.5714285714285716
GEOMETRIC_SMOTE,3.642857142857143
BORDERLINE2,4.0
SMOTE_SVM,4.142857142857143
DELAUNAY,4.5
ORIGINAL,5.785714285714286
