index,0
BORDERLINE2,3.2142857142857144
GEOMETRIC_SMOTE,3.2857142857142856
SMOTE,4.0
SMOTE_SVM,4.0
BORDERLINE1,4.0
DELAUNAY,4.142857142857143
ORIGINAL,5.357142857142857
