index,0
SMOTE,3.142857142857143
BORDERLINE2,3.142857142857143
BORDERLINE1,3.2142857142857144
SMOTE_SVM,3.4285714285714284
GEOMETRIC_SMOTE,3.7142857142857144
DELAUNAY,5.142857142857143
ORIGINAL,6.214285714285714
