index,0
GEOMETRIC_SMOTE,3.357142857142857
SMOTE_SVM,3.7142857142857144
ORIGINAL,4.0
BORDERLINE2,4.0
DELAUNAY,4.071428571428571
SMOTE,4.357142857142857
BORDERLINE1,4.5
