index,0
SMOTE,2.4285714285714284
DELAUNAY,3.2857142857142856
BORDERLINE1,3.7857142857142856
ORIGINAL,4.142857142857143
BORDERLINE2,4.142857142857143
SMOTE_SVM,4.357142857142857
GEOMETRIC_SMOTE,5.857142857142857
