index,0
SMOTE,2.9285714285714284
BORDERLINE1,3.5
BORDERLINE2,3.7857142857142856
ORIGINAL,4.0
SMOTE_SVM,4.142857142857143
DELAUNAY,4.642857142857143
GEOMETRIC_SMOTE,5.0
