index,0
ORIGINAL,3.0
SMOTE,3.2857142857142856
BORDERLINE1,3.2857142857142856
DELAUNAY,3.2857142857142856
SMOTE_SVM,4.285714285714286
BORDERLINE2,5.285714285714286
GEOMETRIC_SMOTE,5.571428571428571
