index,0
GEOMETRIC_SMOTE,3.357142857142857
SMOTE_SVM,3.857142857142857
BORDERLINE2,3.857142857142857
DELAUNAY,3.9285714285714284
ORIGINAL,4.0
SMOTE,4.428571428571429
BORDERLINE1,4.571428571428571
