index,0
GEOMETRIC_SMOTE,2.5714285714285716
ORIGINAL,3.7857142857142856
SMOTE_SVM,3.7857142857142856
BORDERLINE2,3.9285714285714284
BORDERLINE1,4.571428571428571
DELAUNAY,4.571428571428571
SMOTE,4.785714285714286
