index,0
DELAUNAY,2.857142857142857
ORIGINAL,3.0714285714285716
BORDERLINE1,3.4285714285714284
SMOTE,3.7142857142857144
SMOTE_SVM,4.142857142857143
BORDERLINE2,5.071428571428571
GEOMETRIC_SMOTE,5.714285714285714
