index,0
SMOTE,3.142857142857143
BORDERLINE2,3.142857142857143
SMOTE_SVM,3.2857142857142856
BORDERLINE1,3.2857142857142856
GEOMETRIC_SMOTE,3.5
DELAUNAY,5.428571428571429
ORIGINAL,6.214285714285714
