index,0
BORDERLINE1,2.857142857142857
SMOTE_SVM,3.5
SMOTE,3.642857142857143
ORIGINAL,3.857142857142857
BORDERLINE2,4.0
GEOMETRIC_SMOTE,4.071428571428571
DELAUNAY,6.071428571428571
