index,0
BORDERLINE2,2.7857142857142856
BORDERLINE1,2.9285714285714284
SMOTE,3.357142857142857
GEOMETRIC_SMOTE,3.7142857142857144
SMOTE_SVM,4.0
DELAUNAY,4.285714285714286
ORIGINAL,6.928571428571429
