index,0
BORDERLINE2,2.9285714285714284
SMOTE,3.0
BORDERLINE1,3.4285714285714284
SMOTE_SVM,3.7142857142857144
ORIGINAL,4.571428571428571
DELAUNAY,4.785714285714286
GEOMETRIC_SMOTE,5.571428571428571
