index,0
ORIGINAL,2.5714285714285716
SMOTE,3.2857142857142856
BORDERLINE1,3.5
SMOTE_SVM,3.7142857142857144
DELAUNAY,4.5
BORDERLINE2,5.0
GEOMETRIC_SMOTE,5.428571428571429
