index,0
BORDERLINE1,2.357142857142857
SMOTE_SVM,3.2857142857142856
ORIGINAL,3.5
SMOTE,4.0
GEOMETRIC_SMOTE,4.428571428571429
BORDERLINE2,4.714285714285714
DELAUNAY,5.714285714285714
