index,0
DELAUNAY,2.0714285714285716
SMOTE,2.9285714285714284
BORDERLINE1,3.9285714285714284
ORIGINAL,4.071428571428571
SMOTE_SVM,4.5
BORDERLINE2,4.5
GEOMETRIC_SMOTE,6.0
