index,0
ORIGINAL,2.2142857142857144
BORDERLINE1,3.142857142857143
SMOTE,3.642857142857143
SMOTE_SVM,3.7142857142857144
DELAUNAY,5.0
GEOMETRIC_SMOTE,5.071428571428571
BORDERLINE2,5.214285714285714
