index,0
SMOTE_SVM,2.2857142857142856
BORDERLINE1,2.5
SMOTE,3.7142857142857144
ORIGINAL,4.0
GEOMETRIC_SMOTE,4.0
BORDERLINE2,5.071428571428571
DELAUNAY,6.428571428571429
