index,0
GEOMETRIC_SMOTE,2.5
BORDERLINE2,3.5714285714285716
ORIGINAL,3.857142857142857
SMOTE_SVM,4.142857142857143
DELAUNAY,4.214285714285714
BORDERLINE1,4.785714285714286
SMOTE,4.928571428571429
