index,0
ORIGINAL,3.4285714285714284
BORDERLINE1,3.4285714285714284
SMOTE_SVM,3.5
GEOMETRIC_SMOTE,3.5714285714285716
SMOTE,3.7142857142857144
BORDERLINE2,4.642857142857143
DELAUNAY,5.714285714285714
