index,0
GEOMETRIC_SMOTE,2.9285714285714284
SMOTE_SVM,3.4285714285714284
BORDERLINE1,3.7857142857142856
BORDERLINE2,3.9285714285714284
ORIGINAL,4.5
SMOTE,4.714285714285714
DELAUNAY,4.714285714285714
