index,0
BORDERLINE1,2.142857142857143
SMOTE_SVM,3.642857142857143
GEOMETRIC_SMOTE,3.9285714285714284
SMOTE,4.071428571428571
BORDERLINE2,4.071428571428571
ORIGINAL,4.928571428571429
DELAUNAY,5.214285714285714
