index,0
SMOTE,2.857142857142857
BORDERLINE1,3.357142857142857
ORIGINAL,3.9285714285714284
BORDERLINE2,3.9285714285714284
SMOTE_SVM,4.0
GEOMETRIC_SMOTE,4.714285714285714
DELAUNAY,5.214285714285714
