index,0
BORDERLINE1,2.9285714285714284
ORIGINAL,3.5
SMOTE,3.642857142857143
SMOTE_SVM,3.642857142857143
GEOMETRIC_SMOTE,3.857142857142857
BORDERLINE2,4.714285714285714
DELAUNAY,5.714285714285714
