index,0
SMOTE_SVM,3.0
BORDERLINE1,3.357142857142857
BORDERLINE2,3.5
GEOMETRIC_SMOTE,4.214285714285714
SMOTE,4.285714285714286
DELAUNAY,4.428571428571429
ORIGINAL,5.214285714285714
