index,0
GEOMETRIC_SMOTE,3.142857142857143
SMOTE_SVM,3.642857142857143
BORDERLINE2,3.7857142857142856
BORDERLINE1,3.9285714285714284
ORIGINAL,4.357142857142857
DELAUNAY,4.357142857142857
SMOTE,4.785714285714286
