index,0
SMOTE_SVM,3.0
BORDERLINE1,3.357142857142857
BORDERLINE2,3.7857142857142856
SMOTE,4.142857142857143
GEOMETRIC_SMOTE,4.214285714285714
DELAUNAY,4.428571428571429
ORIGINAL,5.071428571428571
