index,0
SMOTE_SVM,2.642857142857143
SMOTE,3.5714285714285716
BORDERLINE1,3.642857142857143
BORDERLINE2,4.214285714285714
GEOMETRIC_SMOTE,4.357142857142857
DELAUNAY,4.642857142857143
ORIGINAL,4.928571428571429
