index,0
SMOTE_SVM,2.857142857142857
BORDERLINE1,2.857142857142857
SMOTE,3.2142857142857144
GEOMETRIC_SMOTE,3.5
BORDERLINE2,3.857142857142857
ORIGINAL,5.642857142857143
DELAUNAY,6.071428571428571
