index,0
SMOTE_SVM,2.5
BORDERLINE1,3.5714285714285716
GEOMETRIC_SMOTE,3.857142857142857
SMOTE,4.142857142857143
ORIGINAL,4.285714285714286
DELAUNAY,4.714285714285714
BORDERLINE2,4.928571428571429
