index,0
BORDERLINE2,3.0714285714285716
SMOTE,3.2142857142857144
BORDERLINE1,3.642857142857143
DELAUNAY,3.7142857142857144
SMOTE_SVM,3.857142857142857
ORIGINAL,4.714285714285714
GEOMETRIC_SMOTE,5.785714285714286
