index,0
BORDERLINE2,2.857142857142857
SMOTE,3.142857142857143
BORDERLINE1,3.357142857142857
SMOTE_SVM,3.5
ORIGINAL,4.571428571428571
DELAUNAY,5.0
GEOMETRIC_SMOTE,5.571428571428571
