index,0
GEOMETRIC_SMOTE,2.857142857142857
BORDERLINE1,3.5714285714285716
SMOTE,3.642857142857143
DELAUNAY,3.7142857142857144
SMOTE_SVM,3.7857142857142856
BORDERLINE2,4.285714285714286
ORIGINAL,6.142857142857143
