index,0
SMOTE_SVM,2.857142857142857
SMOTE,3.357142857142857
GEOMETRIC_SMOTE,3.5714285714285716
DELAUNAY,3.9285714285714284
BORDERLINE2,4.5
ORIGINAL,4.857142857142857
BORDERLINE1,4.928571428571429
