index,0
ORIGINAL,3.0
BORDERLINE1,3.357142857142857
SMOTE,3.4285714285714284
DELAUNAY,3.5
SMOTE_SVM,4.0
BORDERLINE2,5.142857142857143
GEOMETRIC_SMOTE,5.571428571428571
