index,0
SMOTE_SVM,2.0714285714285716
ORIGINAL,3.642857142857143
BORDERLINE1,4.071428571428571
GEOMETRIC_SMOTE,4.071428571428571
SMOTE,4.357142857142857
BORDERLINE2,4.571428571428571
DELAUNAY,5.214285714285714
