index,0
SMOTE,2.7857142857142856
SMOTE_SVM,2.857142857142857
GEOMETRIC_SMOTE,3.0
DELAUNAY,3.7142857142857144
BORDERLINE1,4.357142857142857
BORDERLINE2,4.785714285714286
ORIGINAL,6.5
