index,0
GEOMETRIC_SMOTE,3.142857142857143
SMOTE,3.5714285714285716
SMOTE_SVM,3.5714285714285716
BORDERLINE1,3.7857142857142856
BORDERLINE2,4.0
ORIGINAL,4.928571428571429
DELAUNAY,5.0
