index,0
SMOTE_SVM,2.5
SMOTE,3.2142857142857144
DELAUNAY,3.4285714285714284
GEOMETRIC_SMOTE,3.7857142857142856
ORIGINAL,4.928571428571429
BORDERLINE1,5.0
BORDERLINE2,5.142857142857143
