index,0
GEOMETRIC_SMOTE,2.357142857142857
BORDERLINE2,3.642857142857143
DELAUNAY,3.7857142857142856
ORIGINAL,3.857142857142857
SMOTE_SVM,4.285714285714286
BORDERLINE1,5.0
SMOTE,5.071428571428571
