index,0
DELAUNAY,2.857142857142857
SMOTE_SVM,3.0
SMOTE,3.357142857142857
BORDERLINE1,3.7857142857142856
BORDERLINE2,4.071428571428571
GEOMETRIC_SMOTE,5.285714285714286
ORIGINAL,5.642857142857143
