index,0
SMOTE_SVM,3.2857142857142856
BORDERLINE1,3.4285714285714284
BORDERLINE2,3.642857142857143
SMOTE,4.071428571428571
DELAUNAY,4.214285714285714
GEOMETRIC_SMOTE,4.428571428571429
ORIGINAL,4.928571428571429
