index,0
BORDERLINE2,2.9285714285714284
BORDERLINE1,3.0714285714285716
SMOTE,3.5
DELAUNAY,3.5
GEOMETRIC_SMOTE,3.7857142857142856
SMOTE_SVM,4.285714285714286
ORIGINAL,6.928571428571429
