index,0
SMOTE_SVM,2.2857142857142856
BORDERLINE1,3.2142857142857144
SMOTE,3.2857142857142856
BORDERLINE2,3.857142857142857
GEOMETRIC_SMOTE,4.071428571428571
ORIGINAL,4.714285714285714
DELAUNAY,6.571428571428571
