index,0
SMOTE,2.5714285714285716
SMOTE_SVM,2.7142857142857144
GEOMETRIC_SMOTE,3.142857142857143
DELAUNAY,4.071428571428571
BORDERLINE1,4.428571428571429
BORDERLINE2,4.571428571428571
ORIGINAL,6.5
