index,0
SMOTE_SVM,3.0714285714285716
GEOMETRIC_SMOTE,3.642857142857143
SMOTE,3.7142857142857144
DELAUNAY,3.7857142857142856
BORDERLINE1,4.142857142857143
BORDERLINE2,4.5
ORIGINAL,5.142857142857143
