index,0
SMOTE_SVM,2.4285714285714284
BORDERLINE1,2.857142857142857
SMOTE,3.7142857142857144
GEOMETRIC_SMOTE,3.7857142857142856
ORIGINAL,4.857142857142857
BORDERLINE2,5.142857142857143
DELAUNAY,5.214285714285714
