index,0
ORIGINAL,2.357142857142857
BORDERLINE1,3.142857142857143
SMOTE,3.642857142857143
SMOTE_SVM,3.642857142857143
DELAUNAY,4.642857142857143
GEOMETRIC_SMOTE,5.0
BORDERLINE2,5.571428571428571
