index,0
BORDERLINE1,2.2857142857142856
SMOTE_SVM,3.7142857142857144
SMOTE,4.071428571428571
BORDERLINE2,4.285714285714286
GEOMETRIC_SMOTE,4.285714285714286
DELAUNAY,4.5
ORIGINAL,4.857142857142857
