index,0
GEOMETRIC_SMOTE,2.857142857142857
BORDERLINE2,3.4285714285714284
SMOTE_SVM,3.5
BORDERLINE1,3.7142857142857144
ORIGINAL,4.214285714285714
SMOTE,4.714285714285714
DELAUNAY,5.571428571428571
