index,0
BORDERLINE2,2.642857142857143
SMOTE,2.857142857142857
SMOTE_SVM,3.2857142857142856
BORDERLINE1,3.2857142857142856
ORIGINAL,4.428571428571429
GEOMETRIC_SMOTE,5.428571428571429
DELAUNAY,6.071428571428571
