index,0
BORDERLINE1,3.142857142857143
SMOTE,3.7142857142857144
SMOTE_SVM,3.7142857142857144
ORIGINAL,3.9285714285714284
GEOMETRIC_SMOTE,4.214285714285714
BORDERLINE2,4.285714285714286
DELAUNAY,5.0
