index,0
SMOTE_SVM,2.357142857142857
BORDERLINE1,2.7142857142857144
SMOTE,3.5
GEOMETRIC_SMOTE,3.7857142857142856
ORIGINAL,4.571428571428571
BORDERLINE2,4.714285714285714
DELAUNAY,6.357142857142857
