index,0
DELAUNAY,2.9285714285714284
SMOTE,3.0
GEOMETRIC_SMOTE,3.2142857142857144
SMOTE_SVM,3.357142857142857
BORDERLINE1,4.285714285714286
BORDERLINE2,4.642857142857143
ORIGINAL,6.571428571428571
