index,0
BORDERLINE1,3.0
ORIGINAL,3.5
SMOTE,3.642857142857143
SMOTE_SVM,3.642857142857143
GEOMETRIC_SMOTE,4.285714285714286
BORDERLINE2,4.785714285714286
DELAUNAY,5.142857142857143
