index,0
SMOTE_SVM,2.857142857142857
SMOTE,2.9285714285714284
BORDERLINE1,3.4285714285714284
BORDERLINE2,3.9285714285714284
DELAUNAY,4.5
GEOMETRIC_SMOTE,4.785714285714286
ORIGINAL,5.571428571428571
