index,0
ORIGINAL,2.357142857142857
BORDERLINE1,3.2857142857142856
SMOTE,3.642857142857143
SMOTE_SVM,3.9285714285714284
DELAUNAY,4.285714285714286
GEOMETRIC_SMOTE,5.071428571428571
BORDERLINE2,5.428571428571429
