index,0
BORDERLINE1,2.357142857142857
SMOTE_SVM,3.7857142857142856
SMOTE,4.142857142857143
BORDERLINE2,4.214285714285714
GEOMETRIC_SMOTE,4.357142857142857
DELAUNAY,4.357142857142857
ORIGINAL,4.785714285714286
