index,0
SMOTE_SVM,2.2857142857142856
BORDERLINE1,3.4285714285714284
SMOTE,3.5714285714285716
BORDERLINE2,4.0
GEOMETRIC_SMOTE,4.285714285714286
ORIGINAL,4.928571428571429
DELAUNAY,5.5
