index,0
SMOTE_SVM,3.2142857142857144
BORDERLINE1,3.5
BORDERLINE2,3.5714285714285716
DELAUNAY,4.071428571428571
SMOTE,4.142857142857143
GEOMETRIC_SMOTE,4.5
ORIGINAL,5.0
