index,0
BORDERLINE1,2.0
SMOTE_SVM,3.5
BORDERLINE2,3.9285714285714284
SMOTE,4.0
GEOMETRIC_SMOTE,4.071428571428571
ORIGINAL,4.642857142857143
DELAUNAY,5.857142857142857
