index,0
BORDERLINE1,2.9285714285714284
ORIGINAL,3.5
SMOTE,3.642857142857143
SMOTE_SVM,3.642857142857143
GEOMETRIC_SMOTE,4.357142857142857
BORDERLINE2,4.642857142857143
DELAUNAY,5.285714285714286
