index,0
GEOMETRIC_SMOTE,3.357142857142857
DELAUNAY,3.7142857142857144
SMOTE_SVM,3.857142857142857
BORDERLINE2,3.857142857142857
ORIGINAL,4.0
SMOTE,4.5
BORDERLINE1,4.714285714285714
