index,0
SMOTE_SVM,2.642857142857143
BORDERLINE1,2.9285714285714284
DELAUNAY,3.7857142857142856
SMOTE,4.0
ORIGINAL,4.428571428571429
GEOMETRIC_SMOTE,4.428571428571429
BORDERLINE2,5.785714285714286
