index,0
BORDERLINE1,3.0
SMOTE,3.2857142857142856
SMOTE_SVM,3.357142857142857
GEOMETRIC_SMOTE,3.357142857142857
ORIGINAL,4.428571428571429
BORDERLINE2,4.571428571428571
DELAUNAY,6.0
