index,0
GEOMETRIC_SMOTE,2.4285714285714284
BORDERLINE2,3.7142857142857144
ORIGINAL,3.857142857142857
SMOTE_SVM,3.857142857142857
DELAUNAY,4.642857142857143
SMOTE,4.714285714285714
BORDERLINE1,4.785714285714286
