index,0
SMOTE_SVM,2.5714285714285716
ORIGINAL,3.7857142857142856
BORDERLINE1,3.9285714285714284
SMOTE,4.285714285714286
BORDERLINE2,4.357142857142857
DELAUNAY,4.5
GEOMETRIC_SMOTE,4.571428571428571
