index,0
ORIGINAL,2.857142857142857
BORDERLINE1,3.0
SMOTE,3.142857142857143
SMOTE_SVM,3.9285714285714284
DELAUNAY,4.357142857142857
BORDERLINE2,5.285714285714286
GEOMETRIC_SMOTE,5.428571428571429
