index,0
SMOTE_SVM,3.5714285714285716
GEOMETRIC_SMOTE,3.5714285714285716
ORIGINAL,3.9285714285714284
BORDERLINE1,3.9285714285714284
BORDERLINE2,4.285714285714286
DELAUNAY,4.285714285714286
SMOTE,4.428571428571429
