index,0
GEOMETRIC_SMOTE,3.0
BORDERLINE2,3.5714285714285716
SMOTE_SVM,3.642857142857143
BORDERLINE1,4.0
ORIGINAL,4.285714285714286
DELAUNAY,4.714285714285714
SMOTE,4.785714285714286
