index,0
BORDERLINE1,2.357142857142857
GEOMETRIC_SMOTE,3.5
SMOTE,3.5714285714285716
BORDERLINE2,3.7142857142857144
SMOTE_SVM,3.9285714285714284
ORIGINAL,5.428571428571429
DELAUNAY,5.5
