index,0
SMOTE,2.857142857142857
BORDERLINE1,3.4285714285714284
ORIGINAL,4.071428571428571
SMOTE_SVM,4.142857142857143
BORDERLINE2,4.142857142857143
DELAUNAY,4.357142857142857
GEOMETRIC_SMOTE,5.0
