index,0
SMOTE,2.857142857142857
BORDERLINE1,3.2857142857142856
ORIGINAL,4.0
BORDERLINE2,4.0
SMOTE_SVM,4.071428571428571
GEOMETRIC_SMOTE,4.785714285714286
DELAUNAY,5.0
