index,0
BORDERLINE1,2.357142857142857
SMOTE_SVM,3.4285714285714284
ORIGINAL,3.642857142857143
SMOTE,4.071428571428571
GEOMETRIC_SMOTE,4.285714285714286
BORDERLINE2,4.714285714285714
DELAUNAY,5.5
