index,0
SMOTE_SVM,3.2857142857142856
BORDERLINE1,3.5
BORDERLINE2,3.7142857142857144
DELAUNAY,4.0
SMOTE,4.071428571428571
GEOMETRIC_SMOTE,4.428571428571429
ORIGINAL,5.0
