index,0
BORDERLINE2,3.357142857142857
SMOTE,3.5
BORDERLINE1,3.5
SMOTE_SVM,3.642857142857143
GEOMETRIC_SMOTE,3.7857142857142856
DELAUNAY,3.9285714285714284
ORIGINAL,6.285714285714286
