index,0
BORDERLINE1,2.5
GEOMETRIC_SMOTE,3.7857142857142856
SMOTE,3.857142857142857
BORDERLINE2,3.857142857142857
DELAUNAY,4.071428571428571
SMOTE_SVM,4.214285714285714
ORIGINAL,5.714285714285714
