index,0
BORDERLINE1,2.9285714285714284
ORIGINAL,3.357142857142857
SMOTE_SVM,3.5
SMOTE,3.5714285714285716
GEOMETRIC_SMOTE,4.0
BORDERLINE2,4.714285714285714
DELAUNAY,5.928571428571429
