index,0
BORDERLINE2,2.642857142857143
SMOTE,2.857142857142857
SMOTE_SVM,3.2857142857142856
BORDERLINE1,3.2857142857142856
ORIGINAL,4.285714285714286
GEOMETRIC_SMOTE,5.357142857142857
DELAUNAY,6.285714285714286
