index,0
SMOTE_SVM,3.142857142857143
GEOMETRIC_SMOTE,3.357142857142857
BORDERLINE2,3.9285714285714284
BORDERLINE1,4.071428571428571
DELAUNAY,4.142857142857143
ORIGINAL,4.285714285714286
SMOTE,5.071428571428571
