index,0
GEOMETRIC_SMOTE,2.5
ORIGINAL,3.7857142857142856
BORDERLINE2,3.9285714285714284
SMOTE_SVM,4.0
DELAUNAY,4.214285714285714
BORDERLINE1,4.714285714285714
SMOTE,4.857142857142857
