index,0
SMOTE_SVM,3.0714285714285716
SMOTE,3.142857142857143
DELAUNAY,3.5
BORDERLINE1,3.642857142857143
BORDERLINE2,4.142857142857143
GEOMETRIC_SMOTE,5.0
ORIGINAL,5.5
