index,0
SMOTE_SVM,2.5
SMOTE,3.2142857142857144
DELAUNAY,3.7142857142857144
GEOMETRIC_SMOTE,3.7857142857142856
BORDERLINE1,4.857142857142857
ORIGINAL,4.928571428571429
BORDERLINE2,5.0
