index,0
GEOMETRIC_SMOTE,3.2857142857142856
DELAUNAY,3.7857142857142856
ORIGINAL,3.857142857142857
SMOTE_SVM,3.857142857142857
BORDERLINE2,4.0
SMOTE,4.428571428571429
BORDERLINE1,4.785714285714286
