index,0
SMOTE_SVM,2.5
BORDERLINE1,2.857142857142857
SMOTE,3.857142857142857
GEOMETRIC_SMOTE,4.0
ORIGINAL,4.785714285714286
DELAUNAY,4.928571428571429
BORDERLINE2,5.071428571428571
