index,0
SMOTE_SVM,2.5714285714285716
SMOTE,3.7857142857142856
BORDERLINE1,3.7857142857142856
DELAUNAY,4.0
BORDERLINE2,4.357142857142857
GEOMETRIC_SMOTE,4.5
ORIGINAL,5.0
