index,0
SMOTE_SVM,3.142857142857143
BORDERLINE1,3.5
BORDERLINE2,3.642857142857143
SMOTE,4.071428571428571
DELAUNAY,4.285714285714286
GEOMETRIC_SMOTE,4.428571428571429
ORIGINAL,4.928571428571429
