index,0
SMOTE_SVM,2.2857142857142856
BORDERLINE1,3.357142857142857
SMOTE,3.4285714285714284
BORDERLINE2,4.0
GEOMETRIC_SMOTE,4.285714285714286
ORIGINAL,4.785714285714286
DELAUNAY,5.857142857142857
