index,0
ORIGINAL,2.7142857142857144
SMOTE,3.4285714285714284
BORDERLINE1,3.5
DELAUNAY,3.857142857142857
SMOTE_SVM,4.0
BORDERLINE2,4.928571428571429
GEOMETRIC_SMOTE,5.571428571428571
