index,0
SMOTE_SVM,2.642857142857143
SMOTE,3.2142857142857144
GEOMETRIC_SMOTE,3.4285714285714284
BORDERLINE2,4.285714285714286
BORDERLINE1,4.714285714285714
ORIGINAL,4.857142857142857
DELAUNAY,4.857142857142857
