index,0
BORDERLINE1,2.5714285714285716
GEOMETRIC_SMOTE,3.2142857142857144
SMOTE,3.5714285714285716
SMOTE_SVM,3.857142857142857
BORDERLINE2,4.0
DELAUNAY,4.785714285714286
ORIGINAL,6.0
