index,0
GEOMETRIC_SMOTE,2.7142857142857144
ORIGINAL,3.7142857142857144
SMOTE_SVM,3.857142857142857
BORDERLINE2,4.0
DELAUNAY,4.285714285714286
SMOTE,4.714285714285714
BORDERLINE1,4.714285714285714
