index,0
GEOMETRIC_SMOTE,3.5714285714285716
SMOTE_SVM,3.7142857142857144
ORIGINAL,3.9285714285714284
DELAUNAY,3.9285714285714284
BORDERLINE1,4.0
BORDERLINE2,4.285714285714286
SMOTE,4.571428571428571
