index,0
SMOTE,2.5714285714285716
DELAUNAY,3.5714285714285716
BORDERLINE1,3.7857142857142856
ORIGINAL,3.9285714285714284
BORDERLINE2,4.142857142857143
SMOTE_SVM,4.285714285714286
GEOMETRIC_SMOTE,5.714285714285714
