index,0
SMOTE_SVM,3.5714285714285716
GEOMETRIC_SMOTE,3.5714285714285716
BORDERLINE1,3.9285714285714284
ORIGINAL,4.0
BORDERLINE2,4.142857142857143
DELAUNAY,4.357142857142857
SMOTE,4.428571428571429
