index,0
BORDERLINE1,2.357142857142857
GEOMETRIC_SMOTE,3.357142857142857
SMOTE,3.5
BORDERLINE2,3.5714285714285716
SMOTE_SVM,3.857142857142857
ORIGINAL,5.571428571428571
DELAUNAY,5.785714285714286
