index,0
ORIGINAL,2.4285714285714284
SMOTE,3.2857142857142856
BORDERLINE1,3.2857142857142856
SMOTE_SVM,3.7142857142857144
BORDERLINE2,4.642857142857143
GEOMETRIC_SMOTE,5.071428571428571
DELAUNAY,5.571428571428571
