index,0
GEOMETRIC_SMOTE,2.5
DELAUNAY,3.7142857142857144
ORIGINAL,3.857142857142857
BORDERLINE2,3.857142857142857
SMOTE_SVM,4.214285714285714
SMOTE,4.928571428571429
BORDERLINE1,4.928571428571429
