index,0
SMOTE_SVM,2.642857142857143
BORDERLINE2,2.7857142857142856
SMOTE,3.0714285714285716
GEOMETRIC_SMOTE,3.142857142857143
BORDERLINE1,3.7142857142857144
DELAUNAY,6.0
ORIGINAL,6.642857142857143
