index,0
BORDERLINE1,3.2857142857142856
SMOTE,3.7142857142857144
SMOTE_SVM,3.7142857142857144
ORIGINAL,3.9285714285714284
BORDERLINE2,4.214285714285714
DELAUNAY,4.5
GEOMETRIC_SMOTE,4.642857142857143
