index,0
BORDERLINE1,2.5
GEOMETRIC_SMOTE,3.7857142857142856
SMOTE,3.857142857142857
BORDERLINE2,3.857142857142857
SMOTE_SVM,4.0
DELAUNAY,4.285714285714286
ORIGINAL,5.714285714285714
