index,0
BORDERLINE1,2.2142857142857144
GEOMETRIC_SMOTE,3.4285714285714284
BORDERLINE2,3.5714285714285716
SMOTE,3.7142857142857144
SMOTE_SVM,4.0
DELAUNAY,5.5
ORIGINAL,5.571428571428571
