index,0
ORIGINAL,2.5714285714285716
SMOTE,3.2857142857142856
BORDERLINE1,3.4285714285714284
SMOTE_SVM,3.7142857142857144
DELAUNAY,4.714285714285714
BORDERLINE2,4.928571428571429
GEOMETRIC_SMOTE,5.357142857142857
