index,0
BORDERLINE2,2.857142857142857
SMOTE,3.0714285714285716
BORDERLINE1,3.357142857142857
SMOTE_SVM,3.5
ORIGINAL,4.357142857142857
GEOMETRIC_SMOTE,5.428571428571429
DELAUNAY,5.428571428571429
