index,0
DELAUNAY,2.7857142857142856
GEOMETRIC_SMOTE,3.4285714285714284
SMOTE_SVM,4.0
ORIGINAL,4.142857142857143
BORDERLINE2,4.142857142857143
SMOTE,4.571428571428571
BORDERLINE1,4.928571428571429
