index,0
GEOMETRIC_SMOTE,3.2857142857142856
SMOTE_SVM,3.5714285714285716
ORIGINAL,3.7857142857142856
BORDERLINE1,3.9285714285714284
BORDERLINE2,4.0
SMOTE,4.428571428571429
DELAUNAY,5.0
