index,0
BORDERLINE1,2.7857142857142856
ORIGINAL,3.4285714285714284
SMOTE_SVM,3.5714285714285716
SMOTE,3.642857142857143
GEOMETRIC_SMOTE,4.0
BORDERLINE2,4.5
DELAUNAY,6.071428571428571
