index,0
DELAUNAY,3.357142857142857
GEOMETRIC_SMOTE,3.4285714285714284
SMOTE_SVM,3.9285714285714284
ORIGINAL,4.0
BORDERLINE2,4.0
SMOTE,4.5
BORDERLINE1,4.785714285714286
