index,0
SMOTE_SVM,2.0714285714285716
ORIGINAL,3.5714285714285716
BORDERLINE1,4.071428571428571
GEOMETRIC_SMOTE,4.071428571428571
SMOTE,4.214285714285714
BORDERLINE2,4.571428571428571
DELAUNAY,5.428571428571429
