index,0
GEOMETRIC_SMOTE,2.5714285714285716
ORIGINAL,3.7857142857142856
SMOTE_SVM,4.0
DELAUNAY,4.0
BORDERLINE2,4.071428571428571
BORDERLINE1,4.714285714285714
SMOTE,4.857142857142857
