index,0
SMOTE_SVM,2.857142857142857
BORDERLINE2,2.857142857142857
SMOTE,3.2142857142857144
GEOMETRIC_SMOTE,3.357142857142857
BORDERLINE1,3.7142857142857144
DELAUNAY,5.428571428571429
ORIGINAL,6.571428571428571
