index,0
GEOMETRIC_SMOTE,2.857142857142857
SMOTE_SVM,3.5
BORDERLINE2,3.5
BORDERLINE1,3.857142857142857
ORIGINAL,4.285714285714286
SMOTE,4.785714285714286
DELAUNAY,5.214285714285714
