index,0
BORDERLINE2,3.0
SMOTE,3.0714285714285716
BORDERLINE1,3.5
SMOTE_SVM,3.7857142857142856
DELAUNAY,4.428571428571429
ORIGINAL,4.642857142857143
GEOMETRIC_SMOTE,5.571428571428571
