index,0
ORIGINAL,3.5714285714285716
SMOTE_SVM,3.5714285714285716
BORDERLINE1,3.642857142857143
GEOMETRIC_SMOTE,3.642857142857143
SMOTE,3.7857142857142856
BORDERLINE2,4.571428571428571
DELAUNAY,5.214285714285714
