index,0
SMOTE_SVM,2.142857142857143
BORDERLINE1,2.7857142857142856
GEOMETRIC_SMOTE,3.7857142857142856
SMOTE,3.9285714285714284
BORDERLINE2,4.071428571428571
ORIGINAL,4.857142857142857
DELAUNAY,6.428571428571429
