index,0
SMOTE_SVM,2.2857142857142856
BORDERLINE1,2.7857142857142856
SMOTE,3.5714285714285716
GEOMETRIC_SMOTE,3.642857142857143
ORIGINAL,3.7142857142857144
BORDERLINE2,5.0
DELAUNAY,7.0
