index,0
BORDERLINE1,2.4285714285714284
GEOMETRIC_SMOTE,3.142857142857143
SMOTE,3.4285714285714284
SMOTE_SVM,3.857142857142857
BORDERLINE2,4.0
DELAUNAY,5.142857142857143
ORIGINAL,6.0
