index,0
GEOMETRIC_SMOTE,2.2142857142857144
BORDERLINE1,3.0714285714285716
SMOTE,3.4285714285714284
SMOTE_SVM,3.642857142857143
BORDERLINE2,4.357142857142857
DELAUNAY,4.714285714285714
ORIGINAL,6.571428571428571
