index,0
SMOTE,3.0
BORDERLINE2,3.0714285714285716
BORDERLINE1,3.142857142857143
SMOTE_SVM,3.2142857142857144
GEOMETRIC_SMOTE,3.642857142857143
DELAUNAY,5.857142857142857
ORIGINAL,6.071428571428571
