index,0
BORDERLINE1,3.0714285714285716
SMOTE_SVM,3.5
SMOTE,3.642857142857143
ORIGINAL,4.0
BORDERLINE2,4.142857142857143
GEOMETRIC_SMOTE,4.571428571428571
DELAUNAY,5.071428571428571
