index,0
SMOTE_SVM,2.642857142857143
BORDERLINE2,2.9285714285714284
GEOMETRIC_SMOTE,3.0714285714285716
SMOTE,3.2142857142857144
BORDERLINE1,3.7857142857142856
DELAUNAY,5.714285714285714
ORIGINAL,6.642857142857143
