index,0
SMOTE_SVM,2.4285714285714284
BORDERLINE1,3.357142857142857
SMOTE,3.4285714285714284
BORDERLINE2,4.0
GEOMETRIC_SMOTE,4.142857142857143
ORIGINAL,4.642857142857143
DELAUNAY,6.0
