index,0
SMOTE_SVM,2.642857142857143
BORDERLINE1,3.0
SMOTE,3.7142857142857144
GEOMETRIC_SMOTE,4.0
DELAUNAY,4.714285714285714
ORIGINAL,4.785714285714286
BORDERLINE2,5.142857142857143
