index,0
GEOMETRIC_SMOTE,2.2142857142857144
BORDERLINE1,2.9285714285714284
SMOTE,3.2142857142857144
SMOTE_SVM,3.5714285714285716
BORDERLINE2,4.142857142857143
DELAUNAY,5.285714285714286
ORIGINAL,6.642857142857143
