index,0
BORDERLINE2,2.7857142857142856
SMOTE,2.9285714285714284
BORDERLINE1,3.357142857142857
SMOTE_SVM,3.4285714285714284
ORIGINAL,4.428571428571429
GEOMETRIC_SMOTE,5.428571428571429
DELAUNAY,5.642857142857143
