index,0
SMOTE_SVM,2.357142857142857
BORDERLINE1,2.7857142857142856
SMOTE,3.642857142857143
ORIGINAL,3.7142857142857144
GEOMETRIC_SMOTE,3.9285714285714284
BORDERLINE2,5.142857142857143
DELAUNAY,6.428571428571429
