index,0
BORDERLINE1,2.4285714285714284
GEOMETRIC_SMOTE,3.4285714285714284
SMOTE,3.5714285714285716
SMOTE_SVM,4.0
DELAUNAY,4.214285714285714
BORDERLINE2,4.357142857142857
ORIGINAL,6.0
