index,0
SMOTE_SVM,2.2142857142857144
BORDERLINE1,2.642857142857143
GEOMETRIC_SMOTE,4.0
SMOTE,4.071428571428571
ORIGINAL,4.428571428571429
DELAUNAY,5.142857142857143
BORDERLINE2,5.5
