index,0
BORDERLINE1,2.0714285714285716
SMOTE_SVM,3.5714285714285716
SMOTE,3.9285714285714284
BORDERLINE2,4.071428571428571
GEOMETRIC_SMOTE,4.071428571428571
ORIGINAL,4.857142857142857
DELAUNAY,5.428571428571429
