index,0
BORDERLINE1,3.0714285714285716
SMOTE_SVM,3.5
SMOTE,3.642857142857143
ORIGINAL,4.0
BORDERLINE2,4.071428571428571
GEOMETRIC_SMOTE,4.428571428571429
DELAUNAY,5.285714285714286
