index,0
SMOTE_SVM,2.4285714285714284
BORDERLINE1,2.857142857142857
SMOTE,3.7142857142857144
GEOMETRIC_SMOTE,3.7142857142857144
ORIGINAL,4.714285714285714
BORDERLINE2,5.0
DELAUNAY,5.571428571428571
