index,0
SMOTE_SVM,3.0714285714285716
SMOTE,3.142857142857143
DELAUNAY,3.142857142857143
BORDERLINE1,3.5714285714285716
BORDERLINE2,4.142857142857143
GEOMETRIC_SMOTE,5.214285714285714
ORIGINAL,5.714285714285714
