index,0
BORDERLINE2,3.142857142857143
GEOMETRIC_SMOTE,3.4285714285714284
DELAUNAY,3.5
SMOTE_SVM,4.0
BORDERLINE1,4.142857142857143
SMOTE,4.285714285714286
ORIGINAL,5.5
