index,0
GEOMETRIC_SMOTE,3.2857142857142856
SMOTE_SVM,3.357142857142857
DELAUNAY,3.642857142857143
BORDERLINE2,3.857142857142857
BORDERLINE1,4.142857142857143
ORIGINAL,4.357142857142857
SMOTE,5.357142857142857
