index,0
BORDERLINE2,2.7857142857142856
SMOTE,3.142857142857143
BORDERLINE1,3.2857142857142856
SMOTE_SVM,3.4285714285714284
ORIGINAL,4.5
GEOMETRIC_SMOTE,5.428571428571429
DELAUNAY,5.428571428571429
