index,0
BORDERLINE1,2.857142857142857
SMOTE,3.5
GEOMETRIC_SMOTE,3.642857142857143
SMOTE_SVM,3.857142857142857
ORIGINAL,4.142857142857143
BORDERLINE2,4.214285714285714
DELAUNAY,5.785714285714286
