index,0
SMOTE_SVM,2.642857142857143
BORDERLINE1,2.9285714285714284
SMOTE,4.071428571428571
GEOMETRIC_SMOTE,4.285714285714286
DELAUNAY,4.285714285714286
ORIGINAL,4.428571428571429
BORDERLINE2,5.357142857142857
