index,0
GEOMETRIC_SMOTE,3.2142857142857144
SMOTE_SVM,3.2857142857142856
DELAUNAY,3.7857142857142856
BORDERLINE2,3.9285714285714284
BORDERLINE1,4.214285714285714
ORIGINAL,4.357142857142857
SMOTE,5.214285714285714
