index,0
GEOMETRIC_SMOTE,3.142857142857143
SMOTE_SVM,3.2142857142857144
DELAUNAY,3.7857142857142856
BORDERLINE2,4.0
BORDERLINE1,4.214285714285714
ORIGINAL,4.428571428571429
SMOTE,5.214285714285714
