index,0
BORDERLINE1,2.642857142857143
GEOMETRIC_SMOTE,3.2857142857142856
SMOTE,3.7142857142857144
SMOTE_SVM,3.857142857142857
DELAUNAY,4.214285714285714
BORDERLINE2,4.285714285714286
ORIGINAL,6.0
