index,0
BORDERLINE1,2.357142857142857
ORIGINAL,3.4285714285714284
SMOTE_SVM,3.4285714285714284
SMOTE,4.0
GEOMETRIC_SMOTE,4.285714285714286
BORDERLINE2,4.571428571428571
DELAUNAY,5.928571428571429
