index,0
GEOMETRIC_SMOTE,2.9285714285714284
SMOTE_SVM,3.5
BORDERLINE2,3.9285714285714284
BORDERLINE1,4.0
DELAUNAY,4.428571428571429
ORIGINAL,4.5
SMOTE,4.714285714285714
