index,0
BORDERLINE1,3.142857142857143
SMOTE_SVM,3.5714285714285716
SMOTE,3.857142857142857
BORDERLINE2,4.071428571428571
ORIGINAL,4.214285714285714
DELAUNAY,4.428571428571429
GEOMETRIC_SMOTE,4.714285714285714
