index,0
GEOMETRIC_SMOTE,2.5
BORDERLINE2,3.642857142857143
ORIGINAL,3.7142857142857144
SMOTE_SVM,4.0
BORDERLINE1,4.642857142857143
DELAUNAY,4.714285714285714
SMOTE,4.785714285714286
