index,0
SMOTE_SVM,2.2857142857142856
BORDERLINE1,3.2857142857142856
SMOTE,3.357142857142857
BORDERLINE2,3.857142857142857
GEOMETRIC_SMOTE,4.142857142857143
ORIGINAL,4.785714285714286
DELAUNAY,6.285714285714286
