index,0
BORDERLINE1,3.142857142857143
SMOTE,3.2857142857142856
GEOMETRIC_SMOTE,3.357142857142857
SMOTE_SVM,3.7857142857142856
BORDERLINE2,4.571428571428571
ORIGINAL,4.642857142857143
DELAUNAY,5.214285714285714
