index,0
GEOMETRIC_SMOTE,3.2857142857142856
SMOTE,3.357142857142857
DELAUNAY,3.5714285714285716
SMOTE_SVM,3.7142857142857144
BORDERLINE1,4.071428571428571
BORDERLINE2,4.214285714285714
ORIGINAL,5.785714285714286
