index,0
ORIGINAL,2.857142857142857
SMOTE,3.0
BORDERLINE1,3.2142857142857144
DELAUNAY,4.0
SMOTE_SVM,4.142857142857143
BORDERLINE2,5.214285714285714
GEOMETRIC_SMOTE,5.571428571428571
