index,0
BORDERLINE1,2.142857142857143
SMOTE_SVM,3.0714285714285716
ORIGINAL,4.214285714285714
SMOTE,4.357142857142857
BORDERLINE2,4.428571428571429
GEOMETRIC_SMOTE,4.714285714285714
DELAUNAY,5.071428571428571
