index,0
GEOMETRIC_SMOTE,2.4285714285714284
ORIGINAL,3.857142857142857
SMOTE_SVM,3.857142857142857
BORDERLINE2,3.857142857142857
BORDERLINE1,4.642857142857143
DELAUNAY,4.642857142857143
SMOTE,4.714285714285714
