index,0
BORDERLINE1,3.0
SMOTE_SVM,3.4285714285714284
SMOTE,3.642857142857143
BORDERLINE2,4.0
ORIGINAL,4.071428571428571
GEOMETRIC_SMOTE,4.642857142857143
DELAUNAY,5.214285714285714
