index,0
DELAUNAY,2.2857142857142856
GEOMETRIC_SMOTE,2.9285714285714284
BORDERLINE1,3.142857142857143
BORDERLINE2,3.857142857142857
SMOTE,4.428571428571429
SMOTE_SVM,4.785714285714286
ORIGINAL,6.571428571428571
