index,0
SMOTE_SVM,2.4285714285714284
BORDERLINE1,3.0714285714285716
SMOTE,3.7142857142857144
ORIGINAL,3.857142857142857
GEOMETRIC_SMOTE,4.0
BORDERLINE2,5.285714285714286
DELAUNAY,5.642857142857143
