index,0
BORDERLINE1,2.4285714285714284
GEOMETRIC_SMOTE,3.142857142857143
SMOTE,3.7142857142857144
SMOTE_SVM,3.857142857142857
BORDERLINE2,4.0
DELAUNAY,5.214285714285714
ORIGINAL,5.642857142857143
