index,0
GEOMETRIC_SMOTE,2.642857142857143
ORIGINAL,3.7857142857142856
SMOTE_SVM,3.857142857142857
BORDERLINE2,4.071428571428571
DELAUNAY,4.071428571428571
SMOTE,4.785714285714286
BORDERLINE1,4.785714285714286
