index,0
BORDERLINE1,3.142857142857143
SMOTE_SVM,3.642857142857143
SMOTE,3.7142857142857144
ORIGINAL,3.9285714285714284
GEOMETRIC_SMOTE,4.357142857142857
BORDERLINE2,4.428571428571429
DELAUNAY,4.785714285714286
