index,0
SMOTE,2.5714285714285716
DELAUNAY,2.7857142857142856
BORDERLINE1,3.9285714285714284
ORIGINAL,4.071428571428571
BORDERLINE2,4.214285714285714
SMOTE_SVM,4.428571428571429
GEOMETRIC_SMOTE,6.0
