index,0
SMOTE,2.7142857142857144
SMOTE_SVM,2.9285714285714284
DELAUNAY,3.2142857142857144
GEOMETRIC_SMOTE,3.2857142857142856
BORDERLINE1,4.642857142857143
BORDERLINE2,4.714285714285714
ORIGINAL,6.5
