index,0
BORDERLINE1,2.2142857142857144
SMOTE_SVM,3.357142857142857
ORIGINAL,3.5
SMOTE,3.857142857142857
GEOMETRIC_SMOTE,4.142857142857143
BORDERLINE2,4.571428571428571
DELAUNAY,6.357142857142857
