index,0
DELAUNAY,3.142857142857143
GEOMETRIC_SMOTE,3.4285714285714284
SMOTE_SVM,3.857142857142857
ORIGINAL,4.142857142857143
BORDERLINE2,4.142857142857143
SMOTE,4.5
BORDERLINE1,4.785714285714286
