index,0
BORDERLINE1,3.0
GEOMETRIC_SMOTE,3.2142857142857144
SMOTE,3.2857142857142856
SMOTE_SVM,3.357142857142857
BORDERLINE2,4.357142857142857
ORIGINAL,4.571428571428571
DELAUNAY,6.214285714285714
