index,0
SMOTE_SVM,2.4285714285714284
SMOTE,3.642857142857143
BORDERLINE1,3.642857142857143
GEOMETRIC_SMOTE,4.357142857142857
BORDERLINE2,4.428571428571429
ORIGINAL,4.714285714285714
DELAUNAY,4.785714285714286
