index,0
DELAUNAY,3.142857142857143
SMOTE_SVM,3.4285714285714284
BORDERLINE1,3.7142857142857144
BORDERLINE2,3.857142857142857
SMOTE,4.357142857142857
GEOMETRIC_SMOTE,4.428571428571429
ORIGINAL,5.071428571428571
