index,0
BORDERLINE1,2.7142857142857144
GEOMETRIC_SMOTE,3.2857142857142856
DELAUNAY,3.7857142857142856
SMOTE,4.0
BORDERLINE2,4.142857142857143
SMOTE_SVM,4.285714285714286
ORIGINAL,5.785714285714286
