index,0
SMOTE_SVM,2.2857142857142856
BORDERLINE1,2.9285714285714284
SMOTE,3.7142857142857144
ORIGINAL,3.857142857142857
GEOMETRIC_SMOTE,4.071428571428571
BORDERLINE2,5.5
DELAUNAY,5.642857142857143
