index,0
ORIGINAL,2.857142857142857
BORDERLINE1,3.2857142857142856
SMOTE,3.4285714285714284
SMOTE_SVM,3.857142857142857
DELAUNAY,4.071428571428571
BORDERLINE2,4.928571428571429
GEOMETRIC_SMOTE,5.571428571428571
