index,0
DELAUNAY,3.0714285714285716
SMOTE_SVM,3.2857142857142856
GEOMETRIC_SMOTE,3.2857142857142856
BORDERLINE2,4.071428571428571
BORDERLINE1,4.357142857142857
ORIGINAL,4.5
SMOTE,5.428571428571429
