index,0
BORDERLINE1,2.7142857142857144
SMOTE,3.5
GEOMETRIC_SMOTE,3.642857142857143
SMOTE_SVM,4.0
BORDERLINE2,4.214285714285714
ORIGINAL,4.428571428571429
DELAUNAY,5.5
