index,0
GEOMETRIC_SMOTE,2.7857142857142856
BORDERLINE1,3.357142857142857
SMOTE,3.4285714285714284
SMOTE_SVM,3.5714285714285716
BORDERLINE2,4.357142857142857
DELAUNAY,4.357142857142857
ORIGINAL,6.142857142857143
