index,0
GEOMETRIC_SMOTE,3.5714285714285716
SMOTE_SVM,3.642857142857143
DELAUNAY,3.642857142857143
ORIGINAL,4.071428571428571
BORDERLINE1,4.071428571428571
BORDERLINE2,4.428571428571429
SMOTE,4.571428571428571
