index,0
GEOMETRIC_SMOTE,3.142857142857143
ORIGINAL,3.857142857142857
SMOTE_SVM,3.857142857142857
BORDERLINE2,4.0
DELAUNAY,4.142857142857143
SMOTE,4.357142857142857
BORDERLINE1,4.642857142857143
