index,0
GEOMETRIC_SMOTE,3.142857142857143
BORDERLINE2,3.2142857142857144
BORDERLINE1,3.857142857142857
SMOTE_SVM,3.9285714285714284
SMOTE,4.0
DELAUNAY,4.5
ORIGINAL,5.357142857142857
