index,0
GEOMETRIC_SMOTE,3.2857142857142856
SMOTE_SVM,3.7142857142857144
ORIGINAL,4.0
BORDERLINE2,4.0
DELAUNAY,4.0
SMOTE,4.357142857142857
BORDERLINE1,4.642857142857143
