index,0
GEOMETRIC_SMOTE,2.642857142857143
ORIGINAL,3.7142857142857144
SMOTE_SVM,3.7142857142857144
BORDERLINE2,4.0
SMOTE,4.571428571428571
BORDERLINE1,4.642857142857143
DELAUNAY,4.714285714285714
