index,0
ORIGINAL,2.5714285714285716
SMOTE,3.2857142857142856
BORDERLINE1,3.357142857142857
SMOTE_SVM,3.857142857142857
DELAUNAY,4.5
BORDERLINE2,4.928571428571429
GEOMETRIC_SMOTE,5.5
