index,0
BORDERLINE1,2.357142857142857
ORIGINAL,3.4285714285714284
SMOTE_SVM,3.4285714285714284
SMOTE,4.0
GEOMETRIC_SMOTE,4.428571428571429
BORDERLINE2,4.785714285714286
DELAUNAY,5.571428571428571
