index,0
DELAUNAY,2.642857142857143
SMOTE_SVM,3.4285714285714284
GEOMETRIC_SMOTE,3.4285714285714284
BORDERLINE2,4.214285714285714
BORDERLINE1,4.357142857142857
ORIGINAL,4.5
SMOTE,5.428571428571429
