index,0
SMOTE,2.857142857142857
BORDERLINE1,3.2857142857142856
BORDERLINE2,3.9285714285714284
ORIGINAL,4.071428571428571
SMOTE_SVM,4.071428571428571
DELAUNAY,4.857142857142857
GEOMETRIC_SMOTE,4.928571428571429
