index,0
SMOTE_SVM,2.642857142857143
BORDERLINE1,3.5714285714285716
GEOMETRIC_SMOTE,4.0
SMOTE,4.071428571428571
DELAUNAY,4.214285714285714
ORIGINAL,4.5
BORDERLINE2,5.0
