index,0
DELAUNAY,2.642857142857143
SMOTE,2.857142857142857
BORDERLINE1,3.857142857142857
ORIGINAL,4.071428571428571
SMOTE_SVM,4.357142857142857
BORDERLINE2,4.428571428571429
GEOMETRIC_SMOTE,5.785714285714286
