index,0
ORIGINAL,2.5
BORDERLINE1,3.2857142857142856
SMOTE,3.7857142857142856
SMOTE_SVM,3.7857142857142856
DELAUNAY,3.9285714285714284
GEOMETRIC_SMOTE,5.142857142857143
BORDERLINE2,5.571428571428571
