index,0
GEOMETRIC_SMOTE,3.4285714285714284
SMOTE_SVM,3.642857142857143
BORDERLINE1,3.9285714285714284
DELAUNAY,3.9285714285714284
ORIGINAL,4.071428571428571
BORDERLINE2,4.357142857142857
SMOTE,4.642857142857143
