index,0
ORIGINAL,3.4285714285714284
SMOTE_SVM,3.4285714285714284
GEOMETRIC_SMOTE,3.4285714285714284
BORDERLINE1,3.5
SMOTE,3.7142857142857144
BORDERLINE2,4.5
DELAUNAY,6.0
