index,0
GEOMETRIC_SMOTE,2.357142857142857
BORDERLINE2,3.642857142857143
ORIGINAL,3.857142857142857
SMOTE_SVM,4.142857142857143
DELAUNAY,4.142857142857143
SMOTE,4.928571428571429
BORDERLINE1,4.928571428571429
