index,0
SMOTE_SVM,2.357142857142857
SMOTE,3.2142857142857144
GEOMETRIC_SMOTE,3.642857142857143
DELAUNAY,3.9285714285714284
ORIGINAL,4.928571428571429
BORDERLINE1,4.928571428571429
BORDERLINE2,5.0
