index,0
BORDERLINE2,3.142857142857143
GEOMETRIC_SMOTE,3.357142857142857
SMOTE_SVM,3.9285714285714284
BORDERLINE1,3.9285714285714284
DELAUNAY,3.9285714285714284
SMOTE,4.214285714285714
ORIGINAL,5.5
