index,0
GEOMETRIC_SMOTE,2.2857142857142856
BORDERLINE1,3.0
SMOTE,3.2857142857142856
SMOTE_SVM,3.642857142857143
BORDERLINE2,4.357142857142857
DELAUNAY,4.928571428571429
ORIGINAL,6.5
