index,0
SMOTE,2.5714285714285716
BORDERLINE1,3.642857142857143
ORIGINAL,3.7142857142857144
SMOTE_SVM,4.071428571428571
BORDERLINE2,4.142857142857143
DELAUNAY,4.285714285714286
GEOMETRIC_SMOTE,5.571428571428571
