index,0
SMOTE_SVM,2.642857142857143
BORDERLINE1,3.357142857142857
GEOMETRIC_SMOTE,3.7142857142857144
SMOTE,4.142857142857143
DELAUNAY,4.214285714285714
BORDERLINE2,4.857142857142857
ORIGINAL,5.071428571428571
