index,0
ORIGINAL,2.0
BORDERLINE1,3.2857142857142856
SMOTE,3.7142857142857144
SMOTE_SVM,3.7142857142857144
DELAUNAY,4.857142857142857
GEOMETRIC_SMOTE,5.071428571428571
BORDERLINE2,5.357142857142857
