index,0
SMOTE,2.9285714285714284
BORDERLINE1,3.5
BORDERLINE2,4.0
ORIGINAL,4.071428571428571
SMOTE_SVM,4.214285714285714
DELAUNAY,4.428571428571429
GEOMETRIC_SMOTE,4.857142857142857
