index,0
BORDERLINE2,3.0714285714285716
GEOMETRIC_SMOTE,3.2142857142857144
SMOTE_SVM,3.857142857142857
BORDERLINE1,3.857142857142857
SMOTE,4.0
DELAUNAY,4.571428571428571
ORIGINAL,5.428571428571429
