index,0
SMOTE_SVM,2.5
SMOTE,3.0714285714285716
BORDERLINE1,3.0714285714285716
GEOMETRIC_SMOTE,3.5
BORDERLINE2,3.5714285714285716
DELAUNAY,5.857142857142857
ORIGINAL,6.428571428571429
