index,0
BORDERLINE1,3.0
ORIGINAL,3.5
SMOTE_SVM,3.7142857142857144
SMOTE,3.7857142857142856
GEOMETRIC_SMOTE,3.857142857142857
BORDERLINE2,4.857142857142857
DELAUNAY,5.285714285714286
