index,0
SMOTE,2.857142857142857
BORDERLINE1,3.4285714285714284
BORDERLINE2,3.9285714285714284
ORIGINAL,4.071428571428571
SMOTE_SVM,4.071428571428571
GEOMETRIC_SMOTE,4.642857142857143
DELAUNAY,5.0
