index,0
GEOMETRIC_SMOTE,3.4285714285714284
SMOTE_SVM,3.5
BORDERLINE1,3.9285714285714284
ORIGINAL,4.0
BORDERLINE2,4.285714285714286
SMOTE,4.428571428571429
DELAUNAY,4.428571428571429
