index,0
SMOTE_SVM,2.9285714285714284
BORDERLINE1,3.142857142857143
BORDERLINE2,3.4285714285714284
GEOMETRIC_SMOTE,3.9285714285714284
SMOTE,4.142857142857143
ORIGINAL,5.214285714285714
DELAUNAY,5.214285714285714
