index,0
BORDERLINE1,3.2857142857142856
SMOTE_SVM,3.642857142857143
SMOTE,3.857142857142857
ORIGINAL,3.9285714285714284
GEOMETRIC_SMOTE,3.9285714285714284
BORDERLINE2,4.285714285714286
DELAUNAY,5.071428571428571
