index,0
BORDERLINE1,2.4285714285714284
GEOMETRIC_SMOTE,3.142857142857143
SMOTE,3.4285714285714284
BORDERLINE2,3.7142857142857144
SMOTE_SVM,3.857142857142857
DELAUNAY,5.571428571428571
ORIGINAL,5.857142857142857
