index,0
BORDERLINE1,2.5
DELAUNAY,3.5714285714285716
GEOMETRIC_SMOTE,3.642857142857143
SMOTE,4.071428571428571
BORDERLINE2,4.142857142857143
SMOTE_SVM,4.285714285714286
ORIGINAL,5.785714285714286
