index,0
SMOTE_SVM,2.7142857142857144
SMOTE,2.857142857142857
BORDERLINE1,3.2857142857142856
BORDERLINE2,3.7142857142857144
GEOMETRIC_SMOTE,4.785714285714286
DELAUNAY,5.0
ORIGINAL,5.642857142857143
