index,0
GEOMETRIC_SMOTE,2.7857142857142856
SMOTE_SVM,3.357142857142857
BORDERLINE1,3.7857142857142856
BORDERLINE2,3.7857142857142856
ORIGINAL,4.214285714285714
SMOTE,4.571428571428571
DELAUNAY,5.5
