index,0
SMOTE_SVM,2.7142857142857144
BORDERLINE1,3.2142857142857144
SMOTE,3.857142857142857
DELAUNAY,3.857142857142857
ORIGINAL,4.142857142857143
GEOMETRIC_SMOTE,4.357142857142857
BORDERLINE2,5.857142857142857
