index,0
SMOTE_SVM,2.4285714285714284
BORDERLINE1,3.7142857142857144
SMOTE,3.9285714285714284
GEOMETRIC_SMOTE,4.0
DELAUNAY,4.214285714285714
ORIGINAL,4.571428571428571
BORDERLINE2,5.142857142857143
