index,0
DELAUNAY,3.2857142857142856
GEOMETRIC_SMOTE,3.4285714285714284
ORIGINAL,3.9285714285714284
BORDERLINE2,3.9285714285714284
SMOTE_SVM,4.0
SMOTE,4.5
BORDERLINE1,4.928571428571429
