index,0
SMOTE_SVM,3.2142857142857144
BORDERLINE1,3.357142857142857
BORDERLINE2,3.5
SMOTE,3.9285714285714284
GEOMETRIC_SMOTE,4.285714285714286
ORIGINAL,4.857142857142857
DELAUNAY,4.857142857142857
