index,0
SMOTE_SVM,3.0714285714285716
SMOTE,3.2142857142857144
DELAUNAY,3.2142857142857144
BORDERLINE1,3.5714285714285716
BORDERLINE2,4.214285714285714
GEOMETRIC_SMOTE,5.071428571428571
ORIGINAL,5.642857142857143
