index,0
SMOTE,2.7857142857142856
SMOTE_SVM,3.0
GEOMETRIC_SMOTE,3.0
DELAUNAY,3.2857142857142856
BORDERLINE1,4.5
BORDERLINE2,4.785714285714286
ORIGINAL,6.642857142857143
