index,0
DELAUNAY,2.142857142857143
SMOTE,2.9285714285714284
SMOTE_SVM,3.2142857142857144
GEOMETRIC_SMOTE,3.5
BORDERLINE1,4.714285714285714
BORDERLINE2,4.928571428571429
ORIGINAL,6.571428571428571
