index,0
BORDERLINE1,3.142857142857143
SMOTE,3.357142857142857
SMOTE_SVM,3.5
GEOMETRIC_SMOTE,3.5
ORIGINAL,4.428571428571429
BORDERLINE2,4.571428571428571
DELAUNAY,5.5
