index,0
ORIGINAL,2.142857142857143
BORDERLINE1,3.2857142857142856
SMOTE_SVM,3.7142857142857144
SMOTE,3.9285714285714284
DELAUNAY,4.357142857142857
GEOMETRIC_SMOTE,5.071428571428571
BORDERLINE2,5.5
