index,0
GEOMETRIC_SMOTE,2.857142857142857
DELAUNAY,3.5
SMOTE,3.642857142857143
BORDERLINE1,3.642857142857143
SMOTE_SVM,3.857142857142857
BORDERLINE2,4.357142857142857
ORIGINAL,6.142857142857143
