index,0
ORIGINAL,3.0
SMOTE,3.0
BORDERLINE1,3.0714285714285716
DELAUNAY,4.0
SMOTE_SVM,4.142857142857143
BORDERLINE2,5.214285714285714
GEOMETRIC_SMOTE,5.571428571428571
