index,0
SMOTE,2.9285714285714284
BORDERLINE2,3.0
BORDERLINE1,3.2142857142857144
SMOTE_SVM,3.5
ORIGINAL,4.5
GEOMETRIC_SMOTE,5.428571428571429
DELAUNAY,5.428571428571429
