index,0
SMOTE_SVM,2.2142857142857144
BORDERLINE1,3.4285714285714284
GEOMETRIC_SMOTE,3.5714285714285716
SMOTE,3.7857142857142856
ORIGINAL,4.428571428571429
BORDERLINE2,4.928571428571429
DELAUNAY,5.642857142857143
