index,0
SMOTE_SVM,3.5
GEOMETRIC_SMOTE,3.5714285714285716
BORDERLINE1,3.9285714285714284
ORIGINAL,4.071428571428571
DELAUNAY,4.071428571428571
BORDERLINE2,4.357142857142857
SMOTE,4.5
