index,0
BORDERLINE1,2.2142857142857144
SMOTE_SVM,3.0714285714285716
ORIGINAL,4.071428571428571
BORDERLINE2,4.142857142857143
SMOTE,4.285714285714286
GEOMETRIC_SMOTE,4.714285714285714
DELAUNAY,5.5
