index,0
BORDERLINE1,3.0
GEOMETRIC_SMOTE,3.5714285714285716
SMOTE,3.642857142857143
SMOTE_SVM,4.0
BORDERLINE2,4.357142857142857
ORIGINAL,4.428571428571429
DELAUNAY,5.0
