index,0
BORDERLINE1,2.142857142857143
SMOTE_SVM,3.0714285714285716
ORIGINAL,4.071428571428571
BORDERLINE2,4.071428571428571
SMOTE,4.214285714285714
GEOMETRIC_SMOTE,4.571428571428571
DELAUNAY,5.857142857142857
