index,0
SMOTE,2.857142857142857
BORDERLINE1,3.357142857142857
ORIGINAL,3.9285714285714284
SMOTE_SVM,4.071428571428571
BORDERLINE2,4.071428571428571
DELAUNAY,4.785714285714286
GEOMETRIC_SMOTE,4.928571428571429
