index,0
SMOTE_SVM,2.2857142857142856
BORDERLINE1,2.9285714285714284
SMOTE,3.5714285714285716
ORIGINAL,3.7857142857142856
GEOMETRIC_SMOTE,3.9285714285714284
BORDERLINE2,5.357142857142857
DELAUNAY,6.142857142857143
