index,0
BORDERLINE1,3.0
SMOTE_SVM,3.5714285714285716
SMOTE,3.7142857142857144
ORIGINAL,4.071428571428571
BORDERLINE2,4.142857142857143
GEOMETRIC_SMOTE,4.428571428571429
DELAUNAY,5.071428571428571
