index,0
DELAUNAY,3.2857142857142856
GEOMETRIC_SMOTE,3.357142857142857
SMOTE_SVM,3.5
BORDERLINE2,3.9285714285714284
ORIGINAL,4.428571428571429
BORDERLINE1,4.428571428571429
SMOTE,5.071428571428571
