index,0
DELAUNAY,3.2142857142857144
GEOMETRIC_SMOTE,3.2857142857142856
BORDERLINE2,3.357142857142857
SMOTE_SVM,4.0
BORDERLINE1,4.214285714285714
SMOTE,4.285714285714286
ORIGINAL,5.642857142857143
