index,0
SMOTE_SVM,2.9285714285714284
BORDERLINE2,2.9285714285714284
SMOTE,3.2142857142857144
GEOMETRIC_SMOTE,3.2142857142857144
BORDERLINE1,4.0
DELAUNAY,5.214285714285714
ORIGINAL,6.5
