index,0
BORDERLINE2,3.0
SMOTE,3.0714285714285716
SMOTE_SVM,3.5714285714285716
BORDERLINE1,3.5714285714285716
DELAUNAY,4.357142857142857
ORIGINAL,4.714285714285714
GEOMETRIC_SMOTE,5.714285714285714
