index,0
ORIGINAL,2.0
BORDERLINE1,3.2857142857142856
SMOTE,3.642857142857143
SMOTE_SVM,3.7142857142857144
GEOMETRIC_SMOTE,4.928571428571429
DELAUNAY,4.928571428571429
BORDERLINE2,5.5
