index,0
BORDERLINE1,2.0714285714285716
SMOTE_SVM,3.0
BORDERLINE2,4.0
ORIGINAL,4.071428571428571
SMOTE,4.214285714285714
GEOMETRIC_SMOTE,4.571428571428571
DELAUNAY,6.071428571428571
