index,0
SMOTE_SVM,2.357142857142857
BORDERLINE1,2.9285714285714284
SMOTE,3.7142857142857144
ORIGINAL,3.9285714285714284
GEOMETRIC_SMOTE,3.9285714285714284
BORDERLINE2,5.5
DELAUNAY,5.642857142857143
