index,0
BORDERLINE1,2.5
GEOMETRIC_SMOTE,3.642857142857143
SMOTE,3.857142857142857
BORDERLINE2,3.857142857142857
SMOTE_SVM,3.9285714285714284
DELAUNAY,4.642857142857143
ORIGINAL,5.571428571428571
