index,0
GEOMETRIC_SMOTE,2.642857142857143
BORDERLINE2,3.7857142857142856
DELAUNAY,3.7857142857142856
ORIGINAL,3.857142857142857
SMOTE_SVM,4.142857142857143
BORDERLINE1,4.857142857142857
SMOTE,4.928571428571429
