index,0
DELAUNAY,2.7142857142857144
ORIGINAL,2.9285714285714284
SMOTE,3.5714285714285716
BORDERLINE1,3.5714285714285716
SMOTE_SVM,4.285714285714286
BORDERLINE2,5.214285714285714
GEOMETRIC_SMOTE,5.714285714285714
