index,0
GEOMETRIC_SMOTE,2.4285714285714284
ORIGINAL,3.9285714285714284
BORDERLINE2,3.9285714285714284
DELAUNAY,4.0
SMOTE_SVM,4.071428571428571
BORDERLINE1,4.714285714285714
SMOTE,4.928571428571429
