index,0
GEOMETRIC_SMOTE,3.0
BORDERLINE2,3.642857142857143
SMOTE_SVM,3.7857142857142856
DELAUNAY,4.0
BORDERLINE1,4.071428571428571
ORIGINAL,4.571428571428571
SMOTE,4.928571428571429
