index,0
GEOMETRIC_SMOTE,2.5
BORDERLINE1,2.9285714285714284
BORDERLINE2,3.5
DELAUNAY,4.142857142857143
SMOTE,4.285714285714286
SMOTE_SVM,4.428571428571429
ORIGINAL,6.214285714285714
