index,0
GEOMETRIC_SMOTE,2.357142857142857
BORDERLINE1,3.142857142857143
SMOTE,3.4285714285714284
SMOTE_SVM,3.7857142857142856
DELAUNAY,4.357142857142857
BORDERLINE2,4.428571428571429
ORIGINAL,6.5
