index,0
SMOTE_SVM,2.5
ORIGINAL,3.5
BORDERLINE1,4.0
SMOTE,4.214285714285714
BORDERLINE2,4.357142857142857
GEOMETRIC_SMOTE,4.5
DELAUNAY,4.928571428571429
