index,0
BORDERLINE1,2.142857142857143
SMOTE_SVM,3.7142857142857144
SMOTE,4.142857142857143
BORDERLINE2,4.214285714285714
GEOMETRIC_SMOTE,4.214285714285714
ORIGINAL,4.642857142857143
DELAUNAY,4.928571428571429
