index,0
SMOTE_SVM,2.642857142857143
BORDERLINE1,3.0
SMOTE,3.7857142857142856
GEOMETRIC_SMOTE,3.857142857142857
ORIGINAL,4.785714285714286
DELAUNAY,4.928571428571429
BORDERLINE2,5.0
