index,0
ORIGINAL,2.857142857142857
SMOTE,2.9285714285714284
BORDERLINE1,3.0
SMOTE_SVM,4.0
DELAUNAY,4.642857142857143
BORDERLINE2,5.142857142857143
GEOMETRIC_SMOTE,5.428571428571429
