index,0
BORDERLINE1,2.142857142857143
SMOTE_SVM,3.5
SMOTE,3.9285714285714284
BORDERLINE2,3.9285714285714284
GEOMETRIC_SMOTE,4.0
ORIGINAL,4.714285714285714
DELAUNAY,5.785714285714286
