index,0
GEOMETRIC_SMOTE,3.357142857142857
DELAUNAY,3.357142857142857
SMOTE_SVM,3.857142857142857
ORIGINAL,4.142857142857143
BORDERLINE2,4.142857142857143
SMOTE,4.5
BORDERLINE1,4.642857142857143
