index,0
SMOTE_SVM,2.2857142857142856
BORDERLINE1,2.9285714285714284
GEOMETRIC_SMOTE,3.7857142857142856
SMOTE,3.857142857142857
ORIGINAL,3.9285714285714284
BORDERLINE2,5.357142857142857
DELAUNAY,5.857142857142857
