index,0
SMOTE_SVM,2.5
BORDERLINE1,2.642857142857143
GEOMETRIC_SMOTE,4.0
SMOTE,4.071428571428571
ORIGINAL,4.285714285714286
DELAUNAY,5.071428571428571
BORDERLINE2,5.428571428571429
