index,0
SMOTE,2.7857142857142856
BORDERLINE1,3.2857142857142856
ORIGINAL,3.9285714285714284
BORDERLINE2,3.9285714285714284
SMOTE_SVM,4.0
GEOMETRIC_SMOTE,4.785714285714286
DELAUNAY,5.285714285714286
