index,0
SMOTE_SVM,2.5
BORDERLINE1,3.5714285714285716
GEOMETRIC_SMOTE,3.857142857142857
DELAUNAY,4.214285714285714
SMOTE,4.357142857142857
BORDERLINE2,4.714285714285714
ORIGINAL,4.785714285714286
