index,0
BORDERLINE1,2.642857142857143
DELAUNAY,3.142857142857143
GEOMETRIC_SMOTE,3.7857142857142856
SMOTE,4.0
BORDERLINE2,4.142857142857143
SMOTE_SVM,4.285714285714286
ORIGINAL,6.0
