index,0
DELAUNAY,2.357142857142857
SMOTE,2.9285714285714284
BORDERLINE1,3.7857142857142856
ORIGINAL,4.214285714285714
SMOTE_SVM,4.357142857142857
BORDERLINE2,4.5
GEOMETRIC_SMOTE,5.857142857142857
