index,0
DELAUNAY,3.0
BORDERLINE2,3.357142857142857
GEOMETRIC_SMOTE,3.4285714285714284
SMOTE_SVM,4.142857142857143
BORDERLINE1,4.142857142857143
SMOTE,4.285714285714286
ORIGINAL,5.642857142857143
