index,0
SMOTE,3.2142857142857144
BORDERLINE2,3.2142857142857144
SMOTE_SVM,3.4285714285714284
BORDERLINE1,3.4285714285714284
GEOMETRIC_SMOTE,3.7142857142857144
DELAUNAY,4.714285714285714
ORIGINAL,6.285714285714286
