index,0
SMOTE_SVM,2.357142857142857
BORDERLINE1,2.642857142857143
SMOTE,3.857142857142857
GEOMETRIC_SMOTE,3.857142857142857
ORIGINAL,4.285714285714286
BORDERLINE2,5.5
DELAUNAY,5.5
