index,0
BORDERLINE1,2.2857142857142856
GEOMETRIC_SMOTE,3.2857142857142856
BORDERLINE2,3.7142857142857144
SMOTE,3.7857142857142856
SMOTE_SVM,4.142857142857143
DELAUNAY,5.214285714285714
ORIGINAL,5.571428571428571
