index,0
ORIGINAL,2.5
BORDERLINE1,3.2142857142857144
SMOTE,3.2857142857142856
SMOTE_SVM,3.7142857142857144
BORDERLINE2,4.928571428571429
DELAUNAY,5.142857142857143
GEOMETRIC_SMOTE,5.214285714285714
