index,0
SMOTE_SVM,3.5
GEOMETRIC_SMOTE,3.7142857142857144
DELAUNAY,3.857142857142857
ORIGINAL,4.0
BORDERLINE1,4.0
BORDERLINE2,4.428571428571429
SMOTE,4.5
