index,0
GEOMETRIC_SMOTE,2.5
BORDERLINE2,3.5714285714285716
ORIGINAL,3.7857142857142856
SMOTE_SVM,4.071428571428571
DELAUNAY,4.357142857142857
SMOTE,4.857142857142857
BORDERLINE1,4.857142857142857
