index,0
BORDERLINE1,2.142857142857143
SMOTE_SVM,3.0
ORIGINAL,4.0
SMOTE,4.071428571428571
BORDERLINE2,4.071428571428571
GEOMETRIC_SMOTE,4.571428571428571
DELAUNAY,6.142857142857143
