index,0
ORIGINAL,3.0
BORDERLINE1,3.0
SMOTE,3.2142857142857144
SMOTE_SVM,3.9285714285714284
DELAUNAY,4.0
BORDERLINE2,5.285714285714286
GEOMETRIC_SMOTE,5.571428571428571
