index,0
SMOTE_SVM,3.142857142857143
GEOMETRIC_SMOTE,3.2142857142857144
BORDERLINE2,3.7142857142857144
BORDERLINE1,4.214285714285714
DELAUNAY,4.285714285714286
ORIGINAL,4.357142857142857
SMOTE,5.071428571428571
