index,0
SMOTE_SVM,3.0714285714285716
BORDERLINE2,3.4285714285714284
BORDERLINE1,3.5
DELAUNAY,4.071428571428571
SMOTE,4.285714285714286
GEOMETRIC_SMOTE,4.357142857142857
ORIGINAL,5.285714285714286
