index,0
GEOMETRIC_SMOTE,2.642857142857143
BORDERLINE2,3.857142857142857
ORIGINAL,3.9285714285714284
SMOTE_SVM,3.9285714285714284
DELAUNAY,4.142857142857143
BORDERLINE1,4.714285714285714
SMOTE,4.785714285714286
