index,0
BORDERLINE2,3.0
SMOTE,3.2142857142857144
SMOTE_SVM,3.642857142857143
BORDERLINE1,3.7142857142857144
DELAUNAY,4.357142857142857
ORIGINAL,4.5
GEOMETRIC_SMOTE,5.571428571428571
