index,0
SMOTE_SVM,2.5714285714285716
BORDERLINE1,3.5
SMOTE,3.7142857142857144
BORDERLINE2,4.357142857142857
GEOMETRIC_SMOTE,4.357142857142857
DELAUNAY,4.428571428571429
ORIGINAL,5.071428571428571
