index,0
SMOTE_SVM,3.0
BORDERLINE1,3.2142857142857144
BORDERLINE2,3.5
SMOTE,4.0
GEOMETRIC_SMOTE,4.0
ORIGINAL,4.928571428571429
DELAUNAY,5.357142857142857
