index,0
GEOMETRIC_SMOTE,2.5
DELAUNAY,3.5714285714285716
BORDERLINE2,3.7142857142857144
ORIGINAL,3.857142857142857
SMOTE_SVM,4.285714285714286
BORDERLINE1,5.0
SMOTE,5.071428571428571
