index,0
SMOTE_SVM,3.0
BORDERLINE1,3.4285714285714284
BORDERLINE2,3.5
SMOTE,4.071428571428571
GEOMETRIC_SMOTE,4.285714285714286
DELAUNAY,4.428571428571429
ORIGINAL,5.285714285714286
