index,0
BORDERLINE1,2.5714285714285716
GEOMETRIC_SMOTE,3.2857142857142856
SMOTE,3.7142857142857144
BORDERLINE2,3.857142857142857
SMOTE_SVM,4.071428571428571
DELAUNAY,4.642857142857143
ORIGINAL,5.857142857142857
