index,0
GEOMETRIC_SMOTE,2.4285714285714284
DELAUNAY,3.7142857142857144
BORDERLINE2,3.9285714285714284
ORIGINAL,4.071428571428571
SMOTE_SVM,4.071428571428571
BORDERLINE1,4.857142857142857
SMOTE,4.928571428571429
