index,0
SMOTE,2.5714285714285716
SMOTE_SVM,2.642857142857143
GEOMETRIC_SMOTE,3.0714285714285716
BORDERLINE1,4.285714285714286
DELAUNAY,4.285714285714286
BORDERLINE2,4.5
ORIGINAL,6.642857142857143
