index,0
SMOTE_SVM,2.9285714285714284
BORDERLINE2,2.9285714285714284
SMOTE,3.357142857142857
GEOMETRIC_SMOTE,3.4285714285714284
BORDERLINE1,3.9285714285714284
DELAUNAY,4.785714285714286
ORIGINAL,6.642857142857143
