index,0
SMOTE_SVM,2.5714285714285716
BORDERLINE1,2.857142857142857
SMOTE,3.857142857142857
GEOMETRIC_SMOTE,3.857142857142857
ORIGINAL,4.714285714285714
BORDERLINE2,5.071428571428571
DELAUNAY,5.071428571428571
