index,0
GEOMETRIC_SMOTE,2.7857142857142856
SMOTE_SVM,3.5
BORDERLINE2,3.7857142857142856
BORDERLINE1,3.9285714285714284
ORIGINAL,4.357142857142857
SMOTE,4.714285714285714
DELAUNAY,4.928571428571429
