index,0
BORDERLINE1,2.4285714285714284
SMOTE_SVM,3.7857142857142856
DELAUNAY,4.0
SMOTE,4.142857142857143
BORDERLINE2,4.357142857142857
GEOMETRIC_SMOTE,4.357142857142857
ORIGINAL,4.928571428571429
