index,0
BORDERLINE1,3.0
BORDERLINE2,3.0
DELAUNAY,3.2142857142857144
SMOTE,3.642857142857143
GEOMETRIC_SMOTE,3.9285714285714284
SMOTE_SVM,4.285714285714286
ORIGINAL,6.928571428571429
