index,0
BORDERLINE1,2.4285714285714284
GEOMETRIC_SMOTE,3.142857142857143
SMOTE,3.857142857142857
BORDERLINE2,3.857142857142857
SMOTE_SVM,4.214285714285714
DELAUNAY,4.928571428571429
ORIGINAL,5.571428571428571
