index,0
BORDERLINE1,3.2142857142857144
ORIGINAL,3.5
SMOTE,3.7857142857142856
SMOTE_SVM,3.7857142857142856
GEOMETRIC_SMOTE,3.857142857142857
BORDERLINE2,4.857142857142857
DELAUNAY,5.0
