index,0
SMOTE_SVM,2.5
BORDERLINE1,3.0
SMOTE,3.7142857142857144
GEOMETRIC_SMOTE,3.7857142857142856
ORIGINAL,4.928571428571429
DELAUNAY,4.928571428571429
BORDERLINE2,5.142857142857143
