index,0
ORIGINAL,3.0
BORDERLINE1,3.0714285714285716
SMOTE,3.142857142857143
DELAUNAY,3.857142857142857
SMOTE_SVM,4.142857142857143
BORDERLINE2,5.357142857142857
GEOMETRIC_SMOTE,5.428571428571429
