index,0
BORDERLINE1,2.0714285714285716
SMOTE_SVM,3.0714285714285716
BORDERLINE2,4.071428571428571
ORIGINAL,4.142857142857143
SMOTE,4.357142857142857
GEOMETRIC_SMOTE,4.714285714285714
DELAUNAY,5.571428571428571
