index,0
SMOTE_SVM,2.4285714285714284
BORDERLINE1,3.5
SMOTE,3.642857142857143
BORDERLINE2,4.214285714285714
GEOMETRIC_SMOTE,4.428571428571429
ORIGINAL,4.785714285714286
DELAUNAY,5.0
