index,0
SMOTE_SVM,2.357142857142857
ORIGINAL,3.4285714285714284
BORDERLINE1,3.7142857142857144
SMOTE,4.0
BORDERLINE2,4.142857142857143
GEOMETRIC_SMOTE,4.285714285714286
DELAUNAY,6.071428571428571
