index,0
GEOMETRIC_SMOTE,3.142857142857143
BORDERLINE2,3.7142857142857144
SMOTE_SVM,3.7857142857142856
BORDERLINE1,3.9285714285714284
DELAUNAY,4.071428571428571
ORIGINAL,4.428571428571429
SMOTE,4.928571428571429
