index,0
SMOTE,2.9285714285714284
BORDERLINE1,3.2142857142857144
BORDERLINE2,3.7857142857142856
ORIGINAL,4.0
SMOTE_SVM,4.0
GEOMETRIC_SMOTE,4.642857142857143
DELAUNAY,5.428571428571429
