index,0
BORDERLINE1,2.5714285714285716
GEOMETRIC_SMOTE,3.2857142857142856
SMOTE,3.5
DELAUNAY,3.9285714285714284
SMOTE_SVM,4.285714285714286
BORDERLINE2,4.285714285714286
ORIGINAL,6.142857142857143
