index,0
SMOTE,2.857142857142857
BORDERLINE1,3.5714285714285716
ORIGINAL,4.142857142857143
SMOTE_SVM,4.142857142857143
DELAUNAY,4.142857142857143
BORDERLINE2,4.214285714285714
GEOMETRIC_SMOTE,4.928571428571429
