index,0
DELAUNAY,2.642857142857143
SMOTE,3.0
SMOTE_SVM,3.5
GEOMETRIC_SMOTE,3.5
BORDERLINE2,4.642857142857143
BORDERLINE1,4.928571428571429
ORIGINAL,5.785714285714286
