index,0
SMOTE_SVM,3.0714285714285716
GEOMETRIC_SMOTE,3.2142857142857144
BORDERLINE2,3.7142857142857144
ORIGINAL,4.142857142857143
BORDERLINE1,4.142857142857143
DELAUNAY,4.5
SMOTE,5.214285714285714
