index,0
BORDERLINE2,3.142857142857143
SMOTE,3.2857142857142856
BORDERLINE1,3.2857142857142856
SMOTE_SVM,3.4285714285714284
GEOMETRIC_SMOTE,3.7142857142857144
DELAUNAY,5.0
ORIGINAL,6.142857142857143
