index,0
BORDERLINE1,3.5
ORIGINAL,3.5714285714285716
SMOTE_SVM,3.5714285714285716
GEOMETRIC_SMOTE,3.642857142857143
SMOTE,3.7857142857142856
BORDERLINE2,4.714285714285714
DELAUNAY,5.214285714285714
