index,0
SMOTE,2.7857142857142856
BORDERLINE1,3.2142857142857144
BORDERLINE2,3.7857142857142856
SMOTE_SVM,3.857142857142857
ORIGINAL,4.0
GEOMETRIC_SMOTE,4.642857142857143
DELAUNAY,5.714285714285714
