index,0
BORDERLINE2,2.857142857142857
SMOTE,3.2142857142857144
BORDERLINE1,3.357142857142857
SMOTE_SVM,3.5
ORIGINAL,4.642857142857143
DELAUNAY,4.857142857142857
GEOMETRIC_SMOTE,5.571428571428571
