index,0
BORDERLINE1,2.4285714285714284
GEOMETRIC_SMOTE,3.142857142857143
SMOTE,3.4285714285714284
BORDERLINE2,3.857142857142857
SMOTE_SVM,4.0
DELAUNAY,5.428571428571429
ORIGINAL,5.714285714285714
