index,0
SMOTE_SVM,3.4285714285714284
GEOMETRIC_SMOTE,3.4285714285714284
BORDERLINE1,3.857142857142857
ORIGINAL,4.071428571428571
BORDERLINE2,4.357142857142857
DELAUNAY,4.357142857142857
SMOTE,4.5
