index,0
BORDERLINE1,3.2142857142857144
ORIGINAL,3.5
SMOTE,3.7857142857142856
SMOTE_SVM,3.7857142857142856
GEOMETRIC_SMOTE,4.0
DELAUNAY,4.714285714285714
BORDERLINE2,5.0
