index,0
BORDERLINE2,2.7142857142857144
SMOTE,2.857142857142857
BORDERLINE1,3.2857142857142856
SMOTE_SVM,3.357142857142857
ORIGINAL,4.571428571428571
GEOMETRIC_SMOTE,5.5
DELAUNAY,5.714285714285714
