index,0
GEOMETRIC_SMOTE,3.0
SMOTE_SVM,3.5
BORDERLINE2,3.7857142857142856
BORDERLINE1,3.857142857142857
ORIGINAL,4.5
DELAUNAY,4.642857142857143
SMOTE,4.714285714285714
