index,0
SMOTE_SVM,2.357142857142857
BORDERLINE1,3.2857142857142856
GEOMETRIC_SMOTE,3.642857142857143
SMOTE,3.7857142857142856
ORIGINAL,4.214285714285714
BORDERLINE2,4.714285714285714
DELAUNAY,6.0
