index,0
SMOTE_SVM,2.2857142857142856
ORIGINAL,3.5
BORDERLINE1,3.857142857142857
SMOTE,4.142857142857143
BORDERLINE2,4.357142857142857
GEOMETRIC_SMOTE,4.428571428571429
DELAUNAY,5.428571428571429
