index,0
GEOMETRIC_SMOTE,2.9285714285714284
SMOTE_SVM,3.357142857142857
BORDERLINE1,3.7142857142857144
BORDERLINE2,3.9285714285714284
ORIGINAL,4.428571428571429
SMOTE,4.642857142857143
DELAUNAY,5.0
