index,0
GEOMETRIC_SMOTE,2.5714285714285716
ORIGINAL,3.642857142857143
SMOTE_SVM,3.7857142857142856
BORDERLINE2,4.142857142857143
DELAUNAY,4.5
SMOTE,4.642857142857143
BORDERLINE1,4.714285714285714
