index,0
BORDERLINE2,2.857142857142857
SMOTE,3.0
BORDERLINE1,3.2857142857142856
SMOTE_SVM,3.5
ORIGINAL,4.5
GEOMETRIC_SMOTE,5.428571428571429
DELAUNAY,5.428571428571429
