index,0
BORDERLINE2,2.9285714285714284
SMOTE,3.142857142857143
BORDERLINE1,3.5
SMOTE_SVM,3.7142857142857144
DELAUNAY,4.357142857142857
ORIGINAL,4.642857142857143
GEOMETRIC_SMOTE,5.714285714285714
