index,0
BORDERLINE1,2.4285714285714284
GEOMETRIC_SMOTE,3.142857142857143
SMOTE,3.7142857142857144
BORDERLINE2,3.9285714285714284
SMOTE_SVM,4.0
DELAUNAY,4.714285714285714
ORIGINAL,6.071428571428571
