index,0
SMOTE_SVM,3.2857142857142856
BORDERLINE1,3.5714285714285716
BORDERLINE2,3.7857142857142856
DELAUNAY,3.7857142857142856
SMOTE,4.214285714285714
GEOMETRIC_SMOTE,4.428571428571429
ORIGINAL,4.928571428571429
