index,0
GEOMETRIC_SMOTE,3.357142857142857
DELAUNAY,3.357142857142857
ORIGINAL,4.0
SMOTE_SVM,4.0
BORDERLINE2,4.0
SMOTE,4.5
BORDERLINE1,4.785714285714286
