index,0
DELAUNAY,2.7857142857142856
SMOTE,2.9285714285714284
SMOTE_SVM,3.142857142857143
GEOMETRIC_SMOTE,3.142857142857143
BORDERLINE1,4.571428571428571
BORDERLINE2,4.785714285714286
ORIGINAL,6.642857142857143
