index,0
BORDERLINE1,2.5714285714285716
GEOMETRIC_SMOTE,3.4285714285714284
SMOTE,3.7142857142857144
BORDERLINE2,3.857142857142857
SMOTE_SVM,4.142857142857143
DELAUNAY,4.571428571428571
ORIGINAL,5.714285714285714
