index,0
GEOMETRIC_SMOTE,3.2857142857142856
SMOTE_SVM,3.4285714285714284
DELAUNAY,3.5714285714285716
BORDERLINE2,4.071428571428571
ORIGINAL,4.214285714285714
BORDERLINE1,4.214285714285714
SMOTE,5.214285714285714
