index,0
SMOTE_SVM,2.4285714285714284
BORDERLINE1,2.857142857142857
ORIGINAL,3.857142857142857
SMOTE,3.857142857142857
GEOMETRIC_SMOTE,3.9285714285714284
BORDERLINE2,5.428571428571429
DELAUNAY,5.642857142857143
