index,0
ORIGINAL,2.0714285714285716
BORDERLINE1,3.142857142857143
SMOTE_SVM,3.4285714285714284
SMOTE,3.7142857142857144
GEOMETRIC_SMOTE,5.0
DELAUNAY,5.0
BORDERLINE2,5.642857142857143
