index,0
BORDERLINE2,3.2142857142857144
GEOMETRIC_SMOTE,3.4285714285714284
DELAUNAY,3.857142857142857
SMOTE_SVM,4.0
BORDERLINE1,4.0
SMOTE,4.142857142857143
ORIGINAL,5.357142857142857
