index,0
SMOTE_SVM,2.2857142857142856
BORDERLINE1,3.0714285714285716
GEOMETRIC_SMOTE,4.071428571428571
SMOTE,4.142857142857143
BORDERLINE2,4.571428571428571
ORIGINAL,4.785714285714286
DELAUNAY,5.071428571428571
