index,0
BORDERLINE1,2.357142857142857
BORDERLINE2,3.5714285714285716
GEOMETRIC_SMOTE,3.642857142857143
SMOTE,3.7142857142857144
SMOTE_SVM,3.857142857142857
DELAUNAY,5.142857142857143
ORIGINAL,5.714285714285714
