index,0
BORDERLINE1,2.0
SMOTE_SVM,3.5
SMOTE,3.857142857142857
BORDERLINE2,3.9285714285714284
GEOMETRIC_SMOTE,3.9285714285714284
ORIGINAL,4.5
DELAUNAY,6.285714285714286
