index,0
SMOTE,2.7857142857142856
SMOTE_SVM,2.9285714285714284
DELAUNAY,3.0714285714285716
GEOMETRIC_SMOTE,3.2142857142857144
BORDERLINE1,4.714285714285714
BORDERLINE2,4.785714285714286
ORIGINAL,6.5
