index,0
SMOTE_SVM,2.357142857142857
BORDERLINE1,3.5714285714285716
GEOMETRIC_SMOTE,3.7142857142857144
SMOTE,3.9285714285714284
ORIGINAL,4.5
DELAUNAY,4.928571428571429
BORDERLINE2,5.0
