index,0
GEOMETRIC_SMOTE,3.5
SMOTE_SVM,3.5714285714285716
DELAUNAY,3.7857142857142856
BORDERLINE1,4.071428571428571
ORIGINAL,4.142857142857143
BORDERLINE2,4.285714285714286
SMOTE,4.642857142857143
