index,0
BORDERLINE1,2.142857142857143
SMOTE_SVM,3.142857142857143
BORDERLINE2,4.071428571428571
ORIGINAL,4.285714285714286
SMOTE,4.285714285714286
GEOMETRIC_SMOTE,4.5
DELAUNAY,5.571428571428571
