index,0
SMOTE_SVM,3.5714285714285716
GEOMETRIC_SMOTE,3.642857142857143
DELAUNAY,3.7142857142857144
BORDERLINE1,4.0
ORIGINAL,4.142857142857143
BORDERLINE2,4.357142857142857
SMOTE,4.571428571428571
