index,0
BORDERLINE1,3.0
ORIGINAL,3.5
SMOTE,3.642857142857143
SMOTE_SVM,3.7857142857142856
GEOMETRIC_SMOTE,4.142857142857143
DELAUNAY,4.928571428571429
BORDERLINE2,5.0
