index,0
BORDERLINE1,3.0714285714285716
SMOTE_SVM,3.642857142857143
SMOTE,3.7857142857142856
ORIGINAL,4.0
GEOMETRIC_SMOTE,4.214285714285714
BORDERLINE2,4.285714285714286
DELAUNAY,5.0
