index,0
GEOMETRIC_SMOTE,3.2857142857142856
DELAUNAY,3.5714285714285716
BORDERLINE2,3.857142857142857
ORIGINAL,4.0
SMOTE_SVM,4.0
SMOTE,4.5
BORDERLINE1,4.785714285714286
