index,0
BORDERLINE1,2.5714285714285716
GEOMETRIC_SMOTE,3.2857142857142856
DELAUNAY,3.5
SMOTE,4.071428571428571
BORDERLINE2,4.285714285714286
SMOTE_SVM,4.428571428571429
ORIGINAL,5.857142857142857
