index,0
SMOTE_SVM,2.5
BORDERLINE1,2.7142857142857144
SMOTE,3.642857142857143
GEOMETRIC_SMOTE,3.857142857142857
ORIGINAL,4.357142857142857
BORDERLINE2,4.714285714285714
DELAUNAY,6.214285714285714
