index,0
BORDERLINE1,3.142857142857143
SMOTE_SVM,3.5714285714285716
SMOTE,3.7857142857142856
ORIGINAL,4.0
BORDERLINE2,4.142857142857143
GEOMETRIC_SMOTE,4.571428571428571
DELAUNAY,4.785714285714286
