index,0
BORDERLINE1,2.142857142857143
SMOTE_SVM,3.7142857142857144
SMOTE,4.142857142857143
GEOMETRIC_SMOTE,4.214285714285714
BORDERLINE2,4.285714285714286
DELAUNAY,4.714285714285714
ORIGINAL,4.785714285714286
