index,0
ORIGINAL,3.4285714285714284
SMOTE_SVM,3.4285714285714284
BORDERLINE1,3.5
SMOTE,3.642857142857143
GEOMETRIC_SMOTE,3.7857142857142856
BORDERLINE2,4.428571428571429
DELAUNAY,5.785714285714286
