index,0
SMOTE_SVM,2.4285714285714284
BORDERLINE1,2.9285714285714284
SMOTE,3.857142857142857
ORIGINAL,4.0
GEOMETRIC_SMOTE,4.071428571428571
DELAUNAY,5.285714285714286
BORDERLINE2,5.428571428571429
