index,0
BORDERLINE2,3.0
SMOTE,3.0714285714285716
BORDERLINE1,3.4285714285714284
SMOTE_SVM,3.5714285714285716
ORIGINAL,4.642857142857143
DELAUNAY,4.714285714285714
GEOMETRIC_SMOTE,5.571428571428571
