index,0
ORIGINAL,2.5714285714285716
BORDERLINE1,3.2857142857142856
SMOTE,3.5
SMOTE_SVM,3.9285714285714284
DELAUNAY,4.0
BORDERLINE2,5.071428571428571
GEOMETRIC_SMOTE,5.642857142857143
