index,0
SMOTE_SVM,3.5
GEOMETRIC_SMOTE,3.5714285714285716
BORDERLINE1,3.9285714285714284
DELAUNAY,4.0
ORIGINAL,4.142857142857143
BORDERLINE2,4.285714285714286
SMOTE,4.571428571428571
