index,0
BORDERLINE2,2.857142857142857
SMOTE,3.2142857142857144
SMOTE_SVM,3.5
BORDERLINE1,3.5
ORIGINAL,4.642857142857143
DELAUNAY,4.714285714285714
GEOMETRIC_SMOTE,5.571428571428571
