index,0
BORDERLINE1,3.142857142857143
SMOTE,3.2857142857142856
GEOMETRIC_SMOTE,3.5
SMOTE_SVM,3.642857142857143
BORDERLINE2,4.428571428571429
ORIGINAL,4.857142857142857
DELAUNAY,5.142857142857143
