index,0
BORDERLINE2,3.0
SMOTE,3.142857142857143
BORDERLINE1,3.2142857142857144
SMOTE_SVM,3.2857142857142856
GEOMETRIC_SMOTE,3.642857142857143
DELAUNAY,5.428571428571429
ORIGINAL,6.285714285714286
