index,0
BORDERLINE1,2.2142857142857144
GEOMETRIC_SMOTE,3.5
BORDERLINE2,3.7142857142857144
SMOTE,4.0
SMOTE_SVM,4.0
DELAUNAY,5.0
ORIGINAL,5.571428571428571
