index,0
GEOMETRIC_SMOTE,2.357142857142857
BORDERLINE2,3.642857142857143
ORIGINAL,3.857142857142857
DELAUNAY,4.0
SMOTE_SVM,4.214285714285714
BORDERLINE1,4.857142857142857
SMOTE,5.071428571428571
