index,0
BORDERLINE2,3.2142857142857144
SMOTE,3.357142857142857
BORDERLINE1,3.357142857142857
SMOTE_SVM,3.5
GEOMETRIC_SMOTE,3.7857142857142856
DELAUNAY,4.357142857142857
ORIGINAL,6.428571428571429
