index,0
SMOTE_SVM,2.357142857142857
BORDERLINE1,2.857142857142857
SMOTE,3.5
GEOMETRIC_SMOTE,3.857142857142857
ORIGINAL,4.785714285714286
BORDERLINE2,4.857142857142857
DELAUNAY,5.785714285714286
