index,0
DELAUNAY,2.7857142857142856
SMOTE_SVM,3.357142857142857
GEOMETRIC_SMOTE,3.4285714285714284
BORDERLINE2,4.142857142857143
BORDERLINE1,4.357142857142857
ORIGINAL,4.571428571428571
SMOTE,5.357142857142857
