index,0
SMOTE_SVM,2.4285714285714284
SMOTE,3.7142857142857144
BORDERLINE1,3.7142857142857144
BORDERLINE2,4.428571428571429
GEOMETRIC_SMOTE,4.428571428571429
DELAUNAY,4.571428571428571
ORIGINAL,4.714285714285714
