index,0
SMOTE_SVM,2.857142857142857
SMOTE,3.0714285714285716
BORDERLINE1,3.5714285714285716
DELAUNAY,3.7857142857142856
BORDERLINE2,4.071428571428571
GEOMETRIC_SMOTE,5.0
ORIGINAL,5.642857142857143
