index,0
DELAUNAY,2.857142857142857
SMOTE,3.0
GEOMETRIC_SMOTE,3.4285714285714284
SMOTE_SVM,3.5
BORDERLINE2,4.571428571428571
BORDERLINE1,4.785714285714286
ORIGINAL,5.857142857142857
