index,0
GEOMETRIC_SMOTE,2.642857142857143
BORDERLINE1,3.0
BORDERLINE2,3.5
DELAUNAY,3.7857142857142856
SMOTE,4.214285714285714
SMOTE_SVM,4.357142857142857
ORIGINAL,6.5
