index,0
GEOMETRIC_SMOTE,2.857142857142857
BORDERLINE2,3.357142857142857
SMOTE_SVM,3.5714285714285716
BORDERLINE1,4.0
ORIGINAL,4.214285714285714
SMOTE,4.714285714285714
DELAUNAY,5.285714285714286
