index,0
ORIGINAL,3.5
BORDERLINE1,3.5
SMOTE_SVM,3.5714285714285716
GEOMETRIC_SMOTE,3.5714285714285716
SMOTE,3.7857142857142856
BORDERLINE2,4.714285714285714
DELAUNAY,5.357142857142857
