index,0
SMOTE_SVM,2.2857142857142856
SMOTE,3.5
BORDERLINE1,3.5
BORDERLINE2,4.142857142857143
GEOMETRIC_SMOTE,4.428571428571429
ORIGINAL,4.714285714285714
DELAUNAY,5.428571428571429
