index,0
BORDERLINE1,3.0
SMOTE_SVM,3.4285714285714284
SMOTE,3.5714285714285716
ORIGINAL,3.9285714285714284
BORDERLINE2,4.0
GEOMETRIC_SMOTE,4.428571428571429
DELAUNAY,5.642857142857143
