index,0
SMOTE_SVM,2.142857142857143
BORDERLINE1,2.857142857142857
SMOTE,3.9285714285714284
GEOMETRIC_SMOTE,3.9285714285714284
BORDERLINE2,4.142857142857143
ORIGINAL,4.928571428571429
DELAUNAY,6.071428571428571
