index,0
SMOTE_SVM,2.5714285714285716
BORDERLINE1,3.0714285714285716
ORIGINAL,4.0
SMOTE,4.0
GEOMETRIC_SMOTE,4.214285714285714
DELAUNAY,4.571428571428571
BORDERLINE2,5.571428571428571
