index,0
GEOMETRIC_SMOTE,2.5
BORDERLINE2,3.642857142857143
DELAUNAY,3.857142857142857
ORIGINAL,4.0
SMOTE_SVM,4.142857142857143
BORDERLINE1,4.785714285714286
SMOTE,5.071428571428571
