index,0
BORDERLINE2,2.857142857142857
SMOTE,3.2142857142857144
BORDERLINE1,3.5
SMOTE_SVM,3.642857142857143
ORIGINAL,4.5
DELAUNAY,4.857142857142857
GEOMETRIC_SMOTE,5.428571428571429
