index,0
BORDERLINE2,2.857142857142857
BORDERLINE1,3.142857142857143
DELAUNAY,3.357142857142857
SMOTE,3.5714285714285716
GEOMETRIC_SMOTE,3.9285714285714284
SMOTE_SVM,4.214285714285714
ORIGINAL,6.928571428571429
