index,0
BORDERLINE1,2.4285714285714284
GEOMETRIC_SMOTE,3.0
SMOTE,3.4285714285714284
BORDERLINE2,4.0
SMOTE_SVM,4.142857142857143
DELAUNAY,5.0
ORIGINAL,6.0
