index,0
SMOTE_SVM,2.357142857142857
BORDERLINE1,2.857142857142857
SMOTE,3.5714285714285716
GEOMETRIC_SMOTE,3.7142857142857144
ORIGINAL,4.5
BORDERLINE2,4.714285714285714
DELAUNAY,6.285714285714286
