index,0
GEOMETRIC_SMOTE,3.357142857142857
DELAUNAY,3.5
SMOTE_SVM,3.7857142857142856
ORIGINAL,4.071428571428571
BORDERLINE2,4.071428571428571
SMOTE,4.5
BORDERLINE1,4.714285714285714
