index,0
SMOTE_SVM,2.5
BORDERLINE1,2.7857142857142856
SMOTE,4.071428571428571
GEOMETRIC_SMOTE,4.214285714285714
DELAUNAY,4.285714285714286
ORIGINAL,4.428571428571429
BORDERLINE2,5.714285714285714
