index,0
SMOTE_SVM,2.357142857142857
BORDERLINE1,3.2857142857142856
GEOMETRIC_SMOTE,3.5714285714285716
SMOTE,3.857142857142857
ORIGINAL,4.714285714285714
BORDERLINE2,4.714285714285714
DELAUNAY,5.5
