index,0
GEOMETRIC_SMOTE,3.2857142857142856
SMOTE,3.357142857142857
SMOTE_SVM,3.7142857142857144
DELAUNAY,3.7142857142857144
BORDERLINE1,4.0
BORDERLINE2,4.142857142857143
ORIGINAL,5.785714285714286
