index,0
BORDERLINE1,2.2857142857142856
GEOMETRIC_SMOTE,3.0
SMOTE,3.4285714285714284
BORDERLINE2,4.0
SMOTE_SVM,4.142857142857143
DELAUNAY,5.285714285714286
ORIGINAL,5.857142857142857
