index,0
BORDERLINE1,2.4285714285714284
GEOMETRIC_SMOTE,3.357142857142857
SMOTE,3.7142857142857144
BORDERLINE2,3.857142857142857
SMOTE_SVM,3.9285714285714284
DELAUNAY,5.142857142857143
ORIGINAL,5.571428571428571
