index,0
SMOTE_SVM,2.5
BORDERLINE1,3.0
SMOTE,3.7142857142857144
GEOMETRIC_SMOTE,4.071428571428571
ORIGINAL,4.785714285714286
DELAUNAY,4.785714285714286
BORDERLINE2,5.142857142857143
