index,0
SMOTE,2.5714285714285716
DELAUNAY,3.7142857142857144
BORDERLINE1,3.7857142857142856
ORIGINAL,3.857142857142857
BORDERLINE2,4.142857142857143
SMOTE_SVM,4.357142857142857
GEOMETRIC_SMOTE,5.571428571428571
