index,0
GEOMETRIC_SMOTE,3.2857142857142856
ORIGINAL,3.5714285714285716
BORDERLINE1,3.5714285714285716
SMOTE_SVM,3.642857142857143
SMOTE,3.9285714285714284
BORDERLINE2,4.857142857142857
DELAUNAY,5.142857142857143
