index,0
ORIGINAL,2.7857142857142856
BORDERLINE1,3.2857142857142856
DELAUNAY,3.5714285714285716
SMOTE,3.7142857142857144
SMOTE_SVM,4.285714285714286
BORDERLINE2,4.928571428571429
GEOMETRIC_SMOTE,5.428571428571429
