index,0
BORDERLINE1,2.357142857142857
SMOTE_SVM,3.2142857142857144
ORIGINAL,4.214285714285714
BORDERLINE2,4.285714285714286
SMOTE,4.5
GEOMETRIC_SMOTE,4.714285714285714
DELAUNAY,4.714285714285714
