index,0
GEOMETRIC_SMOTE,2.5
DELAUNAY,3.5
ORIGINAL,3.7857142857142856
BORDERLINE2,3.7857142857142856
SMOTE_SVM,4.285714285714286
SMOTE,5.071428571428571
BORDERLINE1,5.071428571428571
