index,0
ORIGINAL,2.2857142857142856
BORDERLINE1,3.2142857142857144
SMOTE,3.7142857142857144
SMOTE_SVM,3.857142857142857
DELAUNAY,4.285714285714286
GEOMETRIC_SMOTE,5.071428571428571
BORDERLINE2,5.571428571428571
