index,0
GEOMETRIC_SMOTE,2.5714285714285716
SMOTE_SVM,3.7857142857142856
ORIGINAL,3.857142857142857
BORDERLINE2,4.0
DELAUNAY,4.285714285714286
BORDERLINE1,4.714285714285714
SMOTE,4.785714285714286
