index,0
GEOMETRIC_SMOTE,3.4285714285714284
DELAUNAY,3.642857142857143
SMOTE_SVM,3.7142857142857144
ORIGINAL,4.071428571428571
BORDERLINE1,4.071428571428571
BORDERLINE2,4.428571428571429
SMOTE,4.642857142857143
