index,0
SMOTE_SVM,2.0714285714285716
ORIGINAL,3.5
BORDERLINE1,3.9285714285714284
GEOMETRIC_SMOTE,3.9285714285714284
SMOTE,4.0
BORDERLINE2,4.714285714285714
DELAUNAY,5.857142857142857
