index,0
GEOMETRIC_SMOTE,2.7857142857142856
BORDERLINE1,3.0
DELAUNAY,3.5
BORDERLINE2,3.5714285714285716
SMOTE,4.357142857142857
SMOTE_SVM,4.357142857142857
ORIGINAL,6.428571428571429
