index,0
SMOTE_SVM,3.0714285714285716
BORDERLINE2,3.0714285714285716
GEOMETRIC_SMOTE,3.357142857142857
SMOTE,3.5
BORDERLINE1,4.071428571428571
DELAUNAY,4.285714285714286
ORIGINAL,6.642857142857143
