index,0
SMOTE_SVM,2.5714285714285716
BORDERLINE1,3.0714285714285716
SMOTE,3.9285714285714284
ORIGINAL,4.142857142857143
GEOMETRIC_SMOTE,4.214285714285714
DELAUNAY,4.357142857142857
BORDERLINE2,5.714285714285714
