index,0
SMOTE,2.857142857142857
ORIGINAL,3.0
BORDERLINE1,3.142857142857143
SMOTE_SVM,4.0
DELAUNAY,4.142857142857143
BORDERLINE2,5.428571428571429
GEOMETRIC_SMOTE,5.428571428571429
