index,0
DELAUNAY,3.0
BORDERLINE2,3.357142857142857
GEOMETRIC_SMOTE,3.357142857142857
BORDERLINE1,4.071428571428571
SMOTE_SVM,4.142857142857143
SMOTE,4.357142857142857
ORIGINAL,5.714285714285714
