index,0
GEOMETRIC_SMOTE,2.5714285714285716
BORDERLINE2,3.7857142857142856
ORIGINAL,3.857142857142857
SMOTE_SVM,3.857142857142857
DELAUNAY,4.428571428571429
SMOTE,4.714285714285714
BORDERLINE1,4.785714285714286
