index,0
GEOMETRIC_SMOTE,3.2857142857142856
SMOTE,3.5
SMOTE_SVM,3.5
BORDERLINE1,3.9285714285714284
BORDERLINE2,4.142857142857143
DELAUNAY,4.785714285714286
ORIGINAL,4.857142857142857
