index,0
BORDERLINE2,2.857142857142857
SMOTE,3.0714285714285716
BORDERLINE1,3.4285714285714284
SMOTE_SVM,3.5
ORIGINAL,4.357142857142857
DELAUNAY,5.285714285714286
GEOMETRIC_SMOTE,5.5
