index,0
GEOMETRIC_SMOTE,2.857142857142857
BORDERLINE1,3.4285714285714284
SMOTE,3.642857142857143
SMOTE_SVM,3.7142857142857144
DELAUNAY,3.7142857142857144
BORDERLINE2,4.428571428571429
ORIGINAL,6.214285714285714
