index,0
SMOTE,2.857142857142857
BORDERLINE1,3.4285714285714284
ORIGINAL,4.071428571428571
SMOTE_SVM,4.071428571428571
BORDERLINE2,4.214285714285714
DELAUNAY,4.5
GEOMETRIC_SMOTE,4.857142857142857
