index,0
SMOTE_SVM,2.357142857142857
BORDERLINE1,3.0
SMOTE,3.857142857142857
GEOMETRIC_SMOTE,3.9285714285714284
ORIGINAL,4.071428571428571
DELAUNAY,5.285714285714286
BORDERLINE2,5.5
