index,0
SMOTE_SVM,3.0
BORDERLINE2,3.357142857142857
BORDERLINE1,3.5
SMOTE,4.071428571428571
GEOMETRIC_SMOTE,4.357142857142857
DELAUNAY,4.428571428571429
ORIGINAL,5.285714285714286
