index,0
ORIGINAL,2.857142857142857
SMOTE,3.2857142857142856
BORDERLINE1,3.5714285714285716
DELAUNAY,3.642857142857143
SMOTE_SVM,3.9285714285714284
BORDERLINE2,5.071428571428571
GEOMETRIC_SMOTE,5.642857142857143
