index,0
SMOTE_SVM,2.4285714285714284
ORIGINAL,3.357142857142857
BORDERLINE1,3.7857142857142856
SMOTE,4.0
BORDERLINE2,4.357142857142857
GEOMETRIC_SMOTE,4.357142857142857
DELAUNAY,5.714285714285714
