index,0
BORDERLINE2,3.142857142857143
DELAUNAY,3.357142857142857
SMOTE,3.4285714285714284
BORDERLINE1,3.7142857142857144
SMOTE_SVM,3.857142857142857
ORIGINAL,4.714285714285714
GEOMETRIC_SMOTE,5.785714285714286
