index,0
ORIGINAL,2.2857142857142856
BORDERLINE1,3.2857142857142856
SMOTE,3.5714285714285716
SMOTE_SVM,3.857142857142857
DELAUNAY,4.428571428571429
GEOMETRIC_SMOTE,5.071428571428571
BORDERLINE2,5.5
