index,0
ORIGINAL,2.2142857142857144
BORDERLINE1,3.0
SMOTE,3.357142857142857
SMOTE_SVM,3.5
GEOMETRIC_SMOTE,4.928571428571429
BORDERLINE2,5.142857142857143
DELAUNAY,5.857142857142857
