index,0
SMOTE,3.0714285714285716
BORDERLINE2,3.0714285714285716
BORDERLINE1,3.642857142857143
SMOTE_SVM,3.7142857142857144
DELAUNAY,4.285714285714286
ORIGINAL,4.571428571428571
GEOMETRIC_SMOTE,5.642857142857143
