index,0
DELAUNAY,2.857142857142857
GEOMETRIC_SMOTE,2.9285714285714284
BORDERLINE1,3.142857142857143
BORDERLINE2,3.7857142857142856
SMOTE,4.214285714285714
SMOTE_SVM,4.571428571428571
ORIGINAL,6.5
