index,0
SMOTE_SVM,3.0
BORDERLINE2,3.0
GEOMETRIC_SMOTE,3.142857142857143
SMOTE,3.4285714285714284
BORDERLINE1,3.642857142857143
DELAUNAY,5.142857142857143
ORIGINAL,6.642857142857143
