index,0
BORDERLINE1,3.0
GEOMETRIC_SMOTE,3.5
SMOTE,3.5714285714285716
SMOTE_SVM,3.642857142857143
ORIGINAL,4.5
BORDERLINE2,4.571428571428571
DELAUNAY,5.214285714285714
