index,0
GEOMETRIC_SMOTE,3.2857142857142856
SMOTE_SVM,3.642857142857143
ORIGINAL,3.7857142857142856
BORDERLINE2,3.7857142857142856
SMOTE,4.142857142857143
BORDERLINE1,4.428571428571429
DELAUNAY,4.928571428571429
