index,0
ORIGINAL,2.142857142857143
SMOTE,3.2857142857142856
BORDERLINE1,3.2857142857142856
SMOTE_SVM,3.642857142857143
DELAUNAY,4.928571428571429
GEOMETRIC_SMOTE,5.071428571428571
BORDERLINE2,5.642857142857143
