index,0
DELAUNAY,3.2857142857142856
SMOTE_SVM,3.357142857142857
GEOMETRIC_SMOTE,3.4285714285714284
BORDERLINE2,4.0
BORDERLINE1,4.285714285714286
ORIGINAL,4.428571428571429
SMOTE,5.214285714285714
