index,0
SMOTE,2.5714285714285716
SMOTE_SVM,2.7142857142857144
GEOMETRIC_SMOTE,3.2142857142857144
DELAUNAY,3.9285714285714284
BORDERLINE1,4.428571428571429
BORDERLINE2,4.642857142857143
ORIGINAL,6.5
