index,0
BORDERLINE1,2.142857142857143
SMOTE_SVM,3.5714285714285716
BORDERLINE2,4.071428571428571
SMOTE,4.142857142857143
GEOMETRIC_SMOTE,4.142857142857143
ORIGINAL,4.857142857142857
DELAUNAY,5.071428571428571
