index,0
BORDERLINE1,2.142857142857143
SMOTE_SVM,3.2142857142857144
ORIGINAL,4.214285714285714
BORDERLINE2,4.285714285714286
SMOTE,4.428571428571429
GEOMETRIC_SMOTE,4.714285714285714
DELAUNAY,5.0
