index,0
GEOMETRIC_SMOTE,2.4285714285714284
BORDERLINE2,3.642857142857143
ORIGINAL,3.7142857142857144
SMOTE_SVM,4.142857142857143
DELAUNAY,4.357142857142857
BORDERLINE1,4.785714285714286
SMOTE,4.928571428571429
