index,0
SMOTE,2.857142857142857
DELAUNAY,3.142857142857143
GEOMETRIC_SMOTE,3.2857142857142856
SMOTE_SVM,3.357142857142857
BORDERLINE2,4.642857142857143
BORDERLINE1,4.928571428571429
ORIGINAL,5.785714285714286
