index,0
SMOTE,2.857142857142857
BORDERLINE1,3.357142857142857
SMOTE_SVM,4.0
ORIGINAL,4.071428571428571
BORDERLINE2,4.142857142857143
GEOMETRIC_SMOTE,4.785714285714286
DELAUNAY,4.785714285714286
