index,0
BORDERLINE2,2.9285714285714284
SMOTE_SVM,3.0
GEOMETRIC_SMOTE,3.0
SMOTE,3.4285714285714284
BORDERLINE1,3.7142857142857144
DELAUNAY,5.285714285714286
ORIGINAL,6.642857142857143
