index,0
GEOMETRIC_SMOTE,3.142857142857143
ORIGINAL,3.7142857142857144
SMOTE_SVM,3.857142857142857
BORDERLINE2,3.857142857142857
SMOTE,4.357142857142857
DELAUNAY,4.428571428571429
BORDERLINE1,4.642857142857143
