index,0
BORDERLINE2,3.142857142857143
DELAUNAY,3.2142857142857144
SMOTE,3.4285714285714284
BORDERLINE1,3.7142857142857144
SMOTE_SVM,4.0
ORIGINAL,4.785714285714286
GEOMETRIC_SMOTE,5.714285714285714
