index,0
SMOTE_SVM,2.4285714285714284
ORIGINAL,3.642857142857143
BORDERLINE1,3.857142857142857
SMOTE,4.285714285714286
BORDERLINE2,4.357142857142857
GEOMETRIC_SMOTE,4.428571428571429
DELAUNAY,5.0
