index,0
SMOTE_SVM,2.7857142857142856
BORDERLINE1,3.0
BORDERLINE2,3.357142857142857
GEOMETRIC_SMOTE,3.9285714285714284
SMOTE,4.0
ORIGINAL,5.071428571428571
DELAUNAY,5.857142857142857
