index,0
BORDERLINE1,2.4285714285714284
GEOMETRIC_SMOTE,3.2857142857142856
SMOTE,3.5714285714285716
BORDERLINE2,3.642857142857143
SMOTE_SVM,3.857142857142857
ORIGINAL,5.571428571428571
DELAUNAY,5.642857142857143
