index,0
SMOTE_SVM,3.0
BORDERLINE1,3.357142857142857
BORDERLINE2,3.5
SMOTE,4.214285714285714
GEOMETRIC_SMOTE,4.214285714285714
DELAUNAY,4.285714285714286
ORIGINAL,5.428571428571429
