index,0
SMOTE_SVM,3.5
GEOMETRIC_SMOTE,3.5714285714285716
DELAUNAY,3.857142857142857
BORDERLINE1,4.0
ORIGINAL,4.071428571428571
BORDERLINE2,4.428571428571429
SMOTE,4.571428571428571
