index,0
SMOTE_SVM,2.0714285714285716
ORIGINAL,3.142857142857143
BORDERLINE1,3.857142857142857
GEOMETRIC_SMOTE,4.0
SMOTE,4.428571428571429
BORDERLINE2,4.714285714285714
DELAUNAY,5.785714285714286
