index,0
GEOMETRIC_SMOTE,2.857142857142857
SMOTE_SVM,3.4285714285714284
BORDERLINE2,3.4285714285714284
BORDERLINE1,3.7142857142857144
ORIGINAL,4.071428571428571
SMOTE,4.571428571428571
DELAUNAY,5.928571428571429
