index,0
BORDERLINE1,2.857142857142857
GEOMETRIC_SMOTE,3.5714285714285716
SMOTE,3.642857142857143
SMOTE_SVM,3.9285714285714284
BORDERLINE2,4.071428571428571
ORIGINAL,4.142857142857143
DELAUNAY,5.785714285714286
