index,0
GEOMETRIC_SMOTE,2.5
ORIGINAL,3.7142857142857144
BORDERLINE2,3.7857142857142856
DELAUNAY,3.7857142857142856
SMOTE_SVM,4.285714285714286
BORDERLINE1,4.857142857142857
SMOTE,5.071428571428571
