index,0
BORDERLINE1,2.9285714285714284
ORIGINAL,3.4285714285714284
SMOTE_SVM,3.5714285714285716
SMOTE,3.642857142857143
GEOMETRIC_SMOTE,4.428571428571429
BORDERLINE2,4.714285714285714
DELAUNAY,5.285714285714286
