index,0
BORDERLINE1,2.7857142857142856
ORIGINAL,3.4285714285714284
SMOTE,3.642857142857143
SMOTE_SVM,3.642857142857143
GEOMETRIC_SMOTE,4.142857142857143
BORDERLINE2,4.785714285714286
DELAUNAY,5.571428571428571
