index,0
SMOTE,2.857142857142857
DELAUNAY,3.0
BORDERLINE1,3.7857142857142856
ORIGINAL,3.857142857142857
SMOTE_SVM,4.285714285714286
BORDERLINE2,4.285714285714286
GEOMETRIC_SMOTE,5.928571428571429
