index,0
SMOTE,2.857142857142857
BORDERLINE1,3.5
ORIGINAL,4.0
BORDERLINE2,4.071428571428571
DELAUNAY,4.214285714285714
SMOTE_SVM,4.285714285714286
GEOMETRIC_SMOTE,5.071428571428571
