index,0
SMOTE_SVM,3.0714285714285716
SMOTE,3.142857142857143
DELAUNAY,3.4285714285714284
BORDERLINE1,3.642857142857143
BORDERLINE2,4.071428571428571
GEOMETRIC_SMOTE,5.0
ORIGINAL,5.642857142857143
