index,0
BORDERLINE1,2.7142857142857144
GEOMETRIC_SMOTE,3.2142857142857144
DELAUNAY,3.642857142857143
SMOTE,3.857142857142857
SMOTE_SVM,4.142857142857143
BORDERLINE2,4.285714285714286
ORIGINAL,6.142857142857143
