index,0
DELAUNAY,2.7142857142857144
BORDERLINE2,3.2142857142857144
GEOMETRIC_SMOTE,3.5
SMOTE_SVM,4.071428571428571
BORDERLINE1,4.285714285714286
SMOTE,4.5
ORIGINAL,5.714285714285714
