index,0
BORDERLINE2,3.142857142857143
GEOMETRIC_SMOTE,3.357142857142857
DELAUNAY,3.5
BORDERLINE1,4.0
SMOTE,4.142857142857143
SMOTE_SVM,4.214285714285714
ORIGINAL,5.642857142857143
