index,0
BORDERLINE1,2.2142857142857144
BORDERLINE2,3.4285714285714284
GEOMETRIC_SMOTE,3.5
SMOTE,3.5714285714285716
SMOTE_SVM,3.857142857142857
ORIGINAL,5.5
DELAUNAY,5.928571428571429
