index,0
GEOMETRIC_SMOTE,2.7142857142857144
BORDERLINE1,3.0
DELAUNAY,3.357142857142857
BORDERLINE2,3.642857142857143
SMOTE,4.214285714285714
SMOTE_SVM,4.571428571428571
ORIGINAL,6.5
