index,0
GEOMETRIC_SMOTE,3.357142857142857
SMOTE_SVM,3.7857142857142856
BORDERLINE2,3.857142857142857
ORIGINAL,3.9285714285714284
DELAUNAY,4.0
SMOTE,4.428571428571429
BORDERLINE1,4.642857142857143
