index,0
BORDERLINE1,3.357142857142857
ORIGINAL,3.4285714285714284
SMOTE_SVM,3.4285714285714284
GEOMETRIC_SMOTE,3.4285714285714284
SMOTE,3.642857142857143
BORDERLINE2,4.428571428571429
DELAUNAY,6.285714285714286
