index,0
BORDERLINE1,2.2142857142857144
GEOMETRIC_SMOTE,3.5
BORDERLINE2,3.5714285714285716
SMOTE,3.7142857142857144
SMOTE_SVM,3.857142857142857
DELAUNAY,5.285714285714286
ORIGINAL,5.857142857142857
