index,0
BORDERLINE1,2.9285714285714284
GEOMETRIC_SMOTE,3.5714285714285716
SMOTE,3.7857142857142856
SMOTE_SVM,4.0
ORIGINAL,4.285714285714286
BORDERLINE2,4.357142857142857
DELAUNAY,5.071428571428571
