index,0
BORDERLINE1,2.4285714285714284
SMOTE_SVM,3.5
ORIGINAL,3.642857142857143
SMOTE,4.0
GEOMETRIC_SMOTE,4.5
DELAUNAY,4.928571428571429
BORDERLINE2,5.0
