index,0
GEOMETRIC_SMOTE,2.857142857142857
BORDERLINE1,3.4285714285714284
SMOTE,3.5
SMOTE_SVM,3.642857142857143
DELAUNAY,3.9285714285714284
BORDERLINE2,4.428571428571429
ORIGINAL,6.214285714285714
