index,0
GEOMETRIC_SMOTE,3.4285714285714284
DELAUNAY,3.7142857142857144
SMOTE_SVM,3.7857142857142856
ORIGINAL,3.9285714285714284
BORDERLINE1,4.071428571428571
BORDERLINE2,4.428571428571429
SMOTE,4.642857142857143
