index,0
BORDERLINE2,2.857142857142857
BORDERLINE1,3.0
SMOTE,3.4285714285714284
GEOMETRIC_SMOTE,3.7857142857142856
SMOTE_SVM,4.071428571428571
DELAUNAY,4.142857142857143
ORIGINAL,6.714285714285714
