index,0
GEOMETRIC_SMOTE,3.2857142857142856
SMOTE,3.4285714285714284
SMOTE_SVM,3.4285714285714284
BORDERLINE1,3.857142857142857
BORDERLINE2,4.142857142857143
ORIGINAL,4.785714285714286
DELAUNAY,5.071428571428571
