index,0
SMOTE_SVM,2.5714285714285716
BORDERLINE1,3.5714285714285716
SMOTE,3.7142857142857144
BORDERLINE2,4.142857142857143
GEOMETRIC_SMOTE,4.428571428571429
DELAUNAY,4.5
ORIGINAL,5.071428571428571
