index,0
SMOTE,2.857142857142857
BORDERLINE1,3.5
SMOTE_SVM,4.0
BORDERLINE2,4.0
ORIGINAL,4.142857142857143
DELAUNAY,4.571428571428571
GEOMETRIC_SMOTE,4.928571428571429
