index,0
SMOTE_SVM,3.142857142857143
BORDERLINE1,3.4285714285714284
DELAUNAY,3.5714285714285716
BORDERLINE2,3.9285714285714284
SMOTE,4.285714285714286
GEOMETRIC_SMOTE,4.5
ORIGINAL,5.142857142857143
