index,0
BORDERLINE1,2.0714285714285716
SMOTE_SVM,3.4285714285714284
SMOTE,3.857142857142857
BORDERLINE2,3.857142857142857
GEOMETRIC_SMOTE,4.071428571428571
ORIGINAL,4.785714285714286
DELAUNAY,5.928571428571429
