index,0
GEOMETRIC_SMOTE,2.7857142857142856
SMOTE_SVM,3.642857142857143
BORDERLINE2,3.857142857142857
BORDERLINE1,4.071428571428571
DELAUNAY,4.214285714285714
ORIGINAL,4.571428571428571
SMOTE,4.857142857142857
