index,0
BORDERLINE2,2.857142857142857
SMOTE,3.0
BORDERLINE1,3.2857142857142856
SMOTE_SVM,3.5
ORIGINAL,4.5
DELAUNAY,5.357142857142857
GEOMETRIC_SMOTE,5.5
