index,0
GEOMETRIC_SMOTE,3.2857142857142856
ORIGINAL,3.642857142857143
SMOTE_SVM,3.7857142857142856
BORDERLINE2,3.9285714285714284
SMOTE,4.285714285714286
DELAUNAY,4.5
BORDERLINE1,4.571428571428571
