index,0
DELAUNAY,2.142857142857143
BORDERLINE2,3.5
GEOMETRIC_SMOTE,3.642857142857143
SMOTE_SVM,4.214285714285714
BORDERLINE1,4.285714285714286
SMOTE,4.5
ORIGINAL,5.714285714285714
