index,0
BORDERLINE1,2.2857142857142856
SMOTE_SVM,3.2142857142857144
ORIGINAL,4.214285714285714
BORDERLINE2,4.214285714285714
SMOTE,4.285714285714286
GEOMETRIC_SMOTE,4.571428571428571
DELAUNAY,5.214285714285714
