index,0
BORDERLINE1,2.2142857142857144
SMOTE_SVM,3.142857142857143
ORIGINAL,4.214285714285714
SMOTE,4.285714285714286
BORDERLINE2,4.285714285714286
GEOMETRIC_SMOTE,4.785714285714286
DELAUNAY,5.071428571428571
