index,0
SMOTE_SVM,2.2142857142857144
BORDERLINE1,2.5714285714285716
SMOTE,3.9285714285714284
GEOMETRIC_SMOTE,4.142857142857143
ORIGINAL,4.285714285714286
BORDERLINE2,5.357142857142857
DELAUNAY,5.5
