index,0
SMOTE_SVM,2.5
SMOTE,3.0714285714285716
BORDERLINE1,3.2142857142857144
GEOMETRIC_SMOTE,3.4285714285714284
BORDERLINE2,3.642857142857143
DELAUNAY,5.928571428571429
ORIGINAL,6.214285714285714
