index,0
SMOTE_SVM,2.857142857142857
SMOTE,3.142857142857143
BORDERLINE1,3.5714285714285716
DELAUNAY,3.7142857142857144
BORDERLINE2,3.9285714285714284
GEOMETRIC_SMOTE,5.142857142857143
ORIGINAL,5.642857142857143
