index,0
SMOTE_SVM,2.2142857142857144
SMOTE,3.0714285714285716
GEOMETRIC_SMOTE,3.5
DELAUNAY,4.5
BORDERLINE1,4.714285714285714
BORDERLINE2,4.928571428571429
ORIGINAL,5.071428571428571
