index,0
SMOTE_SVM,2.4285714285714284
BORDERLINE1,3.2857142857142856
GEOMETRIC_SMOTE,3.7142857142857144
SMOTE,4.142857142857143
ORIGINAL,4.714285714285714
BORDERLINE2,4.857142857142857
DELAUNAY,4.857142857142857
