index,0
SMOTE,2.9285714285714284
BORDERLINE1,3.5
ORIGINAL,4.071428571428571
SMOTE_SVM,4.142857142857143
BORDERLINE2,4.142857142857143
DELAUNAY,4.285714285714286
GEOMETRIC_SMOTE,4.928571428571429
