index,0
GEOMETRIC_SMOTE,3.2857142857142856
DELAUNAY,3.2857142857142856
SMOTE_SVM,3.857142857142857
ORIGINAL,4.071428571428571
BORDERLINE2,4.142857142857143
SMOTE,4.571428571428571
BORDERLINE1,4.785714285714286
