index,0
SMOTE_SVM,2.5714285714285716
SMOTE,3.0714285714285716
GEOMETRIC_SMOTE,3.2857142857142856
BORDERLINE2,4.214285714285714
BORDERLINE1,4.428571428571429
ORIGINAL,4.928571428571429
DELAUNAY,5.5
