index,0
DELAUNAY,2.9285714285714284
ORIGINAL,3.2857142857142856
BORDERLINE1,3.2857142857142856
SMOTE,3.357142857142857
SMOTE_SVM,4.142857142857143
BORDERLINE2,5.285714285714286
GEOMETRIC_SMOTE,5.714285714285714
