index,0
GEOMETRIC_SMOTE,2.9285714285714284
BORDERLINE1,3.0
DELAUNAY,3.2142857142857144
BORDERLINE2,3.642857142857143
SMOTE,4.285714285714286
SMOTE_SVM,4.428571428571429
ORIGINAL,6.5
