index,0
GEOMETRIC_SMOTE,3.4285714285714284
DELAUNAY,3.642857142857143
BORDERLINE2,3.857142857142857
ORIGINAL,3.9285714285714284
SMOTE_SVM,3.9285714285714284
SMOTE,4.428571428571429
BORDERLINE1,4.785714285714286
