index,0
BORDERLINE2,3.0714285714285716
GEOMETRIC_SMOTE,3.2857142857142856
BORDERLINE1,3.7857142857142856
SMOTE,3.9285714285714284
SMOTE_SVM,4.0
DELAUNAY,4.5
ORIGINAL,5.428571428571429
