index,0
SMOTE_SVM,2.2857142857142856
ORIGINAL,3.642857142857143
BORDERLINE1,3.857142857142857
SMOTE,4.214285714285714
BORDERLINE2,4.285714285714286
GEOMETRIC_SMOTE,4.714285714285714
DELAUNAY,5.0
