index,0
BORDERLINE1,3.0
ORIGINAL,3.5
SMOTE,3.642857142857143
SMOTE_SVM,3.642857142857143
GEOMETRIC_SMOTE,4.142857142857143
BORDERLINE2,4.857142857142857
DELAUNAY,5.214285714285714
