index,0
SMOTE_SVM,2.4285714285714284
ORIGINAL,3.5
BORDERLINE1,3.7857142857142856
SMOTE,4.214285714285714
BORDERLINE2,4.357142857142857
GEOMETRIC_SMOTE,4.571428571428571
DELAUNAY,5.142857142857143
