index,0
DELAUNAY,2.857142857142857
BORDERLINE2,3.0
BORDERLINE1,3.2142857142857144
SMOTE,3.7142857142857144
GEOMETRIC_SMOTE,3.9285714285714284
SMOTE_SVM,4.285714285714286
ORIGINAL,7.0
