index,0
SMOTE_SVM,2.642857142857143
BORDERLINE1,3.0
SMOTE,3.857142857142857
GEOMETRIC_SMOTE,4.0
DELAUNAY,4.214285714285714
ORIGINAL,4.928571428571429
BORDERLINE2,5.357142857142857
