index,0
GEOMETRIC_SMOTE,2.5
BORDERLINE1,3.357142857142857
DELAUNAY,3.357142857142857
SMOTE,3.642857142857143
SMOTE_SVM,4.0
BORDERLINE2,4.571428571428571
ORIGINAL,6.571428571428571
