index,0
SMOTE_SVM,2.5714285714285716
BORDERLINE1,3.5714285714285716
SMOTE,3.7142857142857144
DELAUNAY,4.285714285714286
GEOMETRIC_SMOTE,4.357142857142857
BORDERLINE2,4.571428571428571
ORIGINAL,4.928571428571429
