index,0
SMOTE_SVM,3.2857142857142856
DELAUNAY,3.2857142857142856
GEOMETRIC_SMOTE,3.5714285714285716
BORDERLINE2,3.9285714285714284
BORDERLINE1,4.214285714285714
ORIGINAL,4.357142857142857
SMOTE,5.357142857142857
