index,0
DELAUNAY,3.0714285714285716
SMOTE_SVM,3.142857142857143
SMOTE,3.2142857142857144
BORDERLINE1,3.7142857142857144
BORDERLINE2,4.142857142857143
GEOMETRIC_SMOTE,5.071428571428571
ORIGINAL,5.642857142857143
