index,0
SMOTE_SVM,2.357142857142857
BORDERLINE1,3.5
GEOMETRIC_SMOTE,3.7142857142857144
SMOTE,3.7857142857142856
ORIGINAL,4.285714285714286
BORDERLINE2,4.714285714285714
DELAUNAY,5.642857142857143
