index,0
SMOTE_SVM,2.5
BORDERLINE1,2.7857142857142856
SMOTE,4.0
GEOMETRIC_SMOTE,4.285714285714286
ORIGINAL,4.428571428571429
DELAUNAY,4.5
BORDERLINE2,5.5
