index,0
ORIGINAL,2.0714285714285716
BORDERLINE1,3.2142857142857144
SMOTE,3.4285714285714284
SMOTE_SVM,3.5
GEOMETRIC_SMOTE,4.928571428571429
BORDERLINE2,5.214285714285714
DELAUNAY,5.642857142857143
