index,0
SMOTE_SVM,2.2142857142857144
BORDERLINE1,2.5
SMOTE,3.7857142857142856
GEOMETRIC_SMOTE,3.857142857142857
ORIGINAL,4.0
BORDERLINE2,5.071428571428571
DELAUNAY,6.571428571428571
