index,0
BORDERLINE1,2.2142857142857144
GEOMETRIC_SMOTE,3.2142857142857144
SMOTE,3.5714285714285716
BORDERLINE2,3.7142857142857144
SMOTE_SVM,4.142857142857143
ORIGINAL,5.571428571428571
DELAUNAY,5.571428571428571
