index,0
SMOTE_SVM,2.357142857142857
BORDERLINE1,3.4285714285714284
GEOMETRIC_SMOTE,3.7142857142857144
SMOTE,4.142857142857143
DELAUNAY,4.5
ORIGINAL,4.857142857142857
BORDERLINE2,5.0
