index,0
DELAUNAY,3.0714285714285716
GEOMETRIC_SMOTE,3.4285714285714284
SMOTE_SVM,3.857142857142857
ORIGINAL,4.142857142857143
BORDERLINE2,4.214285714285714
SMOTE,4.5
BORDERLINE1,4.785714285714286
