index,0
SMOTE_SVM,2.642857142857143
BORDERLINE1,3.7142857142857144
GEOMETRIC_SMOTE,3.857142857142857
DELAUNAY,4.0
SMOTE,4.071428571428571
ORIGINAL,4.571428571428571
BORDERLINE2,5.142857142857143
