index,0
SMOTE_SVM,2.7857142857142856
SMOTE,3.0
BORDERLINE1,3.5
BORDERLINE2,4.071428571428571
DELAUNAY,4.142857142857143
GEOMETRIC_SMOTE,4.857142857142857
ORIGINAL,5.642857142857143
