index,0
GEOMETRIC_SMOTE,3.0
SMOTE_SVM,3.2857142857142856
BORDERLINE1,3.7857142857142856
BORDERLINE2,3.7857142857142856
ORIGINAL,4.285714285714286
SMOTE,4.5
DELAUNAY,5.357142857142857
