index,0
BORDERLINE1,2.5714285714285716
GEOMETRIC_SMOTE,3.0
SMOTE,3.5714285714285716
SMOTE_SVM,4.0
BORDERLINE2,4.0
DELAUNAY,5.142857142857143
ORIGINAL,5.714285714285714
