index,0
BORDERLINE1,2.5714285714285716
GEOMETRIC_SMOTE,3.142857142857143
SMOTE,3.7857142857142856
BORDERLINE2,4.0
SMOTE_SVM,4.142857142857143
DELAUNAY,4.642857142857143
ORIGINAL,5.714285714285714
