index,0
ORIGINAL,2.0
BORDERLINE1,3.2857142857142856
SMOTE_SVM,3.642857142857143
SMOTE,3.7142857142857144
DELAUNAY,4.714285714285714
GEOMETRIC_SMOTE,5.214285714285714
BORDERLINE2,5.428571428571429
