index,0
DELAUNAY,2.642857142857143
BORDERLINE2,3.0
BORDERLINE1,3.2857142857142856
SMOTE,3.7857142857142856
GEOMETRIC_SMOTE,4.0
SMOTE_SVM,4.357142857142857
ORIGINAL,6.928571428571429
