index,0
BORDERLINE1,3.142857142857143
SMOTE_SVM,3.5714285714285716
SMOTE,3.7142857142857144
ORIGINAL,4.0
GEOMETRIC_SMOTE,4.214285714285714
BORDERLINE2,4.285714285714286
DELAUNAY,5.071428571428571
