index,0
ORIGINAL,2.7142857142857144
BORDERLINE1,3.2142857142857144
SMOTE,3.5
SMOTE_SVM,4.0
DELAUNAY,4.071428571428571
BORDERLINE2,5.0
GEOMETRIC_SMOTE,5.5
