index,0
ORIGINAL,2.5714285714285716
BORDERLINE1,3.2857142857142856
SMOTE,3.4285714285714284
SMOTE_SVM,3.7857142857142856
DELAUNAY,4.5
BORDERLINE2,4.928571428571429
GEOMETRIC_SMOTE,5.5
