index,0
BORDERLINE1,3.2857142857142856
SMOTE_SVM,3.357142857142857
BORDERLINE2,3.857142857142857
DELAUNAY,3.857142857142857
SMOTE,4.142857142857143
GEOMETRIC_SMOTE,4.428571428571429
ORIGINAL,5.071428571428571
