index,0
SMOTE_SVM,2.4285714285714284
BORDERLINE1,2.9285714285714284
SMOTE,3.642857142857143
ORIGINAL,3.857142857142857
GEOMETRIC_SMOTE,3.9285714285714284
BORDERLINE2,5.285714285714286
DELAUNAY,5.928571428571429
