index,0
SMOTE_SVM,2.2142857142857144
BORDERLINE1,3.2857142857142856
GEOMETRIC_SMOTE,3.5714285714285716
SMOTE,3.7857142857142856
ORIGINAL,4.142857142857143
BORDERLINE2,4.571428571428571
DELAUNAY,6.428571428571429
