index,0
SMOTE_SVM,2.0
ORIGINAL,3.0
BORDERLINE1,3.857142857142857
GEOMETRIC_SMOTE,4.0
SMOTE,4.5
BORDERLINE2,4.857142857142857
DELAUNAY,5.785714285714286
