index,0
SMOTE_SVM,3.4285714285714284
GEOMETRIC_SMOTE,3.4285714285714284
BORDERLINE1,3.857142857142857
ORIGINAL,4.071428571428571
BORDERLINE2,4.285714285714286
DELAUNAY,4.428571428571429
SMOTE,4.5
