index,0
GEOMETRIC_SMOTE,3.4285714285714284
SMOTE_SVM,3.7142857142857144
ORIGINAL,3.9285714285714284
BORDERLINE1,4.0
BORDERLINE2,4.142857142857143
DELAUNAY,4.214285714285714
SMOTE,4.571428571428571
