index,0
SMOTE,2.857142857142857
BORDERLINE1,3.4285714285714284
BORDERLINE2,4.071428571428571
ORIGINAL,4.142857142857143
SMOTE_SVM,4.285714285714286
DELAUNAY,4.428571428571429
GEOMETRIC_SMOTE,4.785714285714286
