index,0
DELAUNAY,2.357142857142857
SMOTE_SVM,3.142857142857143
SMOTE,3.357142857142857
BORDERLINE1,3.7857142857142856
BORDERLINE2,4.214285714285714
GEOMETRIC_SMOTE,5.357142857142857
ORIGINAL,5.785714285714286
