index,0
SMOTE_SVM,3.0714285714285716
BORDERLINE1,3.2142857142857144
BORDERLINE2,3.642857142857143
SMOTE,3.9285714285714284
GEOMETRIC_SMOTE,4.142857142857143
ORIGINAL,4.785714285714286
DELAUNAY,5.214285714285714
