index,0
GEOMETRIC_SMOTE,3.4285714285714284
SMOTE_SVM,3.642857142857143
BORDERLINE1,3.9285714285714284
ORIGINAL,4.0
DELAUNAY,4.214285714285714
BORDERLINE2,4.285714285714286
SMOTE,4.5
