index,0
SMOTE_SVM,2.4285714285714284
SMOTE,3.2142857142857144
GEOMETRIC_SMOTE,3.7142857142857144
DELAUNAY,3.9285714285714284
BORDERLINE1,4.857142857142857
ORIGINAL,4.928571428571429
BORDERLINE2,4.928571428571429
