index,0
GEOMETRIC_SMOTE,2.9285714285714284
SMOTE_SVM,3.357142857142857
BORDERLINE2,3.7857142857142856
BORDERLINE1,3.857142857142857
ORIGINAL,4.357142857142857
SMOTE,4.571428571428571
DELAUNAY,5.142857142857143
