index,0
SMOTE_SVM,3.2142857142857144
BORDERLINE1,3.2857142857142856
BORDERLINE2,3.642857142857143
SMOTE,4.142857142857143
GEOMETRIC_SMOTE,4.285714285714286
DELAUNAY,4.428571428571429
ORIGINAL,5.0
