index,0
ORIGINAL,2.0714285714285716
BORDERLINE1,3.2857142857142856
SMOTE_SVM,3.5714285714285716
SMOTE,3.7142857142857144
DELAUNAY,4.571428571428571
GEOMETRIC_SMOTE,5.142857142857143
BORDERLINE2,5.642857142857143
