index,0
GEOMETRIC_SMOTE,3.2142857142857144
SMOTE_SVM,3.357142857142857
BORDERLINE2,3.857142857142857
DELAUNAY,3.9285714285714284
BORDERLINE1,4.285714285714286
ORIGINAL,4.428571428571429
SMOTE,4.928571428571429
