index,0
SMOTE_SVM,2.4285714285714284
BORDERLINE1,2.9285714285714284
SMOTE,3.642857142857143
ORIGINAL,3.857142857142857
GEOMETRIC_SMOTE,4.071428571428571
DELAUNAY,5.5
BORDERLINE2,5.571428571428571
