index,0
SMOTE_SVM,2.2857142857142856
BORDERLINE1,3.2857142857142856
GEOMETRIC_SMOTE,3.7142857142857144
SMOTE,4.071428571428571
ORIGINAL,4.5
BORDERLINE2,4.571428571428571
DELAUNAY,5.571428571428571
