index,0
BORDERLINE1,3.2857142857142856
SMOTE,3.5714285714285716
SMOTE_SVM,3.5714285714285716
GEOMETRIC_SMOTE,3.5714285714285716
ORIGINAL,4.571428571428571
BORDERLINE2,4.714285714285714
DELAUNAY,4.714285714285714
