index,0
SMOTE_SVM,2.9285714285714284
BORDERLINE1,3.142857142857143
BORDERLINE2,3.4285714285714284
SMOTE,4.0
GEOMETRIC_SMOTE,4.071428571428571
ORIGINAL,5.142857142857143
DELAUNAY,5.285714285714286
