index,0
BORDERLINE1,2.357142857142857
GEOMETRIC_SMOTE,3.5
BORDERLINE2,3.7142857142857144
SMOTE,3.7857142857142856
SMOTE_SVM,4.142857142857143
DELAUNAY,4.785714285714286
ORIGINAL,5.714285714285714
