index,0
BORDERLINE1,3.357142857142857
GEOMETRIC_SMOTE,3.357142857142857
SMOTE,3.5714285714285716
SMOTE_SVM,3.642857142857143
ORIGINAL,4.571428571428571
DELAUNAY,4.642857142857143
BORDERLINE2,4.857142857142857
