index,0
BORDERLINE1,2.2857142857142856
SMOTE_SVM,3.0714285714285716
ORIGINAL,4.214285714285714
BORDERLINE2,4.285714285714286
SMOTE,4.357142857142857
GEOMETRIC_SMOTE,4.642857142857143
DELAUNAY,5.142857142857143
