index,0
ORIGINAL,2.5714285714285716
BORDERLINE1,3.2857142857142856
SMOTE,3.4285714285714284
SMOTE_SVM,3.857142857142857
BORDERLINE2,4.785714285714286
DELAUNAY,4.785714285714286
GEOMETRIC_SMOTE,5.285714285714286
