index,0
ORIGINAL,3.0
SMOTE,3.0
BORDERLINE1,3.2857142857142856
DELAUNAY,3.7857142857142856
SMOTE_SVM,4.214285714285714
BORDERLINE2,5.285714285714286
GEOMETRIC_SMOTE,5.428571428571429
