index,0
DELAUNAY,2.5
SMOTE,3.0
GEOMETRIC_SMOTE,3.4285714285714284
SMOTE_SVM,3.5
BORDERLINE2,4.785714285714286
BORDERLINE1,4.928571428571429
ORIGINAL,5.857142857142857
