index,0
BORDERLINE1,2.2142857142857144
SMOTE_SVM,3.142857142857143
ORIGINAL,4.214285714285714
BORDERLINE2,4.214285714285714
SMOTE,4.357142857142857
GEOMETRIC_SMOTE,4.714285714285714
DELAUNAY,5.142857142857143
