index,0
ORIGINAL,3.4285714285714284
SMOTE_SVM,3.4285714285714284
BORDERLINE1,3.5
SMOTE,3.642857142857143
GEOMETRIC_SMOTE,3.857142857142857
BORDERLINE2,4.571428571428571
DELAUNAY,5.571428571428571
