index,0
ORIGINAL,2.5714285714285716
BORDERLINE1,3.142857142857143
SMOTE,3.2142857142857144
SMOTE_SVM,3.9285714285714284
BORDERLINE2,4.785714285714286
DELAUNAY,5.0
GEOMETRIC_SMOTE,5.357142857142857
