index,0
SMOTE_SVM,2.5714285714285716
BORDERLINE1,2.9285714285714284
SMOTE,4.0
GEOMETRIC_SMOTE,4.071428571428571
DELAUNAY,4.285714285714286
ORIGINAL,4.928571428571429
BORDERLINE2,5.214285714285714
