index,0
BORDERLINE2,2.857142857142857
BORDERLINE1,3.0
SMOTE,3.357142857142857
GEOMETRIC_SMOTE,3.7142857142857144
DELAUNAY,4.0
SMOTE_SVM,4.071428571428571
ORIGINAL,7.0
