index,0
BORDERLINE1,2.2142857142857144
SMOTE_SVM,3.642857142857143
SMOTE,4.071428571428571
GEOMETRIC_SMOTE,4.071428571428571
BORDERLINE2,4.142857142857143
ORIGINAL,4.642857142857143
DELAUNAY,5.214285714285714
