index,0
BORDERLINE1,2.2857142857142856
SMOTE_SVM,3.7857142857142856
SMOTE,4.214285714285714
DELAUNAY,4.214285714285714
GEOMETRIC_SMOTE,4.285714285714286
BORDERLINE2,4.357142857142857
ORIGINAL,4.857142857142857
