index,0
BORDERLINE1,2.2857142857142856
GEOMETRIC_SMOTE,3.142857142857143
SMOTE,3.5714285714285716
BORDERLINE2,3.5714285714285716
SMOTE_SVM,3.857142857142857
ORIGINAL,5.428571428571429
DELAUNAY,6.142857142857143
