index,0
GEOMETRIC_SMOTE,2.7857142857142856
BORDERLINE1,3.2142857142857144
SMOTE,3.5
SMOTE_SVM,3.5714285714285716
BORDERLINE2,4.357142857142857
DELAUNAY,4.428571428571429
ORIGINAL,6.142857142857143
