index,0
GEOMETRIC_SMOTE,3.0714285714285716
SMOTE_SVM,3.5
BORDERLINE1,3.857142857142857
BORDERLINE2,4.071428571428571
DELAUNAY,4.285714285714286
ORIGINAL,4.5
SMOTE,4.714285714285714
