index,0
BORDERLINE1,3.142857142857143
SMOTE,3.7142857142857144
SMOTE_SVM,3.7142857142857144
ORIGINAL,4.0
BORDERLINE2,4.214285714285714
GEOMETRIC_SMOTE,4.428571428571429
DELAUNAY,4.785714285714286
