index,0
DELAUNAY,2.2857142857142856
BORDERLINE2,3.5
GEOMETRIC_SMOTE,3.642857142857143
SMOTE_SVM,4.285714285714286
BORDERLINE1,4.285714285714286
SMOTE,4.357142857142857
ORIGINAL,5.642857142857143
