index,0
BORDERLINE2,2.857142857142857
SMOTE,3.0714285714285716
BORDERLINE1,3.357142857142857
SMOTE_SVM,3.642857142857143
ORIGINAL,4.5
DELAUNAY,5.0
GEOMETRIC_SMOTE,5.571428571428571
