index,0
SMOTE_SVM,2.7857142857142856
BORDERLINE2,2.9285714285714284
SMOTE,3.2142857142857144
GEOMETRIC_SMOTE,3.2142857142857144
BORDERLINE1,3.857142857142857
DELAUNAY,5.428571428571429
ORIGINAL,6.571428571428571
