index,0
SMOTE,3.0
BORDERLINE2,3.0
SMOTE_SVM,3.5714285714285716
BORDERLINE1,3.5714285714285716
DELAUNAY,4.571428571428571
ORIGINAL,4.642857142857143
GEOMETRIC_SMOTE,5.642857142857143
