index,0
GEOMETRIC_SMOTE,2.642857142857143
BORDERLINE1,3.0
BORDERLINE2,3.5
DELAUNAY,3.857142857142857
SMOTE,4.142857142857143
SMOTE_SVM,4.357142857142857
ORIGINAL,6.5
