index,0
BORDERLINE1,2.2857142857142856
GEOMETRIC_SMOTE,3.142857142857143
SMOTE,3.5714285714285716
BORDERLINE2,3.857142857142857
SMOTE_SVM,4.0
DELAUNAY,5.142857142857143
ORIGINAL,6.0
