index,0
ORIGINAL,3.0714285714285716
BORDERLINE1,3.142857142857143
SMOTE,3.2857142857142856
DELAUNAY,3.5
SMOTE_SVM,4.142857142857143
BORDERLINE2,5.285714285714286
GEOMETRIC_SMOTE,5.571428571428571
