index,0
SMOTE_SVM,1.9285714285714286
ORIGINAL,3.0714285714285716
BORDERLINE1,3.857142857142857
GEOMETRIC_SMOTE,4.0
SMOTE,4.285714285714286
BORDERLINE2,4.714285714285714
DELAUNAY,6.142857142857143
