index,0
BORDERLINE1,2.2857142857142856
SMOTE_SVM,3.642857142857143
GEOMETRIC_SMOTE,4.071428571428571
SMOTE,4.142857142857143
BORDERLINE2,4.357142857142857
DELAUNAY,4.571428571428571
ORIGINAL,4.928571428571429
