index,0
GEOMETRIC_SMOTE,3.2142857142857144
SMOTE_SVM,3.2857142857142856
BORDERLINE2,3.857142857142857
BORDERLINE1,4.071428571428571
ORIGINAL,4.285714285714286
DELAUNAY,4.357142857142857
SMOTE,4.928571428571429
