index,0
SMOTE_SVM,3.0
SMOTE,3.0714285714285716
DELAUNAY,3.5
BORDERLINE1,3.642857142857143
BORDERLINE2,4.214285714285714
GEOMETRIC_SMOTE,5.0
ORIGINAL,5.571428571428571
