index,0
GEOMETRIC_SMOTE,2.642857142857143
DELAUNAY,3.5
BORDERLINE2,3.642857142857143
ORIGINAL,3.9285714285714284
SMOTE_SVM,4.285714285714286
BORDERLINE1,4.928571428571429
SMOTE,5.071428571428571
