index,0
SMOTE_SVM,2.7142857142857144
BORDERLINE1,2.9285714285714284
SMOTE,4.0
GEOMETRIC_SMOTE,4.071428571428571
ORIGINAL,4.142857142857143
DELAUNAY,4.5
BORDERLINE2,5.642857142857143
