index,0
SMOTE,3.142857142857143
BORDERLINE1,3.142857142857143
ORIGINAL,3.2857142857142856
DELAUNAY,3.4285714285714284
SMOTE_SVM,4.285714285714286
BORDERLINE2,5.142857142857143
GEOMETRIC_SMOTE,5.571428571428571
