index,0
SMOTE_SVM,2.2857142857142856
SMOTE,3.4285714285714284
BORDERLINE1,3.4285714285714284
BORDERLINE2,4.0
GEOMETRIC_SMOTE,4.214285714285714
ORIGINAL,4.857142857142857
DELAUNAY,5.785714285714286
