index,0
SMOTE_SVM,1.9285714285714286
ORIGINAL,3.0714285714285716
BORDERLINE1,3.7857142857142856
GEOMETRIC_SMOTE,4.0
SMOTE,4.285714285714286
BORDERLINE2,4.857142857142857
DELAUNAY,6.071428571428571
