index,0
DELAUNAY,2.4285714285714284
SMOTE_SVM,3.142857142857143
SMOTE,3.357142857142857
BORDERLINE1,3.7857142857142856
BORDERLINE2,4.285714285714286
GEOMETRIC_SMOTE,5.285714285714286
ORIGINAL,5.714285714285714
