index,0
SMOTE_SVM,3.0
BORDERLINE1,3.357142857142857
BORDERLINE2,3.4285714285714284
GEOMETRIC_SMOTE,4.071428571428571
SMOTE,4.142857142857143
DELAUNAY,4.857142857142857
ORIGINAL,5.142857142857143
