index,0
ORIGINAL,2.642857142857143
SMOTE,3.2857142857142856
BORDERLINE1,3.4285714285714284
SMOTE_SVM,3.7142857142857144
BORDERLINE2,4.785714285714286
DELAUNAY,4.785714285714286
GEOMETRIC_SMOTE,5.357142857142857
