index,0
BORDERLINE1,2.5
SMOTE_SVM,3.4285714285714284
ORIGINAL,3.5
SMOTE,4.142857142857143
GEOMETRIC_SMOTE,4.571428571428571
BORDERLINE2,4.785714285714286
DELAUNAY,5.071428571428571
