index,0
GEOMETRIC_SMOTE,2.857142857142857
BORDERLINE1,2.9285714285714284
DELAUNAY,3.0714285714285716
BORDERLINE2,3.642857142857143
SMOTE,4.357142857142857
SMOTE_SVM,4.5
ORIGINAL,6.642857142857143
