index,0
SMOTE_SVM,2.642857142857143
DELAUNAY,3.357142857142857
BORDERLINE1,3.5714285714285716
GEOMETRIC_SMOTE,4.0
SMOTE,4.285714285714286
ORIGINAL,5.071428571428571
BORDERLINE2,5.071428571428571
