index,0
GEOMETRIC_SMOTE,3.2857142857142856
SMOTE_SVM,3.857142857142857
ORIGINAL,3.9285714285714284
DELAUNAY,3.9285714285714284
BORDERLINE2,4.0
SMOTE,4.428571428571429
BORDERLINE1,4.571428571428571
