index,0
SMOTE_SVM,2.142857142857143
BORDERLINE1,3.0
SMOTE,4.214285714285714
GEOMETRIC_SMOTE,4.214285714285714
BORDERLINE2,4.357142857142857
ORIGINAL,4.928571428571429
DELAUNAY,5.142857142857143
