index,0
GEOMETRIC_SMOTE,2.9285714285714284
SMOTE_SVM,3.4285714285714284
BORDERLINE1,3.7857142857142856
BORDERLINE2,3.7857142857142856
ORIGINAL,4.285714285714286
SMOTE,4.642857142857143
DELAUNAY,5.142857142857143
