index,0
SMOTE_SVM,2.642857142857143
BORDERLINE1,3.0
SMOTE,4.0
DELAUNAY,4.0
GEOMETRIC_SMOTE,4.142857142857143
ORIGINAL,4.928571428571429
BORDERLINE2,5.285714285714286
