index,0
BORDERLINE1,3.0714285714285716
SMOTE_SVM,3.5714285714285716
SMOTE,3.857142857142857
ORIGINAL,4.071428571428571
BORDERLINE2,4.214285714285714
GEOMETRIC_SMOTE,4.357142857142857
DELAUNAY,4.857142857142857
