index,0
SMOTE_SVM,2.642857142857143
SMOTE,2.9285714285714284
BORDERLINE1,3.2142857142857144
BORDERLINE2,3.7857142857142856
GEOMETRIC_SMOTE,4.714285714285714
DELAUNAY,5.214285714285714
ORIGINAL,5.5
