index,0
SMOTE_SVM,2.5714285714285716
BORDERLINE1,3.5714285714285716
GEOMETRIC_SMOTE,4.0
DELAUNAY,4.0
SMOTE,4.214285714285714
ORIGINAL,4.785714285714286
BORDERLINE2,4.857142857142857
