index,0
ORIGINAL,2.142857142857143
BORDERLINE1,3.357142857142857
SMOTE,3.4285714285714284
SMOTE_SVM,3.7142857142857144
GEOMETRIC_SMOTE,5.0
DELAUNAY,5.142857142857143
BORDERLINE2,5.214285714285714
