index,0
SMOTE_SVM,2.357142857142857
BORDERLINE1,3.4285714285714284
GEOMETRIC_SMOTE,3.7142857142857144
SMOTE,4.0
ORIGINAL,4.285714285714286
BORDERLINE2,5.071428571428571
DELAUNAY,5.142857142857143
