index,0
BORDERLINE1,3.0
SMOTE_SVM,3.4285714285714284
SMOTE,3.7142857142857144
ORIGINAL,4.071428571428571
BORDERLINE2,4.071428571428571
GEOMETRIC_SMOTE,4.571428571428571
DELAUNAY,5.142857142857143
