index,0
SMOTE_SVM,2.4285714285714284
BORDERLINE1,3.0
SMOTE,3.7142857142857144
GEOMETRIC_SMOTE,4.142857142857143
ORIGINAL,4.785714285714286
DELAUNAY,4.785714285714286
BORDERLINE2,5.142857142857143
