index,0
ORIGINAL,2.5
BORDERLINE1,3.2142857142857144
SMOTE,3.642857142857143
DELAUNAY,3.642857142857143
SMOTE_SVM,4.071428571428571
GEOMETRIC_SMOTE,5.357142857142857
BORDERLINE2,5.571428571428571
