index,0
BORDERLINE1,2.142857142857143
SMOTE_SVM,3.142857142857143
BORDERLINE2,4.142857142857143
ORIGINAL,4.285714285714286
SMOTE,4.357142857142857
GEOMETRIC_SMOTE,4.571428571428571
DELAUNAY,5.357142857142857
