index,0
BORDERLINE2,2.9285714285714284
GEOMETRIC_SMOTE,3.2142857142857144
BORDERLINE1,3.7142857142857144
SMOTE,3.857142857142857
SMOTE_SVM,4.0
DELAUNAY,4.928571428571429
ORIGINAL,5.357142857142857
