index,0
GEOMETRIC_SMOTE,2.857142857142857
SMOTE_SVM,3.5
BORDERLINE2,3.9285714285714284
BORDERLINE1,4.0
ORIGINAL,4.357142857142857
DELAUNAY,4.642857142857143
SMOTE,4.714285714285714
