index,0
BORDERLINE1,2.857142857142857
SMOTE_SVM,3.5714285714285716
GEOMETRIC_SMOTE,3.5714285714285716
SMOTE,3.642857142857143
ORIGINAL,4.0
BORDERLINE2,4.142857142857143
DELAUNAY,6.214285714285714
