index,0
SMOTE_SVM,2.7142857142857144
DELAUNAY,3.5
SMOTE,3.857142857142857
BORDERLINE1,3.857142857142857
BORDERLINE2,4.357142857142857
GEOMETRIC_SMOTE,4.642857142857143
ORIGINAL,5.071428571428571
