index,0
GEOMETRIC_SMOTE,3.357142857142857
DELAUNAY,3.4285714285714284
SMOTE_SVM,3.857142857142857
ORIGINAL,4.0
BORDERLINE2,4.0
SMOTE,4.571428571428571
BORDERLINE1,4.785714285714286
