index,0
BORDERLINE2,2.9285714285714284
SMOTE_SVM,3.0714285714285716
GEOMETRIC_SMOTE,3.2857142857142856
SMOTE,3.5714285714285716
BORDERLINE1,3.7142857142857144
DELAUNAY,4.785714285714286
ORIGINAL,6.642857142857143
