index,0
ORIGINAL,2.2142857142857144
BORDERLINE1,3.142857142857143
SMOTE,3.5714285714285716
SMOTE_SVM,3.7857142857142856
GEOMETRIC_SMOTE,4.928571428571429
DELAUNAY,4.928571428571429
BORDERLINE2,5.428571428571429
