index,0
SMOTE_SVM,2.642857142857143
SMOTE,2.7857142857142856
BORDERLINE1,3.2857142857142856
BORDERLINE2,3.7142857142857144
GEOMETRIC_SMOTE,4.642857142857143
ORIGINAL,5.357142857142857
DELAUNAY,5.571428571428571
