index,0
DELAUNAY,2.857142857142857
BORDERLINE2,3.357142857142857
GEOMETRIC_SMOTE,3.5714285714285716
BORDERLINE1,4.071428571428571
SMOTE_SVM,4.214285714285714
SMOTE,4.285714285714286
ORIGINAL,5.642857142857143
