index,0
DELAUNAY,2.5714285714285716
SMOTE,2.9285714285714284
BORDERLINE1,3.7857142857142856
ORIGINAL,3.9285714285714284
SMOTE_SVM,4.357142857142857
BORDERLINE2,4.5
GEOMETRIC_SMOTE,5.928571428571429
