index,0
DELAUNAY,2.357142857142857
SMOTE,3.142857142857143
SMOTE_SVM,3.357142857142857
GEOMETRIC_SMOTE,3.357142857142857
BORDERLINE1,4.357142857142857
BORDERLINE2,4.857142857142857
ORIGINAL,6.571428571428571
