index,0
GEOMETRIC_SMOTE,2.4285714285714284
BORDERLINE2,3.642857142857143
ORIGINAL,3.7857142857142856
SMOTE_SVM,4.0
BORDERLINE1,4.642857142857143
DELAUNAY,4.642857142857143
SMOTE,4.857142857142857
