index,0
SMOTE_SVM,3.0
GEOMETRIC_SMOTE,3.142857142857143
BORDERLINE2,3.642857142857143
BORDERLINE1,3.9285714285714284
ORIGINAL,4.214285714285714
SMOTE,4.928571428571429
DELAUNAY,5.142857142857143
