index,0
ORIGINAL,3.0
SMOTE,3.0
BORDERLINE1,3.2857142857142856
DELAUNAY,3.642857142857143
SMOTE_SVM,4.0
BORDERLINE2,5.428571428571429
GEOMETRIC_SMOTE,5.642857142857143
