index,0
SMOTE_SVM,1.9285714285714286
ORIGINAL,3.0
BORDERLINE1,3.7142857142857144
GEOMETRIC_SMOTE,3.9285714285714284
SMOTE,4.285714285714286
BORDERLINE2,4.714285714285714
DELAUNAY,6.428571428571429
