index,0
SMOTE_SVM,2.5714285714285716
BORDERLINE1,3.5714285714285716
GEOMETRIC_SMOTE,3.9285714285714284
DELAUNAY,4.071428571428571
SMOTE,4.142857142857143
ORIGINAL,4.857142857142857
BORDERLINE2,4.857142857142857
