index,0
GEOMETRIC_SMOTE,2.857142857142857
BORDERLINE1,3.4285714285714284
SMOTE,3.642857142857143
SMOTE_SVM,3.7857142857142856
DELAUNAY,4.0
BORDERLINE2,4.142857142857143
ORIGINAL,6.142857142857143
