index,0
SMOTE,2.857142857142857
ORIGINAL,3.0
BORDERLINE1,3.0
SMOTE_SVM,4.0
DELAUNAY,4.714285714285714
BORDERLINE2,5.071428571428571
GEOMETRIC_SMOTE,5.357142857142857
