index,0
GEOMETRIC_SMOTE,2.642857142857143
DELAUNAY,3.7142857142857144
ORIGINAL,3.7857142857142856
BORDERLINE2,3.7857142857142856
SMOTE_SVM,4.214285714285714
BORDERLINE1,4.785714285714286
SMOTE,5.071428571428571
