index,0
ORIGINAL,2.357142857142857
BORDERLINE1,3.0
SMOTE_SVM,3.357142857142857
SMOTE,3.5
GEOMETRIC_SMOTE,4.928571428571429
BORDERLINE2,5.428571428571429
DELAUNAY,5.428571428571429
