index,0
DELAUNAY,3.0
SMOTE_SVM,3.357142857142857
GEOMETRIC_SMOTE,3.5714285714285716
BORDERLINE2,4.071428571428571
BORDERLINE1,4.142857142857143
ORIGINAL,4.5
SMOTE,5.357142857142857
