index,0
DELAUNAY,3.0
GEOMETRIC_SMOTE,3.4285714285714284
SMOTE_SVM,4.0
ORIGINAL,4.142857142857143
BORDERLINE2,4.142857142857143
SMOTE,4.5
BORDERLINE1,4.785714285714286
