index,0
BORDERLINE1,2.142857142857143
SMOTE_SVM,3.142857142857143
BORDERLINE2,4.285714285714286
ORIGINAL,4.357142857142857
SMOTE,4.5
GEOMETRIC_SMOTE,4.642857142857143
DELAUNAY,4.928571428571429
