index,0
GEOMETRIC_SMOTE,2.5
ORIGINAL,3.642857142857143
BORDERLINE2,3.7142857142857144
SMOTE_SVM,4.214285714285714
DELAUNAY,4.214285714285714
BORDERLINE1,4.714285714285714
SMOTE,5.0
