index,0
BORDERLINE1,3.0714285714285716
SMOTE_SVM,3.5
SMOTE,3.7857142857142856
ORIGINAL,4.142857142857143
BORDERLINE2,4.285714285714286
DELAUNAY,4.5
GEOMETRIC_SMOTE,4.714285714285714
