index,0
DELAUNAY,2.7142857142857144
SMOTE_SVM,3.5
GEOMETRIC_SMOTE,3.5714285714285716
BORDERLINE2,4.071428571428571
BORDERLINE1,4.357142857142857
ORIGINAL,4.5
SMOTE,5.285714285714286
