index,0
SMOTE_SVM,2.7142857142857144
ORIGINAL,3.7142857142857144
BORDERLINE1,3.9285714285714284
DELAUNAY,4.071428571428571
SMOTE,4.428571428571429
BORDERLINE2,4.428571428571429
GEOMETRIC_SMOTE,4.714285714285714
