index,0
SMOTE_SVM,2.7857142857142856
SMOTE,3.0714285714285716
BORDERLINE1,3.4285714285714284
BORDERLINE2,4.0
DELAUNAY,4.142857142857143
GEOMETRIC_SMOTE,4.928571428571429
ORIGINAL,5.642857142857143
