index,0
DELAUNAY,3.2857142857142856
SMOTE_SVM,3.357142857142857
BORDERLINE1,3.5
BORDERLINE2,4.0
SMOTE,4.357142857142857
GEOMETRIC_SMOTE,4.428571428571429
ORIGINAL,5.071428571428571
