index,0
GEOMETRIC_SMOTE,2.5
DELAUNAY,3.5714285714285716
ORIGINAL,3.9285714285714284
BORDERLINE2,4.0
SMOTE_SVM,4.071428571428571
SMOTE,4.928571428571429
BORDERLINE1,5.0
