index,0
ORIGINAL,2.357142857142857
BORDERLINE1,2.857142857142857
SMOTE_SVM,3.4285714285714284
SMOTE,3.5714285714285716
GEOMETRIC_SMOTE,5.0
DELAUNAY,5.357142857142857
BORDERLINE2,5.428571428571429
