index,0
GEOMETRIC_SMOTE,2.9285714285714284
SMOTE_SVM,3.642857142857143
BORDERLINE2,3.9285714285714284
BORDERLINE1,4.0
DELAUNAY,4.0
ORIGINAL,4.642857142857143
SMOTE,4.857142857142857
