index,0
SMOTE_SVM,2.7142857142857144
SMOTE,2.9285714285714284
BORDERLINE1,3.357142857142857
BORDERLINE2,3.7857142857142856
DELAUNAY,4.785714285714286
GEOMETRIC_SMOTE,4.857142857142857
ORIGINAL,5.571428571428571
