index,0
SMOTE_SVM,3.142857142857143
BORDERLINE1,3.2857142857142856
BORDERLINE2,3.5714285714285716
GEOMETRIC_SMOTE,4.142857142857143
SMOTE,4.214285714285714
DELAUNAY,4.642857142857143
ORIGINAL,5.0
