index,0
BORDERLINE2,2.9285714285714284
SMOTE,3.142857142857143
BORDERLINE1,3.5
SMOTE_SVM,3.642857142857143
DELAUNAY,4.428571428571429
ORIGINAL,4.642857142857143
GEOMETRIC_SMOTE,5.714285714285714
