index,0
BORDERLINE1,2.2142857142857144
SMOTE_SVM,3.5714285714285716
SMOTE,3.9285714285714284
GEOMETRIC_SMOTE,4.0
BORDERLINE2,4.214285714285714
ORIGINAL,4.714285714285714
DELAUNAY,5.357142857142857
