index,0
DELAUNAY,1.8571428571428572
GEOMETRIC_SMOTE,3.0
BORDERLINE1,3.2142857142857144
BORDERLINE2,3.9285714285714284
SMOTE,4.5
SMOTE_SVM,4.857142857142857
ORIGINAL,6.642857142857143
