index,0
DELAUNAY,2.142857142857143
GEOMETRIC_SMOTE,3.2142857142857144
BORDERLINE1,3.7857142857142856
SMOTE,4.0
SMOTE_SVM,4.142857142857143
BORDERLINE2,4.5
ORIGINAL,6.214285714285714
