index,0
GEOMETRIC_SMOTE,3.357142857142857
SMOTE_SVM,3.642857142857143
ORIGINAL,3.7142857142857144
BORDERLINE1,3.857142857142857
BORDERLINE2,4.214285714285714
SMOTE,4.5
DELAUNAY,4.714285714285714
