index,0
GEOMETRIC_SMOTE,2.4285714285714284
ORIGINAL,3.7142857142857144
SMOTE_SVM,3.7142857142857144
BORDERLINE2,4.0
BORDERLINE1,4.642857142857143
SMOTE,4.714285714285714
DELAUNAY,4.785714285714286
