index,0
SMOTE_SVM,2.5714285714285716
BORDERLINE1,3.642857142857143
SMOTE,3.7142857142857144
BORDERLINE2,4.285714285714286
GEOMETRIC_SMOTE,4.428571428571429
DELAUNAY,4.428571428571429
ORIGINAL,4.928571428571429
