index,0
SMOTE_SVM,2.642857142857143
BORDERLINE1,3.0
BORDERLINE2,3.142857142857143
GEOMETRIC_SMOTE,3.7857142857142856
SMOTE,3.857142857142857
ORIGINAL,4.857142857142857
DELAUNAY,6.714285714285714
