index,0
SMOTE_SVM,2.4285714285714284
ORIGINAL,3.5714285714285716
BORDERLINE1,3.857142857142857
SMOTE,4.285714285714286
BORDERLINE2,4.357142857142857
GEOMETRIC_SMOTE,4.571428571428571
DELAUNAY,4.928571428571429
