index,0
DELAUNAY,2.4285714285714284
SMOTE,2.9285714285714284
SMOTE_SVM,3.142857142857143
GEOMETRIC_SMOTE,3.2857142857142856
BORDERLINE1,4.642857142857143
BORDERLINE2,5.0
ORIGINAL,6.571428571428571
