index,0
GEOMETRIC_SMOTE,3.142857142857143
SMOTE,3.2857142857142856
SMOTE_SVM,3.5714285714285716
BORDERLINE1,3.7142857142857144
BORDERLINE2,3.857142857142857
DELAUNAY,4.5
ORIGINAL,5.928571428571429
