index,0
GEOMETRIC_SMOTE,3.142857142857143
SMOTE_SVM,3.5
BORDERLINE2,3.7142857142857144
BORDERLINE1,3.9285714285714284
ORIGINAL,4.285714285714286
SMOTE,4.642857142857143
DELAUNAY,4.785714285714286
