index,0
GEOMETRIC_SMOTE,2.7857142857142856
DELAUNAY,2.9285714285714284
BORDERLINE1,3.142857142857143
BORDERLINE2,3.7142857142857144
SMOTE,4.285714285714286
SMOTE_SVM,4.571428571428571
ORIGINAL,6.571428571428571
