index,0
BORDERLINE1,3.0714285714285716
SMOTE_SVM,3.5714285714285716
SMOTE,3.7142857142857144
ORIGINAL,3.9285714285714284
GEOMETRIC_SMOTE,4.0
BORDERLINE2,4.142857142857143
DELAUNAY,5.571428571428571
