index,0
BORDERLINE2,3.0714285714285716
GEOMETRIC_SMOTE,3.2142857142857144
BORDERLINE1,3.7857142857142856
SMOTE,3.9285714285714284
SMOTE_SVM,4.071428571428571
DELAUNAY,4.428571428571429
ORIGINAL,5.5
