index,0
ORIGINAL,2.7857142857142856
BORDERLINE1,3.142857142857143
SMOTE,3.5714285714285716
SMOTE_SVM,4.0
DELAUNAY,4.214285714285714
BORDERLINE2,5.071428571428571
GEOMETRIC_SMOTE,5.214285714285714
