index,0
BORDERLINE1,2.5
GEOMETRIC_SMOTE,3.142857142857143
SMOTE,3.5714285714285716
BORDERLINE2,3.857142857142857
SMOTE_SVM,4.285714285714286
DELAUNAY,4.642857142857143
ORIGINAL,6.0
