index,0
GEOMETRIC_SMOTE,2.642857142857143
BORDERLINE2,3.7142857142857144
ORIGINAL,3.7857142857142856
SMOTE_SVM,4.142857142857143
DELAUNAY,4.142857142857143
BORDERLINE1,4.714285714285714
SMOTE,4.857142857142857
