index,0
BORDERLINE1,3.0
ORIGINAL,3.5
SMOTE,3.642857142857143
SMOTE_SVM,3.7142857142857144
GEOMETRIC_SMOTE,4.0
BORDERLINE2,4.714285714285714
DELAUNAY,5.428571428571429
