index,0
BORDERLINE1,3.142857142857143
ORIGINAL,3.5
SMOTE,3.642857142857143
SMOTE_SVM,3.7857142857142856
GEOMETRIC_SMOTE,4.142857142857143
BORDERLINE2,4.857142857142857
DELAUNAY,4.928571428571429
