index,0
SMOTE,2.857142857142857
BORDERLINE1,3.2857142857142856
BORDERLINE2,3.857142857142857
ORIGINAL,3.9285714285714284
SMOTE_SVM,4.071428571428571
GEOMETRIC_SMOTE,4.785714285714286
DELAUNAY,5.214285714285714
