index,0
SMOTE_SVM,2.4285714285714284
ORIGINAL,3.7142857142857144
BORDERLINE1,3.7857142857142856
SMOTE,4.285714285714286
BORDERLINE2,4.357142857142857
GEOMETRIC_SMOTE,4.642857142857143
DELAUNAY,4.785714285714286
