index,0
BORDERLINE2,2.9285714285714284
GEOMETRIC_SMOTE,3.142857142857143
BORDERLINE1,3.7142857142857144
SMOTE_SVM,3.7857142857142856
SMOTE,4.071428571428571
DELAUNAY,4.857142857142857
ORIGINAL,5.5
