index,0
BORDERLINE1,2.5
SMOTE_SVM,3.4285714285714284
ORIGINAL,3.5
SMOTE,4.142857142857143
GEOMETRIC_SMOTE,4.428571428571429
BORDERLINE2,4.785714285714286
DELAUNAY,5.214285714285714
