index,0
BORDERLINE2,2.642857142857143
BORDERLINE1,2.7142857142857144
SMOTE,3.2142857142857144
GEOMETRIC_SMOTE,3.642857142857143
SMOTE_SVM,3.9285714285714284
DELAUNAY,5.142857142857143
ORIGINAL,6.714285714285714
