index,0
SMOTE_SVM,2.357142857142857
BORDERLINE1,2.9285714285714284
SMOTE,3.7142857142857144
GEOMETRIC_SMOTE,3.7857142857142856
ORIGINAL,3.857142857142857
BORDERLINE2,5.285714285714286
DELAUNAY,6.071428571428571
