index,0
SMOTE_SVM,2.5
BORDERLINE1,3.7142857142857144
SMOTE,3.857142857142857
DELAUNAY,4.214285714285714
BORDERLINE2,4.285714285714286
GEOMETRIC_SMOTE,4.428571428571429
ORIGINAL,5.0
