index,0
SMOTE_SVM,2.7857142857142856
BORDERLINE2,2.857142857142857
SMOTE,3.142857142857143
GEOMETRIC_SMOTE,3.142857142857143
BORDERLINE1,3.9285714285714284
DELAUNAY,5.5
ORIGINAL,6.642857142857143
