index,0
BORDERLINE1,2.9285714285714284
ORIGINAL,3.5
SMOTE,3.642857142857143
SMOTE_SVM,3.642857142857143
GEOMETRIC_SMOTE,4.071428571428571
BORDERLINE2,4.857142857142857
DELAUNAY,5.357142857142857
