index,0
GEOMETRIC_SMOTE,3.2142857142857144
ORIGINAL,3.7857142857142856
SMOTE_SVM,3.7857142857142856
BORDERLINE2,3.7857142857142856
SMOTE,4.357142857142857
DELAUNAY,4.5
BORDERLINE1,4.571428571428571
