index,0
ORIGINAL,2.357142857142857
BORDERLINE1,3.357142857142857
SMOTE,3.642857142857143
SMOTE_SVM,3.7857142857142856
DELAUNAY,4.071428571428571
GEOMETRIC_SMOTE,5.214285714285714
BORDERLINE2,5.571428571428571
