index,0
SMOTE,3.142857142857143
BORDERLINE1,3.142857142857143
BORDERLINE2,3.142857142857143
SMOTE_SVM,3.2857142857142856
GEOMETRIC_SMOTE,3.5714285714285716
DELAUNAY,5.642857142857143
ORIGINAL,6.071428571428571
