index,0
GEOMETRIC_SMOTE,3.4285714285714284
SMOTE_SVM,3.5714285714285716
ORIGINAL,3.857142857142857
BORDERLINE1,3.857142857142857
BORDERLINE2,4.285714285714286
SMOTE,4.5
DELAUNAY,4.5
