index,0
ORIGINAL,2.642857142857143
BORDERLINE1,3.142857142857143
SMOTE,3.4285714285714284
SMOTE_SVM,4.0
DELAUNAY,4.714285714285714
BORDERLINE2,4.785714285714286
GEOMETRIC_SMOTE,5.285714285714286
