index,0
SMOTE_SVM,3.4285714285714284
GEOMETRIC_SMOTE,3.4285714285714284
ORIGINAL,3.7857142857142856
BORDERLINE1,3.7857142857142856
BORDERLINE2,4.071428571428571
SMOTE,4.357142857142857
DELAUNAY,5.142857142857143
