index,0
SMOTE_SVM,2.642857142857143
ORIGINAL,3.857142857142857
BORDERLINE1,3.857142857142857
SMOTE,4.285714285714286
BORDERLINE2,4.285714285714286
DELAUNAY,4.5
GEOMETRIC_SMOTE,4.571428571428571
