index,0
GEOMETRIC_SMOTE,3.0
BORDERLINE2,3.5
SMOTE_SVM,3.5714285714285716
BORDERLINE1,3.857142857142857
ORIGINAL,4.214285714285714
SMOTE,4.714285714285714
DELAUNAY,5.142857142857143
