index,0
GEOMETRIC_SMOTE,3.0714285714285716
DELAUNAY,3.2857142857142856
BORDERLINE1,3.5
SMOTE,3.642857142857143
SMOTE_SVM,3.857142857142857
BORDERLINE2,4.5
ORIGINAL,6.142857142857143
