index,0
BORDERLINE2,3.0
GEOMETRIC_SMOTE,3.357142857142857
BORDERLINE1,3.7857142857142856
SMOTE_SVM,3.9285714285714284
SMOTE,4.0
DELAUNAY,4.5
ORIGINAL,5.428571428571429
