index,0
GEOMETRIC_SMOTE,2.5
ORIGINAL,3.7857142857142856
SMOTE_SVM,3.857142857142857
BORDERLINE2,4.0
DELAUNAY,4.285714285714286
SMOTE,4.785714285714286
BORDERLINE1,4.785714285714286
