index,0
DELAUNAY,2.4285714285714284
SMOTE_SVM,3.5
GEOMETRIC_SMOTE,3.5
BORDERLINE2,4.214285714285714
BORDERLINE1,4.5
ORIGINAL,4.571428571428571
SMOTE,5.285714285714286
