index,0
SMOTE,2.9285714285714284
BORDERLINE1,3.4285714285714284
SMOTE_SVM,4.071428571428571
BORDERLINE2,4.071428571428571
ORIGINAL,4.142857142857143
GEOMETRIC_SMOTE,4.642857142857143
DELAUNAY,4.714285714285714
