index,0
BORDERLINE1,2.7857142857142856
GEOMETRIC_SMOTE,3.2857142857142856
SMOTE,3.7857142857142856
DELAUNAY,3.857142857142857
SMOTE_SVM,4.0
BORDERLINE2,4.142857142857143
ORIGINAL,6.142857142857143
