index,0
SMOTE_SVM,2.9285714285714284
BORDERLINE1,3.2857142857142856
BORDERLINE2,3.2857142857142856
SMOTE,4.142857142857143
GEOMETRIC_SMOTE,4.214285714285714
DELAUNAY,4.928571428571429
ORIGINAL,5.214285714285714
