index,0
BORDERLINE1,3.357142857142857
ORIGINAL,3.4285714285714284
SMOTE_SVM,3.4285714285714284
GEOMETRIC_SMOTE,3.4285714285714284
SMOTE,3.7142857142857144
BORDERLINE2,4.5
DELAUNAY,6.142857142857143
