index,0
BORDERLINE2,3.142857142857143
GEOMETRIC_SMOTE,3.357142857142857
DELAUNAY,3.857142857142857
SMOTE_SVM,3.9285714285714284
BORDERLINE1,4.071428571428571
SMOTE,4.214285714285714
ORIGINAL,5.428571428571429
