index,0
SMOTE,3.0
BORDERLINE1,3.5
BORDERLINE2,4.071428571428571
SMOTE_SVM,4.142857142857143
ORIGINAL,4.214285714285714
DELAUNAY,4.285714285714286
GEOMETRIC_SMOTE,4.785714285714286
