index,0
DELAUNAY,2.7142857142857144
SMOTE_SVM,3.142857142857143
SMOTE,3.2142857142857144
BORDERLINE1,3.7857142857142856
BORDERLINE2,4.285714285714286
GEOMETRIC_SMOTE,5.142857142857143
ORIGINAL,5.714285714285714
