index,0
BORDERLINE2,3.2857142857142856
SMOTE,3.4285714285714284
BORDERLINE1,3.4285714285714284
SMOTE_SVM,3.5714285714285716
GEOMETRIC_SMOTE,3.7857142857142856
DELAUNAY,4.142857142857143
ORIGINAL,6.357142857142857
