index,0
SMOTE,2.5714285714285716
ORIGINAL,3.5714285714285716
BORDERLINE1,3.642857142857143
SMOTE_SVM,4.071428571428571
BORDERLINE2,4.142857142857143
DELAUNAY,4.5
GEOMETRIC_SMOTE,5.5
