index,0
DELAUNAY,2.4285714285714284
GEOMETRIC_SMOTE,2.7857142857142856
BORDERLINE1,3.2857142857142856
BORDERLINE2,3.9285714285714284
SMOTE,4.357142857142857
SMOTE_SVM,4.714285714285714
ORIGINAL,6.5
