index,0
DELAUNAY,3.142857142857143
BORDERLINE2,3.2857142857142856
SMOTE,3.357142857142857
BORDERLINE1,3.642857142857143
SMOTE_SVM,3.9285714285714284
ORIGINAL,4.785714285714286
GEOMETRIC_SMOTE,5.857142857142857
