index,0
SMOTE_SVM,3.2142857142857144
BORDERLINE1,3.357142857142857
BORDERLINE2,3.7142857142857144
SMOTE,4.214285714285714
GEOMETRIC_SMOTE,4.285714285714286
DELAUNAY,4.285714285714286
ORIGINAL,4.928571428571429
