index,0
BORDERLINE1,2.9285714285714284
SMOTE_SVM,3.5714285714285716
SMOTE,3.7142857142857144
ORIGINAL,3.9285714285714284
BORDERLINE2,4.071428571428571
GEOMETRIC_SMOTE,4.071428571428571
DELAUNAY,5.714285714285714
