index,0
BORDERLINE1,2.7142857142857144
SMOTE,3.5
GEOMETRIC_SMOTE,3.5714285714285716
SMOTE_SVM,3.857142857142857
BORDERLINE2,4.071428571428571
ORIGINAL,4.142857142857143
DELAUNAY,6.142857142857143
