index,0
SMOTE_SVM,2.5
BORDERLINE1,3.4285714285714284
GEOMETRIC_SMOTE,3.7142857142857144
SMOTE,4.142857142857143
ORIGINAL,4.714285714285714
BORDERLINE2,4.714285714285714
DELAUNAY,4.785714285714286
