index,0
BORDERLINE1,2.357142857142857
GEOMETRIC_SMOTE,3.5
SMOTE,3.5714285714285716
BORDERLINE2,3.7142857142857144
SMOTE_SVM,4.142857142857143
DELAUNAY,5.071428571428571
ORIGINAL,5.642857142857143
