index,0
DELAUNAY,2.4285714285714284
SMOTE,2.857142857142857
BORDERLINE1,3.9285714285714284
ORIGINAL,4.142857142857143
SMOTE_SVM,4.357142857142857
BORDERLINE2,4.428571428571429
GEOMETRIC_SMOTE,5.857142857142857
