index,0
BORDERLINE1,3.0
SMOTE_SVM,3.5714285714285716
SMOTE,3.7142857142857144
ORIGINAL,4.0
BORDERLINE2,4.071428571428571
GEOMETRIC_SMOTE,4.714285714285714
DELAUNAY,4.928571428571429
