index,0
BORDERLINE2,3.0
BORDERLINE1,3.0714285714285716
DELAUNAY,3.2142857142857144
SMOTE,3.5714285714285716
GEOMETRIC_SMOTE,3.9285714285714284
SMOTE_SVM,4.214285714285714
ORIGINAL,7.0
