index,0
ORIGINAL,2.642857142857143
BORDERLINE1,3.0
SMOTE,3.2857142857142856
SMOTE_SVM,3.857142857142857
BORDERLINE2,4.642857142857143
GEOMETRIC_SMOTE,5.142857142857143
DELAUNAY,5.428571428571429
