index,0
ORIGINAL,2.142857142857143
BORDERLINE1,3.4285714285714284
SMOTE,3.5714285714285716
SMOTE_SVM,3.7142857142857144
DELAUNAY,4.5
GEOMETRIC_SMOTE,5.071428571428571
BORDERLINE2,5.571428571428571
