index,0
DELAUNAY,3.357142857142857
SMOTE_SVM,3.5714285714285716
GEOMETRIC_SMOTE,3.642857142857143
BORDERLINE1,4.071428571428571
ORIGINAL,4.214285714285714
BORDERLINE2,4.428571428571429
SMOTE,4.714285714285714
