index,0
GEOMETRIC_SMOTE,2.5714285714285716
ORIGINAL,3.7142857142857144
BORDERLINE2,3.857142857142857
DELAUNAY,3.857142857142857
SMOTE_SVM,4.142857142857143
SMOTE,4.928571428571429
BORDERLINE1,4.928571428571429
