index,0
DELAUNAY,2.5
GEOMETRIC_SMOTE,3.4285714285714284
SMOTE_SVM,3.5
BORDERLINE2,4.142857142857143
BORDERLINE1,4.428571428571429
ORIGINAL,4.5
SMOTE,5.5
