index,0
BORDERLINE1,3.142857142857143
GEOMETRIC_SMOTE,3.4285714285714284
SMOTE,3.7142857142857144
SMOTE_SVM,3.7142857142857144
DELAUNAY,4.571428571428571
ORIGINAL,4.714285714285714
BORDERLINE2,4.714285714285714
