index,0
GEOMETRIC_SMOTE,2.9285714285714284
SMOTE_SVM,3.5
BORDERLINE2,3.5
BORDERLINE1,3.9285714285714284
ORIGINAL,4.142857142857143
SMOTE,4.642857142857143
DELAUNAY,5.357142857142857
