index,0
SMOTE_SVM,2.2142857142857144
BORDERLINE1,3.2142857142857144
GEOMETRIC_SMOTE,3.4285714285714284
SMOTE,3.7857142857142856
ORIGINAL,4.214285714285714
BORDERLINE2,4.428571428571429
DELAUNAY,6.714285714285714
