index,0
DELAUNAY,3.5
SMOTE_SVM,3.5714285714285716
GEOMETRIC_SMOTE,3.7142857142857144
ORIGINAL,4.071428571428571
BORDERLINE1,4.071428571428571
BORDERLINE2,4.5
SMOTE,4.571428571428571
