index,0
BORDERLINE1,2.357142857142857
GEOMETRIC_SMOTE,3.2857142857142856
SMOTE,3.7142857142857144
BORDERLINE2,3.7142857142857144
SMOTE_SVM,4.142857142857143
DELAUNAY,5.071428571428571
ORIGINAL,5.714285714285714
