index,0
SMOTE_SVM,1.9285714285714286
ORIGINAL,3.142857142857143
BORDERLINE1,3.9285714285714284
GEOMETRIC_SMOTE,4.142857142857143
SMOTE,4.357142857142857
BORDERLINE2,4.714285714285714
DELAUNAY,5.785714285714286
