index,0
DELAUNAY,3.2857142857142856
GEOMETRIC_SMOTE,3.357142857142857
SMOTE_SVM,3.5
BORDERLINE2,4.0
BORDERLINE1,4.142857142857143
ORIGINAL,4.5
SMOTE,5.214285714285714
