index,0
SMOTE,2.5
DELAUNAY,3.5
BORDERLINE1,3.642857142857143
ORIGINAL,3.9285714285714284
BORDERLINE2,4.214285714285714
SMOTE_SVM,4.285714285714286
GEOMETRIC_SMOTE,5.928571428571429
