index,0
BORDERLINE1,3.142857142857143
SMOTE,3.2142857142857144
BORDERLINE2,3.2857142857142856
SMOTE_SVM,3.4285714285714284
GEOMETRIC_SMOTE,3.5
DELAUNAY,5.214285714285714
ORIGINAL,6.214285714285714
