index,0
ORIGINAL,2.142857142857143
BORDERLINE1,3.2857142857142856
SMOTE,3.4285714285714284
SMOTE_SVM,3.642857142857143
GEOMETRIC_SMOTE,5.0
DELAUNAY,5.0
BORDERLINE2,5.5
