index,0
GEOMETRIC_SMOTE,3.2857142857142856
SMOTE_SVM,3.4285714285714284
DELAUNAY,3.4285714285714284
BORDERLINE2,3.857142857142857
BORDERLINE1,4.357142857142857
ORIGINAL,4.5
SMOTE,5.142857142857143
