index,0
GEOMETRIC_SMOTE,2.7142857142857144
SMOTE_SVM,3.857142857142857
BORDERLINE2,3.857142857142857
ORIGINAL,3.9285714285714284
DELAUNAY,4.142857142857143
BORDERLINE1,4.642857142857143
SMOTE,4.857142857142857
