index,0
BORDERLINE2,2.7142857142857144
BORDERLINE1,3.0
SMOTE,3.357142857142857
GEOMETRIC_SMOTE,3.7857142857142856
DELAUNAY,4.071428571428571
SMOTE_SVM,4.214285714285714
ORIGINAL,6.857142857142857
