index,0
SMOTE_SVM,2.5714285714285716
ORIGINAL,3.7857142857142856
BORDERLINE1,3.857142857142857
SMOTE,4.214285714285714
BORDERLINE2,4.285714285714286
GEOMETRIC_SMOTE,4.5
DELAUNAY,4.785714285714286
