index,0
ORIGINAL,2.7142857142857144
SMOTE,3.2142857142857144
BORDERLINE1,3.357142857142857
SMOTE_SVM,3.7857142857142856
DELAUNAY,4.642857142857143
BORDERLINE2,4.785714285714286
GEOMETRIC_SMOTE,5.5
