index,0
SMOTE_SVM,2.7857142857142856
BORDERLINE2,2.7857142857142856
SMOTE,3.142857142857143
GEOMETRIC_SMOTE,3.2857142857142856
BORDERLINE1,3.857142857142857
DELAUNAY,5.428571428571429
ORIGINAL,6.714285714285714
