index,0
GEOMETRIC_SMOTE,3.142857142857143
ORIGINAL,3.7142857142857144
SMOTE_SVM,3.7142857142857144
BORDERLINE2,3.7142857142857144
SMOTE,4.214285714285714
BORDERLINE1,4.5
DELAUNAY,5.0
