index,0
GEOMETRIC_SMOTE,2.7857142857142856
DELAUNAY,3.0
BORDERLINE1,3.142857142857143
BORDERLINE2,3.642857142857143
SMOTE,4.214285714285714
SMOTE_SVM,4.714285714285714
ORIGINAL,6.5
