index,0
SMOTE,2.7857142857142856
BORDERLINE1,3.2142857142857144
ORIGINAL,3.857142857142857
SMOTE_SVM,3.857142857142857
BORDERLINE2,3.857142857142857
GEOMETRIC_SMOTE,4.785714285714286
DELAUNAY,5.642857142857143
