index,0
BORDERLINE1,3.2142857142857144
SMOTE_SVM,3.5714285714285716
SMOTE,3.7857142857142856
ORIGINAL,3.9285714285714284
BORDERLINE2,4.214285714285714
GEOMETRIC_SMOTE,4.214285714285714
DELAUNAY,5.071428571428571
