index,0
ORIGINAL,2.5
BORDERLINE1,3.2857142857142856
SMOTE,3.5714285714285716
SMOTE_SVM,4.142857142857143
DELAUNAY,4.285714285714286
BORDERLINE2,4.928571428571429
GEOMETRIC_SMOTE,5.285714285714286
