index,0
BORDERLINE1,2.5
GEOMETRIC_SMOTE,3.642857142857143
SMOTE,3.857142857142857
DELAUNAY,3.9285714285714284
BORDERLINE2,4.142857142857143
SMOTE_SVM,4.214285714285714
ORIGINAL,5.714285714285714
