index,0
SMOTE,2.857142857142857
DELAUNAY,2.857142857142857
BORDERLINE1,3.7857142857142856
ORIGINAL,4.0
SMOTE_SVM,4.357142857142857
BORDERLINE2,4.428571428571429
GEOMETRIC_SMOTE,5.714285714285714
