index,0
ORIGINAL,2.7142857142857144
BORDERLINE1,3.4285714285714284
SMOTE,3.5
DELAUNAY,3.857142857142857
SMOTE_SVM,3.9285714285714284
BORDERLINE2,4.928571428571429
GEOMETRIC_SMOTE,5.642857142857143
