index,0
SMOTE_SVM,2.7857142857142856
BORDERLINE1,3.142857142857143
BORDERLINE2,3.357142857142857
SMOTE,4.0
GEOMETRIC_SMOTE,4.0
ORIGINAL,5.142857142857143
DELAUNAY,5.571428571428571
