index,0
ORIGINAL,2.5714285714285716
SMOTE,3.357142857142857
BORDERLINE1,3.4285714285714284
SMOTE_SVM,3.9285714285714284
DELAUNAY,4.428571428571429
BORDERLINE2,4.785714285714286
GEOMETRIC_SMOTE,5.5
