index,0
DELAUNAY,2.2857142857142856
SMOTE_SVM,3.4285714285714284
GEOMETRIC_SMOTE,3.642857142857143
BORDERLINE2,4.214285714285714
BORDERLINE1,4.428571428571429
ORIGINAL,4.571428571428571
SMOTE,5.428571428571429
