index,0
DELAUNAY,1.5714285714285714
SMOTE,3.0
BORDERLINE1,4.0
ORIGINAL,4.428571428571429
BORDERLINE2,4.428571428571429
SMOTE_SVM,4.571428571428571
GEOMETRIC_SMOTE,6.0
