index,0
DELAUNAY,2.857142857142857
ORIGINAL,3.0
SMOTE,3.5714285714285716
BORDERLINE1,3.7142857142857144
SMOTE_SVM,4.0
BORDERLINE2,5.214285714285714
GEOMETRIC_SMOTE,5.642857142857143
