index,0
GEOMETRIC_SMOTE,3.0
SMOTE_SVM,3.5714285714285716
BORDERLINE2,3.5714285714285716
BORDERLINE1,4.0
ORIGINAL,4.214285714285714
SMOTE,4.714285714285714
DELAUNAY,4.928571428571429
