index,0
SMOTE_SVM,2.9285714285714284
BORDERLINE1,3.142857142857143
BORDERLINE2,3.2857142857142856
SMOTE,4.0
GEOMETRIC_SMOTE,4.142857142857143
ORIGINAL,5.142857142857143
DELAUNAY,5.357142857142857
