index,0
BORDERLINE1,2.857142857142857
SMOTE_SVM,3.4285714285714284
SMOTE,3.5714285714285716
ORIGINAL,3.7857142857142856
BORDERLINE2,3.7857142857142856
GEOMETRIC_SMOTE,4.142857142857143
DELAUNAY,6.428571428571429
