index,0
SMOTE_SVM,2.357142857142857
BORDERLINE1,3.2857142857142856
GEOMETRIC_SMOTE,3.5714285714285716
SMOTE,3.857142857142857
ORIGINAL,4.642857142857143
BORDERLINE2,4.642857142857143
DELAUNAY,5.642857142857143
