index,0
SMOTE_SVM,3.2142857142857144
GEOMETRIC_SMOTE,3.2142857142857144
BORDERLINE2,3.7142857142857144
BORDERLINE1,4.142857142857143
DELAUNAY,4.214285714285714
ORIGINAL,4.428571428571429
SMOTE,5.071428571428571
