index,0
DELAUNAY,2.9285714285714284
GEOMETRIC_SMOTE,3.357142857142857
SMOTE_SVM,3.5
BORDERLINE2,4.0
BORDERLINE1,4.5
ORIGINAL,4.571428571428571
SMOTE,5.142857142857143
