index,0
SMOTE_SVM,2.857142857142857
BORDERLINE1,3.0714285714285716
BORDERLINE2,3.357142857142857
SMOTE,3.857142857142857
GEOMETRIC_SMOTE,4.0
ORIGINAL,4.857142857142857
DELAUNAY,6.0
