index,0
GEOMETRIC_SMOTE,3.142857142857143
ORIGINAL,3.7142857142857144
SMOTE_SVM,3.7142857142857144
BORDERLINE2,4.0
SMOTE,4.142857142857143
BORDERLINE1,4.5
DELAUNAY,4.785714285714286
