index,0
BORDERLINE1,3.0
ORIGINAL,3.0714285714285716
SMOTE,3.142857142857143
SMOTE_SVM,4.0
DELAUNAY,4.071428571428571
BORDERLINE2,5.142857142857143
GEOMETRIC_SMOTE,5.571428571428571
