index,0
BORDERLINE1,2.357142857142857
GEOMETRIC_SMOTE,3.5714285714285716
BORDERLINE2,4.0
SMOTE,4.071428571428571
SMOTE_SVM,4.142857142857143
DELAUNAY,4.428571428571429
ORIGINAL,5.428571428571429
