index,0
SMOTE_SVM,3.5
GEOMETRIC_SMOTE,3.5714285714285716
DELAUNAY,3.7857142857142856
BORDERLINE1,3.9285714285714284
ORIGINAL,4.214285714285714
BORDERLINE2,4.357142857142857
SMOTE,4.642857142857143
