index,0
SMOTE_SVM,2.357142857142857
BORDERLINE1,3.357142857142857
SMOTE,3.642857142857143
GEOMETRIC_SMOTE,3.7142857142857144
ORIGINAL,4.142857142857143
BORDERLINE2,4.571428571428571
DELAUNAY,6.214285714285714
