index,0
SMOTE_SVM,2.857142857142857
BORDERLINE1,3.142857142857143
BORDERLINE2,3.2857142857142856
SMOTE,3.857142857142857
GEOMETRIC_SMOTE,4.071428571428571
ORIGINAL,5.0
DELAUNAY,5.785714285714286
