index,0
BORDERLINE1,2.357142857142857
GEOMETRIC_SMOTE,3.5
SMOTE,3.7142857142857144
BORDERLINE2,3.7142857142857144
SMOTE_SVM,3.7857142857142856
DELAUNAY,5.214285714285714
ORIGINAL,5.714285714285714
