index,0
BORDERLINE2,2.9285714285714284
SMOTE,3.2142857142857144
BORDERLINE1,3.4285714285714284
SMOTE_SVM,3.5714285714285716
DELAUNAY,4.571428571428571
ORIGINAL,4.642857142857143
GEOMETRIC_SMOTE,5.642857142857143
