index,0
BORDERLINE1,2.857142857142857
SMOTE,3.7142857142857144
GEOMETRIC_SMOTE,3.7857142857142856
SMOTE_SVM,4.0
ORIGINAL,4.428571428571429
BORDERLINE2,4.5
DELAUNAY,4.714285714285714
