index,0
BORDERLINE1,2.357142857142857
GEOMETRIC_SMOTE,3.2857142857142856
SMOTE,3.7142857142857144
SMOTE_SVM,3.857142857142857
BORDERLINE2,3.857142857142857
DELAUNAY,5.285714285714286
ORIGINAL,5.642857142857143
