index,0
BORDERLINE1,2.142857142857143
SMOTE_SVM,3.5714285714285716
SMOTE,3.9285714285714284
GEOMETRIC_SMOTE,4.071428571428571
BORDERLINE2,4.285714285714286
ORIGINAL,4.714285714285714
DELAUNAY,5.285714285714286
