index,0
GEOMETRIC_SMOTE,3.4285714285714284
SMOTE_SVM,3.857142857142857
BORDERLINE2,3.857142857142857
DELAUNAY,3.857142857142857
ORIGINAL,4.0
SMOTE,4.357142857142857
BORDERLINE1,4.642857142857143
