index,0
SMOTE_SVM,2.7857142857142856
BORDERLINE1,3.142857142857143
DELAUNAY,3.5714285714285716
SMOTE,4.0
GEOMETRIC_SMOTE,4.142857142857143
ORIGINAL,4.928571428571429
BORDERLINE2,5.428571428571429
