index,0
BORDERLINE2,3.0
SMOTE,3.142857142857143
BORDERLINE1,3.142857142857143
SMOTE_SVM,3.2857142857142856
GEOMETRIC_SMOTE,3.5
DELAUNAY,5.571428571428571
ORIGINAL,6.357142857142857
