index,0
ORIGINAL,2.7857142857142856
BORDERLINE1,3.4285714285714284
SMOTE,3.5
DELAUNAY,3.5714285714285716
SMOTE_SVM,4.142857142857143
BORDERLINE2,5.071428571428571
GEOMETRIC_SMOTE,5.5
