index,0
GEOMETRIC_SMOTE,2.5714285714285716
DELAUNAY,3.642857142857143
ORIGINAL,3.7142857142857144
BORDERLINE2,3.9285714285714284
SMOTE_SVM,4.214285714285714
BORDERLINE1,4.928571428571429
SMOTE,5.0
