index,0
GEOMETRIC_SMOTE,3.0
SMOTE_SVM,3.642857142857143
BORDERLINE2,3.642857142857143
BORDERLINE1,3.7857142857142856
ORIGINAL,4.428571428571429
DELAUNAY,4.714285714285714
SMOTE,4.785714285714286
