index,0
BORDERLINE1,3.2142857142857144
SMOTE_SVM,3.7142857142857144
SMOTE,3.857142857142857
ORIGINAL,4.071428571428571
BORDERLINE2,4.285714285714286
GEOMETRIC_SMOTE,4.285714285714286
DELAUNAY,4.571428571428571
