index,0
SMOTE,2.857142857142857
BORDERLINE1,3.357142857142857
ORIGINAL,4.071428571428571
SMOTE_SVM,4.142857142857143
BORDERLINE2,4.214285714285714
DELAUNAY,4.571428571428571
GEOMETRIC_SMOTE,4.785714285714286
