index,0
SMOTE_SVM,2.5
BORDERLINE1,3.357142857142857
GEOMETRIC_SMOTE,3.642857142857143
SMOTE,4.142857142857143
DELAUNAY,4.642857142857143
ORIGINAL,4.714285714285714
BORDERLINE2,5.0
