index,0
BORDERLINE1,2.5714285714285716
GEOMETRIC_SMOTE,3.2857142857142856
SMOTE,3.7142857142857144
BORDERLINE2,4.0
SMOTE_SVM,4.285714285714286
DELAUNAY,4.428571428571429
ORIGINAL,5.714285714285714
