index,0
SMOTE_SVM,2.642857142857143
SMOTE,3.142857142857143
BORDERLINE1,3.357142857142857
GEOMETRIC_SMOTE,3.5
BORDERLINE2,3.5714285714285716
DELAUNAY,5.5
ORIGINAL,6.285714285714286
