index,0
SMOTE_SVM,2.5
BORDERLINE1,2.857142857142857
SMOTE,3.7857142857142856
GEOMETRIC_SMOTE,3.857142857142857
ORIGINAL,4.785714285714286
BORDERLINE2,5.071428571428571
DELAUNAY,5.142857142857143
