index,0
BORDERLINE1,3.4285714285714284
GEOMETRIC_SMOTE,3.4285714285714284
SMOTE_SVM,3.5
ORIGINAL,3.5714285714285716
SMOTE,3.857142857142857
BORDERLINE2,4.714285714285714
DELAUNAY,5.5
