index,0
SMOTE_SVM,2.5
BORDERLINE1,2.9285714285714284
SMOTE,3.7142857142857144
GEOMETRIC_SMOTE,3.9285714285714284
ORIGINAL,4.928571428571429
BORDERLINE2,5.0
DELAUNAY,5.0
