index,0
SMOTE_SVM,2.642857142857143
SMOTE,2.9285714285714284
BORDERLINE1,3.2142857142857144
BORDERLINE2,3.642857142857143
GEOMETRIC_SMOTE,4.714285714285714
DELAUNAY,5.357142857142857
ORIGINAL,5.5
