index,0
SMOTE_SVM,3.4285714285714284
GEOMETRIC_SMOTE,3.4285714285714284
ORIGINAL,3.9285714285714284
BORDERLINE1,3.9285714285714284
DELAUNAY,4.285714285714286
BORDERLINE2,4.428571428571429
SMOTE,4.571428571428571
