index,0
BORDERLINE1,3.2857142857142856
SMOTE_SVM,3.7142857142857144
SMOTE,3.857142857142857
DELAUNAY,4.0
ORIGINAL,4.214285714285714
BORDERLINE2,4.214285714285714
GEOMETRIC_SMOTE,4.714285714285714
