index,0
GEOMETRIC_SMOTE,3.142857142857143
SMOTE_SVM,3.7142857142857144
BORDERLINE2,3.857142857142857
ORIGINAL,3.9285714285714284
SMOTE,4.285714285714286
BORDERLINE1,4.5
DELAUNAY,4.571428571428571
