index,0
GEOMETRIC_SMOTE,3.0
BORDERLINE2,3.5714285714285716
SMOTE_SVM,3.7857142857142856
BORDERLINE1,3.9285714285714284
DELAUNAY,4.357142857142857
ORIGINAL,4.428571428571429
SMOTE,4.928571428571429
