index,0
GEOMETRIC_SMOTE,2.5
BORDERLINE2,3.642857142857143
ORIGINAL,3.7142857142857144
SMOTE_SVM,4.142857142857143
DELAUNAY,4.214285714285714
BORDERLINE1,4.857142857142857
SMOTE,4.928571428571429
