index,0
DELAUNAY,3.0
SMOTE_SVM,3.357142857142857
BORDERLINE1,3.642857142857143
BORDERLINE2,4.0
SMOTE,4.285714285714286
GEOMETRIC_SMOTE,4.571428571428571
ORIGINAL,5.142857142857143
