index,0
BORDERLINE1,3.0
SMOTE,3.2857142857142856
SMOTE_SVM,3.5
GEOMETRIC_SMOTE,3.5
ORIGINAL,4.428571428571429
BORDERLINE2,4.428571428571429
DELAUNAY,5.857142857142857
