index,0
ORIGINAL,2.0
BORDERLINE1,3.2857142857142856
SMOTE,3.5
SMOTE_SVM,3.5714285714285716
GEOMETRIC_SMOTE,4.928571428571429
BORDERLINE2,5.142857142857143
DELAUNAY,5.571428571428571
