index,0
SMOTE_SVM,2.357142857142857
BORDERLINE1,2.9285714285714284
SMOTE,4.071428571428571
GEOMETRIC_SMOTE,4.071428571428571
BORDERLINE2,4.285714285714286
ORIGINAL,5.071428571428571
DELAUNAY,5.214285714285714
