index,0
ORIGINAL,2.5
BORDERLINE1,3.142857142857143
SMOTE,3.2857142857142856
SMOTE_SVM,4.0
BORDERLINE2,4.785714285714286
DELAUNAY,4.857142857142857
GEOMETRIC_SMOTE,5.428571428571429
