index,0
BORDERLINE1,2.2857142857142856
SMOTE_SVM,3.357142857142857
ORIGINAL,3.5
SMOTE,3.9285714285714284
GEOMETRIC_SMOTE,4.357142857142857
BORDERLINE2,4.857142857142857
DELAUNAY,5.714285714285714
