index,0
BORDERLINE1,3.0
SMOTE_SVM,3.5
SMOTE,3.642857142857143
ORIGINAL,4.0
BORDERLINE2,4.214285714285714
GEOMETRIC_SMOTE,4.5
DELAUNAY,5.142857142857143
