index,0
SMOTE_SVM,2.4285714285714284
ORIGINAL,3.5714285714285716
BORDERLINE1,3.7142857142857144
SMOTE,4.285714285714286
GEOMETRIC_SMOTE,4.357142857142857
BORDERLINE2,4.428571428571429
DELAUNAY,5.214285714285714
