index,0
SMOTE_SVM,2.2857142857142856
BORDERLINE1,3.142857142857143
SMOTE,4.214285714285714
GEOMETRIC_SMOTE,4.214285714285714
BORDERLINE2,4.5
ORIGINAL,4.785714285714286
DELAUNAY,4.857142857142857
