index,0
SMOTE_SVM,2.5714285714285716
SMOTE,3.142857142857143
BORDERLINE1,3.2142857142857144
GEOMETRIC_SMOTE,3.357142857142857
BORDERLINE2,3.5714285714285716
ORIGINAL,6.071428571428571
DELAUNAY,6.071428571428571
