index,0
GEOMETRIC_SMOTE,2.857142857142857
BORDERLINE2,3.4285714285714284
SMOTE_SVM,3.5714285714285716
BORDERLINE1,3.7142857142857144
ORIGINAL,4.071428571428571
SMOTE,4.714285714285714
DELAUNAY,5.642857142857143
