index,0
GEOMETRIC_SMOTE,2.7142857142857144
ORIGINAL,3.642857142857143
BORDERLINE2,3.7142857142857144
SMOTE_SVM,4.071428571428571
DELAUNAY,4.071428571428571
BORDERLINE1,4.857142857142857
SMOTE,4.928571428571429
