index,0
SMOTE_SVM,2.0714285714285716
ORIGINAL,3.2142857142857144
BORDERLINE1,3.9285714285714284
GEOMETRIC_SMOTE,4.0
SMOTE,4.357142857142857
BORDERLINE2,4.5
DELAUNAY,5.928571428571429
