index,0
GEOMETRIC_SMOTE,2.5
BORDERLINE2,3.5714285714285716
ORIGINAL,3.7857142857142856
SMOTE_SVM,4.071428571428571
DELAUNAY,4.5
BORDERLINE1,4.571428571428571
SMOTE,5.0
