index,0
SMOTE_SVM,3.0714285714285716
GEOMETRIC_SMOTE,3.142857142857143
BORDERLINE2,3.642857142857143
BORDERLINE1,3.9285714285714284
ORIGINAL,4.357142857142857
DELAUNAY,4.785714285714286
SMOTE,5.071428571428571
