index,0
BORDERLINE1,2.5
GEOMETRIC_SMOTE,3.642857142857143
DELAUNAY,3.7142857142857144
SMOTE,4.0
BORDERLINE2,4.0
SMOTE_SVM,4.428571428571429
ORIGINAL,5.714285714285714
