index,0
GEOMETRIC_SMOTE,3.2857142857142856
SMOTE_SVM,3.357142857142857
DELAUNAY,3.5
BORDERLINE2,4.0
BORDERLINE1,4.071428571428571
ORIGINAL,4.5
SMOTE,5.285714285714286
