index,0
SMOTE_SVM,1.9285714285714286
ORIGINAL,3.0
BORDERLINE1,3.7142857142857144
GEOMETRIC_SMOTE,3.857142857142857
SMOTE,4.285714285714286
BORDERLINE2,4.642857142857143
DELAUNAY,6.571428571428571
