index,0
SMOTE_SVM,2.5
BORDERLINE1,3.0
SMOTE,3.5714285714285716
GEOMETRIC_SMOTE,3.9285714285714284
ORIGINAL,4.642857142857143
BORDERLINE2,5.142857142857143
DELAUNAY,5.214285714285714
