index,0
SMOTE,2.7857142857142856
BORDERLINE1,3.2142857142857144
ORIGINAL,4.0
SMOTE_SVM,4.0
BORDERLINE2,4.0
GEOMETRIC_SMOTE,4.785714285714286
DELAUNAY,5.214285714285714
