index,0
GEOMETRIC_SMOTE,2.642857142857143
BORDERLINE1,3.0
DELAUNAY,3.142857142857143
BORDERLINE2,3.642857142857143
SMOTE,4.285714285714286
SMOTE_SVM,4.714285714285714
ORIGINAL,6.571428571428571
