index,0
ORIGINAL,2.7142857142857144
SMOTE,3.2857142857142856
BORDERLINE1,3.4285714285714284
SMOTE_SVM,4.0
DELAUNAY,4.142857142857143
BORDERLINE2,4.928571428571429
GEOMETRIC_SMOTE,5.5
