index,0
SMOTE_SVM,1.9285714285714286
ORIGINAL,3.0
BORDERLINE1,3.7142857142857144
GEOMETRIC_SMOTE,4.0
SMOTE,4.571428571428571
BORDERLINE2,4.714285714285714
DELAUNAY,6.071428571428571
