index,0
GEOMETRIC_SMOTE,2.857142857142857
BORDERLINE2,3.5
SMOTE_SVM,3.7857142857142856
BORDERLINE1,4.142857142857143
DELAUNAY,4.357142857142857
ORIGINAL,4.428571428571429
SMOTE,4.928571428571429
