index,0
SMOTE,2.857142857142857
BORDERLINE1,3.2857142857142856
BORDERLINE2,4.071428571428571
ORIGINAL,4.142857142857143
SMOTE_SVM,4.142857142857143
DELAUNAY,4.642857142857143
GEOMETRIC_SMOTE,4.857142857142857
