index,0
SMOTE_SVM,2.2857142857142856
BORDERLINE1,2.9285714285714284
SMOTE,3.5714285714285716
ORIGINAL,3.9285714285714284
GEOMETRIC_SMOTE,4.0
BORDERLINE2,5.428571428571429
DELAUNAY,5.857142857142857
