index,0
BORDERLINE1,3.0714285714285716
ORIGINAL,3.5
SMOTE,3.7142857142857144
SMOTE_SVM,3.7142857142857144
GEOMETRIC_SMOTE,4.142857142857143
BORDERLINE2,4.928571428571429
DELAUNAY,4.928571428571429
