index,0
BORDERLINE1,2.0714285714285716
SMOTE_SVM,3.5714285714285716
BORDERLINE2,4.0
SMOTE,4.071428571428571
GEOMETRIC_SMOTE,4.142857142857143
ORIGINAL,4.714285714285714
DELAUNAY,5.428571428571429
