index,0
SMOTE_SVM,2.5
BORDERLINE1,3.5714285714285716
GEOMETRIC_SMOTE,3.857142857142857
SMOTE,4.0
ORIGINAL,4.571428571428571
DELAUNAY,4.642857142857143
BORDERLINE2,4.857142857142857
