index,0
GEOMETRIC_SMOTE,2.357142857142857
BORDERLINE1,2.857142857142857
BORDERLINE2,3.2857142857142856
SMOTE,3.9285714285714284
SMOTE_SVM,4.285714285714286
DELAUNAY,5.071428571428571
ORIGINAL,6.214285714285714
