index,0
GEOMETRIC_SMOTE,3.357142857142857
SMOTE_SVM,3.4285714285714284
ORIGINAL,3.5
BORDERLINE1,3.5
SMOTE,3.7857142857142856
BORDERLINE2,4.714285714285714
DELAUNAY,5.714285714285714
