index,0
SMOTE_SVM,2.5
BORDERLINE1,3.642857142857143
SMOTE,3.7142857142857144
BORDERLINE2,4.214285714285714
GEOMETRIC_SMOTE,4.357142857142857
DELAUNAY,4.5
ORIGINAL,5.071428571428571
