index,0
BORDERLINE1,3.0714285714285716
SMOTE_SVM,3.5714285714285716
SMOTE,3.7142857142857144
ORIGINAL,3.9285714285714284
GEOMETRIC_SMOTE,4.071428571428571
BORDERLINE2,4.285714285714286
DELAUNAY,5.357142857142857
