index,0
BORDERLINE1,3.0
SMOTE,3.357142857142857
GEOMETRIC_SMOTE,3.357142857142857
SMOTE_SVM,3.7857142857142856
BORDERLINE2,4.428571428571429
ORIGINAL,4.642857142857143
DELAUNAY,5.428571428571429
