index,0
SMOTE_SVM,2.5714285714285716
BORDERLINE1,3.0714285714285716
SMOTE,3.7857142857142856
ORIGINAL,4.0
GEOMETRIC_SMOTE,4.071428571428571
DELAUNAY,5.0
BORDERLINE2,5.5
