index,0
SMOTE,2.7857142857142856
BORDERLINE1,3.0714285714285716
BORDERLINE2,3.7857142857142856
ORIGINAL,3.857142857142857
SMOTE_SVM,4.0
GEOMETRIC_SMOTE,4.857142857142857
DELAUNAY,5.642857142857143
