index,0
GEOMETRIC_SMOTE,2.7857142857142856
DELAUNAY,2.857142857142857
BORDERLINE1,3.142857142857143
BORDERLINE2,3.5714285714285716
SMOTE,4.428571428571429
SMOTE_SVM,4.642857142857143
ORIGINAL,6.571428571428571
