index,0
BORDERLINE2,2.7142857142857144
SMOTE,2.9285714285714284
SMOTE_SVM,3.357142857142857
BORDERLINE1,3.357142857142857
ORIGINAL,4.357142857142857
GEOMETRIC_SMOTE,5.357142857142857
DELAUNAY,5.928571428571429
