index,0
SMOTE,3.0
BORDERLINE2,3.0
SMOTE_SVM,3.142857142857143
BORDERLINE1,3.142857142857143
GEOMETRIC_SMOTE,3.5
DELAUNAY,5.857142857142857
ORIGINAL,6.357142857142857
