index,0
SMOTE,2.7142857142857144
BORDERLINE1,3.2142857142857144
SMOTE_SVM,3.857142857142857
ORIGINAL,3.9285714285714284
BORDERLINE2,4.0
GEOMETRIC_SMOTE,4.785714285714286
DELAUNAY,5.5
