index,0
BORDERLINE2,3.0
SMOTE,3.2857142857142856
BORDERLINE1,3.642857142857143
SMOTE_SVM,3.7857142857142856
DELAUNAY,3.9285714285714284
ORIGINAL,4.642857142857143
GEOMETRIC_SMOTE,5.714285714285714
