index,0
BORDERLINE2,3.2857142857142856
GEOMETRIC_SMOTE,3.2857142857142856
DELAUNAY,3.857142857142857
BORDERLINE1,4.0
SMOTE,4.071428571428571
SMOTE_SVM,4.071428571428571
ORIGINAL,5.428571428571429
