index,0
BORDERLINE2,2.9285714285714284
SMOTE,3.142857142857143
BORDERLINE1,3.357142857142857
SMOTE_SVM,3.5714285714285716
ORIGINAL,4.571428571428571
DELAUNAY,4.857142857142857
GEOMETRIC_SMOTE,5.571428571428571
