index,0
GEOMETRIC_SMOTE,3.4285714285714284
SMOTE_SVM,3.5714285714285716
BORDERLINE1,4.0
ORIGINAL,4.071428571428571
BORDERLINE2,4.214285714285714
DELAUNAY,4.214285714285714
SMOTE,4.5
