index,0
GEOMETRIC_SMOTE,3.357142857142857
SMOTE_SVM,3.5
ORIGINAL,3.7857142857142856
BORDERLINE1,3.7857142857142856
BORDERLINE2,4.285714285714286
SMOTE,4.5
DELAUNAY,4.785714285714286
