index,0
SMOTE_SVM,2.857142857142857
BORDERLINE1,3.0714285714285716
BORDERLINE2,3.2857142857142856
GEOMETRIC_SMOTE,3.9285714285714284
SMOTE,4.0
ORIGINAL,5.285714285714286
DELAUNAY,5.571428571428571
