index,0
BORDERLINE1,2.142857142857143
SMOTE_SVM,3.5714285714285716
SMOTE,4.0
BORDERLINE2,4.071428571428571
GEOMETRIC_SMOTE,4.214285714285714
ORIGINAL,4.714285714285714
DELAUNAY,5.285714285714286
