index,0
ORIGINAL,2.0
BORDERLINE1,3.142857142857143
SMOTE_SVM,3.2857142857142856
SMOTE,3.4285714285714284
GEOMETRIC_SMOTE,4.785714285714286
BORDERLINE2,5.071428571428571
DELAUNAY,6.285714285714286
