index,0
BORDERLINE1,2.7142857142857144
GEOMETRIC_SMOTE,3.4285714285714284
SMOTE,3.5
SMOTE_SVM,3.7142857142857144
ORIGINAL,4.142857142857143
BORDERLINE2,4.357142857142857
DELAUNAY,6.142857142857143
