index,0
SMOTE_SVM,2.2857142857142856
ORIGINAL,3.5
BORDERLINE1,3.7857142857142856
SMOTE,4.071428571428571
BORDERLINE2,4.357142857142857
GEOMETRIC_SMOTE,4.357142857142857
DELAUNAY,5.642857142857143
