index,0
SMOTE_SVM,1.9285714285714286
ORIGINAL,2.9285714285714284
BORDERLINE1,3.7857142857142856
GEOMETRIC_SMOTE,4.0
SMOTE,4.357142857142857
BORDERLINE2,4.857142857142857
DELAUNAY,6.142857142857143
