index,0
BORDERLINE2,3.142857142857143
GEOMETRIC_SMOTE,3.5714285714285716
DELAUNAY,3.642857142857143
BORDERLINE1,3.857142857142857
SMOTE,4.142857142857143
SMOTE_SVM,4.142857142857143
ORIGINAL,5.5
