index,0
BORDERLINE1,2.2857142857142856
SMOTE_SVM,3.642857142857143
BORDERLINE2,4.214285714285714
GEOMETRIC_SMOTE,4.214285714285714
SMOTE,4.285714285714286
DELAUNAY,4.571428571428571
ORIGINAL,4.785714285714286
