index,0
GEOMETRIC_SMOTE,2.5714285714285716
ORIGINAL,3.7857142857142856
SMOTE_SVM,3.7857142857142856
BORDERLINE2,3.7857142857142856
SMOTE,4.642857142857143
BORDERLINE1,4.642857142857143
DELAUNAY,4.785714285714286
