index,0
SMOTE_SVM,2.5714285714285716
BORDERLINE1,2.857142857142857
GEOMETRIC_SMOTE,3.7142857142857144
SMOTE,3.857142857142857
ORIGINAL,4.928571428571429
DELAUNAY,4.928571428571429
BORDERLINE2,5.142857142857143
