index,0
BORDERLINE1,2.5
GEOMETRIC_SMOTE,3.642857142857143
DELAUNAY,3.857142857142857
SMOTE,3.9285714285714284
BORDERLINE2,4.142857142857143
SMOTE_SVM,4.285714285714286
ORIGINAL,5.642857142857143
