index,0
SMOTE_SVM,2.5
BORDERLINE1,2.642857142857143
GEOMETRIC_SMOTE,4.142857142857143
SMOTE,4.214285714285714
ORIGINAL,4.428571428571429
DELAUNAY,4.571428571428571
BORDERLINE2,5.5
