index,0
SMOTE_SVM,2.4285714285714284
BORDERLINE1,3.4285714285714284
SMOTE,3.5
BORDERLINE2,4.142857142857143
GEOMETRIC_SMOTE,4.214285714285714
ORIGINAL,4.857142857142857
DELAUNAY,5.428571428571429
