index,0
SMOTE_SVM,2.357142857142857
SMOTE,3.2142857142857144
GEOMETRIC_SMOTE,3.642857142857143
DELAUNAY,4.214285714285714
BORDERLINE1,4.785714285714286
BORDERLINE2,4.857142857142857
ORIGINAL,4.928571428571429
