index,0
SMOTE,2.7857142857142856
BORDERLINE1,3.357142857142857
ORIGINAL,4.0
SMOTE_SVM,4.071428571428571
BORDERLINE2,4.071428571428571
GEOMETRIC_SMOTE,4.714285714285714
DELAUNAY,5.0
