index,0
BORDERLINE1,2.357142857142857
GEOMETRIC_SMOTE,3.642857142857143
SMOTE,3.7857142857142856
BORDERLINE2,4.0
DELAUNAY,4.214285714285714
SMOTE_SVM,4.285714285714286
ORIGINAL,5.714285714285714
