index,0
SMOTE_SVM,2.2857142857142856
SMOTE,3.2857142857142856
BORDERLINE1,3.2857142857142856
BORDERLINE2,3.9285714285714284
GEOMETRIC_SMOTE,4.285714285714286
ORIGINAL,4.714285714285714
DELAUNAY,6.214285714285714
