index,0
SMOTE_SVM,2.7857142857142856
BORDERLINE2,2.857142857142857
GEOMETRIC_SMOTE,3.0
SMOTE,3.2857142857142856
BORDERLINE1,3.4285714285714284
DELAUNAY,6.0
ORIGINAL,6.642857142857143
