index,0
GEOMETRIC_SMOTE,3.5
SMOTE_SVM,3.5714285714285716
ORIGINAL,3.7142857142857144
BORDERLINE1,3.7142857142857144
SMOTE,3.9285714285714284
BORDERLINE2,4.785714285714286
DELAUNAY,4.785714285714286
