index,0
SMOTE_SVM,3.0714285714285716
BORDERLINE1,3.142857142857143
BORDERLINE2,3.7142857142857144
SMOTE,4.071428571428571
GEOMETRIC_SMOTE,4.214285714285714
DELAUNAY,4.785714285714286
ORIGINAL,5.0
