index,0
SMOTE_SVM,2.4285714285714284
BORDERLINE1,3.0
SMOTE,3.857142857142857
ORIGINAL,4.0
GEOMETRIC_SMOTE,4.071428571428571
DELAUNAY,5.0
BORDERLINE2,5.642857142857143
