index,0
DELAUNAY,3.2142857142857144
SMOTE_SVM,3.357142857142857
GEOMETRIC_SMOTE,3.5
BORDERLINE2,3.857142857142857
BORDERLINE1,4.357142857142857
ORIGINAL,4.428571428571429
SMOTE,5.285714285714286
