index,0
GEOMETRIC_SMOTE,2.9285714285714284
BORDERLINE1,3.0714285714285716
DELAUNAY,3.0714285714285716
BORDERLINE2,3.7142857142857144
SMOTE,4.285714285714286
SMOTE_SVM,4.5
ORIGINAL,6.428571428571429
