index,0
GEOMETRIC_SMOTE,2.5
BORDERLINE2,3.7857142857142856
ORIGINAL,3.857142857142857
SMOTE_SVM,4.0
DELAUNAY,4.285714285714286
BORDERLINE1,4.642857142857143
SMOTE,4.928571428571429
