index,0
GEOMETRIC_SMOTE,2.5714285714285716
SMOTE_SVM,3.7857142857142856
ORIGINAL,3.857142857142857
BORDERLINE2,4.071428571428571
DELAUNAY,4.357142857142857
BORDERLINE1,4.642857142857143
SMOTE,4.714285714285714
