index,0
SMOTE_SVM,3.5714285714285716
GEOMETRIC_SMOTE,3.5714285714285716
ORIGINAL,3.9285714285714284
BORDERLINE1,4.0
DELAUNAY,4.0
BORDERLINE2,4.428571428571429
SMOTE,4.5
