index,0
BORDERLINE1,2.4285714285714284
SMOTE_SVM,3.4285714285714284
ORIGINAL,3.7142857142857144
SMOTE,4.285714285714286
GEOMETRIC_SMOTE,4.428571428571429
BORDERLINE2,4.857142857142857
DELAUNAY,4.857142857142857
