index,0
GEOMETRIC_SMOTE,2.7142857142857144
DELAUNAY,3.642857142857143
ORIGINAL,3.9285714285714284
SMOTE_SVM,3.9285714285714284
BORDERLINE2,4.142857142857143
SMOTE,4.785714285714286
BORDERLINE1,4.857142857142857
