index,0
SMOTE_SVM,2.7857142857142856
BORDERLINE1,3.0
SMOTE,3.2142857142857144
GEOMETRIC_SMOTE,3.357142857142857
BORDERLINE2,3.857142857142857
ORIGINAL,5.571428571428571
DELAUNAY,6.214285714285714
