index,0
SMOTE,2.857142857142857
BORDERLINE1,3.5
BORDERLINE2,3.9285714285714284
ORIGINAL,4.0
SMOTE_SVM,4.285714285714286
DELAUNAY,4.5
GEOMETRIC_SMOTE,4.928571428571429
