index,0
BORDERLINE1,2.5714285714285716
GEOMETRIC_SMOTE,3.4285714285714284
SMOTE,3.5714285714285716
SMOTE_SVM,4.071428571428571
BORDERLINE2,4.142857142857143
DELAUNAY,4.214285714285714
ORIGINAL,6.0
