index,0
GEOMETRIC_SMOTE,2.642857142857143
DELAUNAY,3.0
BORDERLINE1,3.142857142857143
BORDERLINE2,3.7142857142857144
SMOTE,4.285714285714286
SMOTE_SVM,4.642857142857143
ORIGINAL,6.571428571428571
