index,0
SMOTE_SVM,2.4285714285714284
BORDERLINE1,3.0714285714285716
SMOTE,3.857142857142857
ORIGINAL,4.0
GEOMETRIC_SMOTE,4.142857142857143
DELAUNAY,5.071428571428571
BORDERLINE2,5.428571428571429
