index,0
SMOTE_SVM,3.142857142857143
BORDERLINE1,3.357142857142857
DELAUNAY,3.642857142857143
BORDERLINE2,3.7857142857142856
SMOTE,4.357142857142857
GEOMETRIC_SMOTE,4.357142857142857
ORIGINAL,5.357142857142857
