index,0
GEOMETRIC_SMOTE,3.4285714285714284
ORIGINAL,3.7142857142857144
SMOTE_SVM,3.7142857142857144
BORDERLINE1,3.7857142857142856
SMOTE,3.9285714285714284
DELAUNAY,4.571428571428571
BORDERLINE2,4.857142857142857
