index,0
ORIGINAL,3.0
SMOTE,3.142857142857143
BORDERLINE1,3.142857142857143
DELAUNAY,3.7857142857142856
SMOTE_SVM,4.285714285714286
BORDERLINE2,5.285714285714286
GEOMETRIC_SMOTE,5.357142857142857
