index,0
BORDERLINE1,3.142857142857143
SMOTE_SVM,3.2142857142857144
BORDERLINE2,3.5714285714285716
SMOTE,4.0
GEOMETRIC_SMOTE,4.357142857142857
DELAUNAY,4.785714285714286
ORIGINAL,4.928571428571429
