index,0
SMOTE_SVM,2.7857142857142856
BORDERLINE2,2.7857142857142856
SMOTE,3.0714285714285716
GEOMETRIC_SMOTE,3.0714285714285716
BORDERLINE1,3.7857142857142856
DELAUNAY,6.0
ORIGINAL,6.5
