index,0
DELAUNAY,2.0714285714285716
SMOTE,3.0
BORDERLINE1,4.0
ORIGINAL,4.142857142857143
BORDERLINE2,4.428571428571429
SMOTE_SVM,4.5
GEOMETRIC_SMOTE,5.857142857142857
