index,0
BORDERLINE1,2.2857142857142856
GEOMETRIC_SMOTE,3.142857142857143
SMOTE,3.642857142857143
BORDERLINE2,3.9285714285714284
SMOTE_SVM,4.0
DELAUNAY,5.428571428571429
ORIGINAL,5.571428571428571
