index,0
SMOTE_SVM,2.7857142857142856
BORDERLINE1,3.0
BORDERLINE2,3.5714285714285716
GEOMETRIC_SMOTE,3.9285714285714284
SMOTE,4.0
ORIGINAL,5.0
DELAUNAY,5.714285714285714
