index,0
SMOTE_SVM,2.2142857142857144
BORDERLINE1,3.2857142857142856
GEOMETRIC_SMOTE,3.7142857142857144
SMOTE,4.214285714285714
ORIGINAL,4.785714285714286
DELAUNAY,4.857142857142857
BORDERLINE2,4.928571428571429
