index,0
BORDERLINE2,3.0
SMOTE,3.2142857142857144
BORDERLINE1,3.5
SMOTE_SVM,3.7857142857142856
DELAUNAY,4.214285714285714
ORIGINAL,4.642857142857143
GEOMETRIC_SMOTE,5.642857142857143
