index,0
BORDERLINE1,2.7142857142857144
GEOMETRIC_SMOTE,3.5714285714285716
SMOTE,3.642857142857143
SMOTE_SVM,4.0
ORIGINAL,4.428571428571429
BORDERLINE2,4.5
DELAUNAY,5.142857142857143
