index,0
GEOMETRIC_SMOTE,3.4285714285714284
ORIGINAL,3.5714285714285716
SMOTE_SVM,3.5714285714285716
BORDERLINE1,3.642857142857143
SMOTE,3.7857142857142856
BORDERLINE2,4.714285714285714
DELAUNAY,5.285714285714286
