index,0
GEOMETRIC_SMOTE,2.642857142857143
BORDERLINE1,3.0
BORDERLINE2,3.5
DELAUNAY,3.7142857142857144
SMOTE_SVM,4.285714285714286
SMOTE,4.357142857142857
ORIGINAL,6.5
