index,0
GEOMETRIC_SMOTE,2.642857142857143
BORDERLINE1,3.0
BORDERLINE2,3.357142857142857
SMOTE,4.071428571428571
SMOTE_SVM,4.142857142857143
DELAUNAY,4.357142857142857
ORIGINAL,6.428571428571429
