index,0
BORDERLINE1,3.0
SMOTE_SVM,3.5714285714285716
SMOTE,3.7142857142857144
ORIGINAL,3.9285714285714284
GEOMETRIC_SMOTE,4.214285714285714
BORDERLINE2,4.285714285714286
DELAUNAY,5.285714285714286
