index,0
GEOMETRIC_SMOTE,2.642857142857143
BORDERLINE1,2.857142857142857
BORDERLINE2,3.5
DELAUNAY,4.0
SMOTE,4.214285714285714
SMOTE_SVM,4.428571428571429
ORIGINAL,6.357142857142857
