index,0
ORIGINAL,2.7857142857142856
SMOTE,2.857142857142857
BORDERLINE1,2.857142857142857
SMOTE_SVM,3.857142857142857
BORDERLINE2,5.142857142857143
DELAUNAY,5.214285714285714
GEOMETRIC_SMOTE,5.285714285714286
