index,0
SMOTE_SVM,2.5714285714285716
BORDERLINE1,3.7142857142857144
SMOTE,3.857142857142857
DELAUNAY,3.9285714285714284
BORDERLINE2,4.357142857142857
GEOMETRIC_SMOTE,4.5
ORIGINAL,5.071428571428571
