index,0
SMOTE_SVM,2.2857142857142856
BORDERLINE1,3.2857142857142856
GEOMETRIC_SMOTE,3.5
SMOTE,3.857142857142857
ORIGINAL,4.5
BORDERLINE2,4.642857142857143
DELAUNAY,5.928571428571429
