index,0
ORIGINAL,2.5714285714285716
SMOTE,3.0
BORDERLINE1,3.2857142857142856
SMOTE_SVM,3.7142857142857144
BORDERLINE2,4.928571428571429
DELAUNAY,5.0
GEOMETRIC_SMOTE,5.5
