index,0
BORDERLINE1,2.2857142857142856
GEOMETRIC_SMOTE,3.2142857142857144
BORDERLINE2,3.4285714285714284
SMOTE,3.7142857142857144
SMOTE_SVM,3.7142857142857144
ORIGINAL,5.571428571428571
DELAUNAY,6.071428571428571
