index,0
DELAUNAY,3.142857142857143
GEOMETRIC_SMOTE,3.2857142857142856
SMOTE_SVM,3.5
BORDERLINE2,4.142857142857143
BORDERLINE1,4.214285714285714
ORIGINAL,4.5
SMOTE,5.214285714285714
