index,0
GEOMETRIC_SMOTE,3.4285714285714284
DELAUNAY,3.4285714285714284
BORDERLINE2,3.9285714285714284
SMOTE_SVM,4.0
ORIGINAL,4.071428571428571
SMOTE,4.428571428571429
BORDERLINE1,4.714285714285714
