index,0
BORDERLINE1,3.0
SMOTE_SVM,3.4285714285714284
SMOTE,3.5714285714285716
ORIGINAL,3.7857142857142856
BORDERLINE2,4.0
GEOMETRIC_SMOTE,4.214285714285714
DELAUNAY,6.0
