index,0
SMOTE_SVM,2.7857142857142856
BORDERLINE2,2.9285714285714284
SMOTE,3.2857142857142856
GEOMETRIC_SMOTE,3.357142857142857
BORDERLINE1,3.857142857142857
DELAUNAY,5.071428571428571
ORIGINAL,6.714285714285714
