index,0
GEOMETRIC_SMOTE,2.642857142857143
BORDERLINE1,3.142857142857143
BORDERLINE2,3.357142857142857
SMOTE,4.071428571428571
DELAUNAY,4.142857142857143
SMOTE_SVM,4.285714285714286
ORIGINAL,6.357142857142857
