index,0
DELAUNAY,1.9285714285714286
SMOTE,3.0
BORDERLINE1,4.0
ORIGINAL,4.142857142857143
SMOTE_SVM,4.5
BORDERLINE2,4.571428571428571
GEOMETRIC_SMOTE,5.857142857142857
