index,0
GEOMETRIC_SMOTE,2.357142857142857
BORDERLINE2,3.5714285714285716
ORIGINAL,3.9285714285714284
DELAUNAY,4.0
SMOTE_SVM,4.214285714285714
BORDERLINE1,4.928571428571429
SMOTE,5.0
