index,0
DELAUNAY,2.5
SMOTE,2.9285714285714284
SMOTE_SVM,3.142857142857143
GEOMETRIC_SMOTE,3.2142857142857144
BORDERLINE1,4.642857142857143
BORDERLINE2,5.071428571428571
ORIGINAL,6.5
