index,0
DELAUNAY,3.2142857142857144
GEOMETRIC_SMOTE,3.2857142857142856
SMOTE_SVM,3.357142857142857
BORDERLINE2,4.142857142857143
BORDERLINE1,4.285714285714286
ORIGINAL,4.357142857142857
SMOTE,5.357142857142857
