index,0
SMOTE_SVM,2.5
ORIGINAL,3.5
BORDERLINE1,3.7142857142857144
SMOTE,4.285714285714286
BORDERLINE2,4.285714285714286
GEOMETRIC_SMOTE,4.428571428571429
DELAUNAY,5.285714285714286
