index,0
ORIGINAL,2.857142857142857
BORDERLINE1,3.2857142857142856
DELAUNAY,3.2857142857142856
SMOTE,3.5714285714285716
SMOTE_SVM,4.071428571428571
BORDERLINE2,5.214285714285714
GEOMETRIC_SMOTE,5.714285714285714
