index,0
SMOTE_SVM,2.5
BORDERLINE1,2.857142857142857
SMOTE,3.7142857142857144
GEOMETRIC_SMOTE,3.7142857142857144
ORIGINAL,4.785714285714286
BORDERLINE2,5.071428571428571
DELAUNAY,5.357142857142857
