index,0
SMOTE_SVM,1.9285714285714286
ORIGINAL,3.0714285714285716
BORDERLINE1,4.0
GEOMETRIC_SMOTE,4.142857142857143
SMOTE,4.642857142857143
BORDERLINE2,4.714285714285714
DELAUNAY,5.5
