index,0
SMOTE_SVM,1.9285714285714286
ORIGINAL,3.7142857142857144
BORDERLINE1,4.071428571428571
GEOMETRIC_SMOTE,4.071428571428571
SMOTE,4.285714285714286
BORDERLINE2,4.571428571428571
DELAUNAY,5.357142857142857
