index,0
ORIGINAL,3.5
SMOTE_SVM,3.5714285714285716
BORDERLINE1,3.5714285714285716
GEOMETRIC_SMOTE,3.5714285714285716
SMOTE,3.7142857142857144
BORDERLINE2,4.642857142857143
DELAUNAY,5.428571428571429
