index,0
BORDERLINE1,2.2142857142857144
GEOMETRIC_SMOTE,3.5
SMOTE,3.5714285714285716
BORDERLINE2,3.7142857142857144
SMOTE_SVM,3.857142857142857
DELAUNAY,5.428571428571429
ORIGINAL,5.714285714285714
