index,0
DELAUNAY,2.357142857142857
GEOMETRIC_SMOTE,3.2142857142857144
BORDERLINE1,3.642857142857143
SMOTE,3.857142857142857
SMOTE_SVM,4.0
BORDERLINE2,4.642857142857143
ORIGINAL,6.285714285714286
