index,0
BORDERLINE1,3.0
SMOTE,3.2857142857142856
GEOMETRIC_SMOTE,3.357142857142857
SMOTE_SVM,3.4285714285714284
BORDERLINE2,4.428571428571429
ORIGINAL,4.571428571428571
DELAUNAY,5.928571428571429
