index,0
SMOTE_SVM,2.0
ORIGINAL,3.5714285714285716
BORDERLINE1,3.9285714285714284
GEOMETRIC_SMOTE,3.9285714285714284
SMOTE,4.285714285714286
BORDERLINE2,4.714285714285714
DELAUNAY,5.571428571428571
