index,0
GEOMETRIC_SMOTE,2.9285714285714284
BORDERLINE1,3.4285714285714284
SMOTE,3.5714285714285716
DELAUNAY,3.642857142857143
SMOTE_SVM,3.7857142857142856
BORDERLINE2,4.5
ORIGINAL,6.142857142857143
