index,0
BORDERLINE1,3.142857142857143
ORIGINAL,3.5
SMOTE_SVM,3.642857142857143
SMOTE,3.7857142857142856
GEOMETRIC_SMOTE,4.0
BORDERLINE2,4.857142857142857
DELAUNAY,5.071428571428571
