index,0
GEOMETRIC_SMOTE,2.642857142857143
BORDERLINE1,2.7142857142857144
BORDERLINE2,3.5
SMOTE,4.071428571428571
SMOTE_SVM,4.142857142857143
DELAUNAY,4.571428571428571
ORIGINAL,6.357142857142857
