index,0
SMOTE_SVM,2.857142857142857
BORDERLINE1,3.0
BORDERLINE2,3.2857142857142856
SMOTE,3.7857142857142856
GEOMETRIC_SMOTE,3.857142857142857
ORIGINAL,4.857142857142857
DELAUNAY,6.357142857142857
