index,0
ORIGINAL,3.0714285714285716
SMOTE,3.142857142857143
BORDERLINE1,3.2857142857142856
DELAUNAY,3.7857142857142856
SMOTE_SVM,4.0
BORDERLINE2,5.285714285714286
GEOMETRIC_SMOTE,5.428571428571429
