index,0
GEOMETRIC_SMOTE,3.0
SMOTE_SVM,3.5
BORDERLINE2,3.642857142857143
BORDERLINE1,3.9285714285714284
ORIGINAL,4.428571428571429
DELAUNAY,4.571428571428571
SMOTE,4.928571428571429
