index,0
ORIGINAL,2.2142857142857144
BORDERLINE1,3.0
SMOTE,3.4285714285714284
SMOTE_SVM,3.5
GEOMETRIC_SMOTE,5.071428571428571
DELAUNAY,5.357142857142857
BORDERLINE2,5.428571428571429
