index,0
DELAUNAY,3.0714285714285716
BORDERLINE2,3.2857142857142856
GEOMETRIC_SMOTE,3.5714285714285716
SMOTE_SVM,4.142857142857143
BORDERLINE1,4.142857142857143
SMOTE,4.285714285714286
ORIGINAL,5.5
