index,0
SMOTE_SVM,2.0714285714285716
ORIGINAL,3.642857142857143
SMOTE,4.0
BORDERLINE1,4.0
GEOMETRIC_SMOTE,4.071428571428571
BORDERLINE2,4.642857142857143
DELAUNAY,5.571428571428571
