index,0
BORDERLINE2,2.9285714285714284
SMOTE,3.0
BORDERLINE1,3.4285714285714284
SMOTE_SVM,3.5
ORIGINAL,4.5
DELAUNAY,5.142857142857143
GEOMETRIC_SMOTE,5.5
