index,0
ORIGINAL,2.9285714285714284
BORDERLINE1,3.2857142857142856
SMOTE,3.4285714285714284
DELAUNAY,3.9285714285714284
SMOTE_SVM,4.0
BORDERLINE2,5.0
GEOMETRIC_SMOTE,5.428571428571429
