index,0
BORDERLINE1,2.2857142857142856
SMOTE_SVM,3.642857142857143
SMOTE,4.0
GEOMETRIC_SMOTE,4.071428571428571
BORDERLINE2,4.214285714285714
ORIGINAL,4.785714285714286
DELAUNAY,5.0
