index,0
GEOMETRIC_SMOTE,2.642857142857143
BORDERLINE1,3.0714285714285716
BORDERLINE2,3.5
DELAUNAY,3.9285714285714284
SMOTE,4.214285714285714
SMOTE_SVM,4.428571428571429
ORIGINAL,6.214285714285714
