index,0
SMOTE,2.9285714285714284
BORDERLINE1,3.5
SMOTE_SVM,4.142857142857143
ORIGINAL,4.214285714285714
BORDERLINE2,4.214285714285714
DELAUNAY,4.214285714285714
GEOMETRIC_SMOTE,4.785714285714286
