index,0
SMOTE_SVM,3.0
BORDERLINE1,3.142857142857143
BORDERLINE2,3.4285714285714284
SMOTE,3.7857142857142856
GEOMETRIC_SMOTE,4.071428571428571
ORIGINAL,4.857142857142857
DELAUNAY,5.714285714285714
