index,0
GEOMETRIC_SMOTE,2.642857142857143
BORDERLINE1,3.0
BORDERLINE2,3.5714285714285716
DELAUNAY,4.071428571428571
SMOTE,4.142857142857143
SMOTE_SVM,4.357142857142857
ORIGINAL,6.214285714285714
