index,0
GEOMETRIC_SMOTE,2.642857142857143
BORDERLINE1,3.142857142857143
DELAUNAY,3.357142857142857
BORDERLINE2,3.7142857142857144
SMOTE,4.142857142857143
SMOTE_SVM,4.571428571428571
ORIGINAL,6.428571428571429
