index,0
GEOMETRIC_SMOTE,3.0
SMOTE_SVM,3.4285714285714284
BORDERLINE1,3.9285714285714284
BORDERLINE2,3.9285714285714284
DELAUNAY,4.428571428571429
ORIGINAL,4.5
SMOTE,4.785714285714286
