index,0
SMOTE_SVM,1.9285714285714286
ORIGINAL,3.5
BORDERLINE1,3.7857142857142856
GEOMETRIC_SMOTE,3.7857142857142856
SMOTE,4.0
BORDERLINE2,4.285714285714286
DELAUNAY,6.714285714285714
