index,0
BORDERLINE1,3.2142857142857144
ORIGINAL,3.5
SMOTE_SVM,3.7142857142857144
SMOTE,3.7857142857142856
GEOMETRIC_SMOTE,4.071428571428571
BORDERLINE2,4.857142857142857
DELAUNAY,4.857142857142857
