DATASET,ALGORITHM,ORIGINAL,RANK_ORIGINAL,SMOTE,RANK_SMOTE,SMOTE_SVM,RANK_SMOTE_SVM,BORDERLINE1,RANK_BORDERLINE1,BORDERLINE2,RANK_BORDERLINE2,GEOMETRIC_SMOTE,RANK_GEOMETRIC_SMOTE,DELAUNAY,RANK_DELAUNAY,DELAUNAY_TYPE,ALPHA,unit
contraceptive,KNN,0.5040000000000001,2.0,0.4859999999999999,4.5,0.49200000000000005,3.0,0.484,6.0,0.4859999999999999,4.5,0.482,7.0,0.508,1.0,solid_angle,4.0,PRE
dermatology,KNN,0.964,1.0,0.9540000000000001,3.0,0.9540000000000001,3.0,0.95,5.0,0.9420000000000001,6.0,0.9540000000000001,3.0,0.924,7.0,solid_angle,4.0,PRE
glass,KNN,0.6580000000000001,7.0,0.72,3.0,0.738,1.0,0.732,2.0,0.6860000000000002,6.0,0.698,5.0,0.7100000000000001,4.0,solid_angle,4.0,PRE
new-thyroid,KNN,0.966,2.0,0.964,3.0,0.968,1.0,0.962,4.5,0.958,6.0,0.962,4.5,0.95,7.0,solid_angle,4.0,PRE
penbased,KNN,0.968,7.0,0.976,2.5,0.976,2.5,0.9740000000000001,5.0,0.976,2.5,0.976,2.5,0.97,6.0,solid_angle,4.0,PRE
thyroid,KNN,0.8940000000000001,1.5,0.8859999999999999,6.5,0.892,3.5,0.8939999999999999,1.5,0.892,3.5,0.8880000000000001,5.0,0.8859999999999999,6.5,solid_angle,4.0,PRE
wine,KNN,0.812,6.0,0.8079999999999999,7.0,0.826,3.0,0.8280000000000001,2.0,0.8379999999999999,1.0,0.8220000000000001,4.5,0.8219999999999998,4.5,solid_angle,4.0,PRE
