DATASET,ALGORITHM,ORIGINAL,RANK_ORIGINAL,SMOTE,RANK_SMOTE,SMOTE_SVM,RANK_SMOTE_SVM,BORDERLINE1,RANK_BORDERLINE1,BORDERLINE2,RANK_BORDERLINE2,GEOMETRIC_SMOTE,RANK_GEOMETRIC_SMOTE,DELAUNAY,RANK_DELAUNAY,DELAUNAY_TYPE,ALPHA,unit
contraceptive,SVM,0.4320000000000001,7.0,0.6220000000000001,5.0,0.628,2.5,0.63,1.0,0.6260000000000001,4.0,0.628,2.5,0.616,6.0,solid_angle,9.0,GEO
dermatology,SVM,0.8039999999999999,7.0,0.968,1.0,0.9600000000000002,3.0,0.956,4.5,0.9559999999999998,4.5,0.964,2.0,0.918,6.0,solid_angle,9.0,GEO
glass,SVM,0.0,4.5,0.0,4.5,0.0,4.5,0.0,4.5,0.0,4.5,0.0,4.5,0.424,1.0,solid_angle,9.0,GEO
new-thyroid,SVM,0.5720000000000001,7.0,0.8160000000000001,3.5,0.8160000000000001,3.5,0.8039999999999999,5.0,0.7859999999999999,6.0,0.8340000000000001,2.0,0.8720000000000001,1.0,solid_angle,9.0,GEO
penbased,SVM,0.9840000000000001,3.5,0.9840000000000001,3.5,0.9840000000000001,3.5,0.9840000000000001,3.5,0.9840000000000001,3.5,0.9840000000000001,3.5,0.982,7.0,solid_angle,9.0,GEO
thyroid,SVM,0.0,7.0,0.46,4.0,0.316,6.0,0.498,2.0,0.456,5.0,0.468,3.0,0.54,1.0,solid_angle,9.0,GEO
wine,SVM,0.5379999999999999,7.0,0.564,4.0,0.564,4.0,0.564,4.0,0.564,4.0,0.564,4.0,0.662,1.0,solid_angle,9.0,GEO
