DATASET,ALGORITHM,ORIGINAL,RANK_ORIGINAL,SMOTE,RANK_SMOTE,SMOTE_SVM,RANK_SMOTE_SVM,BORDERLINE1,RANK_BORDERLINE1,BORDERLINE2,RANK_BORDERLINE2,GEOMETRIC_SMOTE,RANK_GEOMETRIC_SMOTE,DELAUNAY,RANK_DELAUNAY,DELAUNAY_TYPE,ALPHA,unit
contraceptive,QDA,0.5720000000000001,4.0,0.5760000000000001,2.0,0.58,1.0,0.5700000000000001,6.0,0.5720000000000001,4.0,0.564,7.0,0.5720000000000001,4.0,max_solid_angle,5.5,PRE
dermatology,QDA,0.882,2.0,0.826,5.0,0.8240000000000001,6.0,0.8320000000000001,4.0,0.742,7.0,0.932,1.0,0.8480000000000001,3.0,max_solid_angle,5.5,PRE
glass,QDA,0.0,7.0,0.002,5.0,0.002,5.0,0.002,5.0,0.612,1.0,0.5599999999999999,3.0,0.606,2.0,max_solid_angle,5.5,PRE
new-thyroid,QDA,0.98,1.0,0.9740000000000001,4.0,0.978,2.0,0.9740000000000001,4.0,0.9740000000000001,4.0,0.968,6.0,0.9600000000000002,7.0,max_solid_angle,5.5,PRE
penbased,QDA,0.01,5.0,0.01,5.0,0.01,5.0,0.01,5.0,0.01,5.0,0.7859999999999999,1.0,0.586,2.0,max_solid_angle,5.5,PRE
thyroid,QDA,0.8779999999999999,3.0,0.8640000000000001,4.0,0.86,5.5,0.8539999999999999,7.0,0.86,5.5,0.91,1.0,0.89,2.0,max_solid_angle,5.5,PRE
wine,QDA,0.9520000000000001,6.5,0.9520000000000001,6.5,0.956,3.5,0.956,3.5,0.964,1.0,0.9540000000000001,5.0,0.96,2.0,max_solid_angle,5.5,PRE
