index,0
SMOTE,2.7142857142857144
DELAUNAY,2.7142857142857144
BORDERLINE1,3.9285714285714284
ORIGINAL,4.071428571428571
BORDERLINE2,4.142857142857143
SMOTE_SVM,4.428571428571429
GEOMETRIC_SMOTE,6.0
