index,0
SMOTE,2.7857142857142856
SMOTE_SVM,3.0714285714285716
DELAUNAY,3.2142857142857144
GEOMETRIC_SMOTE,3.357142857142857
BORDERLINE1,4.428571428571429
BORDERLINE2,4.642857142857143
ORIGINAL,6.5
