index,0
ORIGINAL,2.7142857142857144
BORDERLINE1,3.142857142857143
SMOTE,3.357142857142857
SMOTE_SVM,4.0
DELAUNAY,4.285714285714286
BORDERLINE2,4.928571428571429
GEOMETRIC_SMOTE,5.571428571428571
