index,0
BORDERLINE1,2.2857142857142856
GEOMETRIC_SMOTE,3.142857142857143
SMOTE,3.4285714285714284
BORDERLINE2,3.7142857142857144
SMOTE_SVM,3.7857142857142856
DELAUNAY,5.642857142857143
ORIGINAL,6.0
