index,0
ORIGINAL,2.642857142857143
BORDERLINE1,3.4285714285714284
SMOTE,3.5
SMOTE_SVM,4.0
DELAUNAY,4.071428571428571
BORDERLINE2,4.857142857142857
GEOMETRIC_SMOTE,5.5
