index,0
DELAUNAY,2.2142857142857144
GEOMETRIC_SMOTE,3.2142857142857144
BORDERLINE1,3.642857142857143
SMOTE,3.9285714285714284
SMOTE_SVM,4.0
BORDERLINE2,4.714285714285714
ORIGINAL,6.285714285714286
