index,0
SMOTE_SVM,2.5
BORDERLINE1,3.5714285714285716
GEOMETRIC_SMOTE,3.7142857142857144
SMOTE,4.0
ORIGINAL,4.5
BORDERLINE2,4.857142857142857
DELAUNAY,4.857142857142857
