index,0
SMOTE_SVM,2.642857142857143
SMOTE,3.7142857142857144
BORDERLINE1,3.7142857142857144
BORDERLINE2,4.142857142857143
DELAUNAY,4.357142857142857
GEOMETRIC_SMOTE,4.428571428571429
ORIGINAL,5.0
