index,0
BORDERLINE1,3.0
SMOTE,3.642857142857143
GEOMETRIC_SMOTE,3.7142857142857144
SMOTE_SVM,4.0
ORIGINAL,4.428571428571429
DELAUNAY,4.571428571428571
BORDERLINE2,4.642857142857143
