index,0
BORDERLINE1,3.0
GEOMETRIC_SMOTE,3.7142857142857144
SMOTE,3.7857142857142856
SMOTE_SVM,4.0
ORIGINAL,4.142857142857143
BORDERLINE2,4.5
DELAUNAY,4.857142857142857
