index,0
ORIGINAL,2.5714285714285716
BORDERLINE1,3.142857142857143
SMOTE,3.2142857142857144
SMOTE_SVM,3.7142857142857144
BORDERLINE2,4.928571428571429
DELAUNAY,4.928571428571429
GEOMETRIC_SMOTE,5.5
