index,0
SMOTE_SVM,3.2142857142857144
GEOMETRIC_SMOTE,3.2142857142857144
DELAUNAY,3.7857142857142856
BORDERLINE2,3.857142857142857
BORDERLINE1,4.285714285714286
ORIGINAL,4.428571428571429
SMOTE,5.214285714285714
