index,0
GEOMETRIC_SMOTE,2.2142857142857144
BORDERLINE1,2.9285714285714284
SMOTE,3.357142857142857
SMOTE_SVM,3.642857142857143
BORDERLINE2,4.428571428571429
DELAUNAY,4.928571428571429
ORIGINAL,6.5
