index,0
SMOTE_SVM,2.5714285714285716
SMOTE,3.5714285714285716
BORDERLINE1,3.5714285714285716
BORDERLINE2,4.285714285714286
GEOMETRIC_SMOTE,4.285714285714286
ORIGINAL,4.857142857142857
DELAUNAY,4.857142857142857
