index,0
GEOMETRIC_SMOTE,2.642857142857143
BORDERLINE1,2.857142857142857
BORDERLINE2,3.5714285714285716
DELAUNAY,3.7857142857142856
SMOTE,4.071428571428571
SMOTE_SVM,4.571428571428571
ORIGINAL,6.5
