index,0
BORDERLINE1,2.0714285714285716
SMOTE_SVM,3.5714285714285716
GEOMETRIC_SMOTE,3.9285714285714284
BORDERLINE2,4.071428571428571
SMOTE,4.142857142857143
ORIGINAL,4.714285714285714
DELAUNAY,5.5
