index,0
SMOTE_SVM,2.357142857142857
BORDERLINE1,3.0
GEOMETRIC_SMOTE,4.214285714285714
SMOTE,4.357142857142857
BORDERLINE2,4.5
ORIGINAL,4.785714285714286
DELAUNAY,4.785714285714286
