index,0
BORDERLINE1,2.5714285714285716
GEOMETRIC_SMOTE,3.2857142857142856
SMOTE,4.0
BORDERLINE2,4.0
DELAUNAY,4.0
SMOTE_SVM,4.285714285714286
ORIGINAL,5.857142857142857
