index,0
SMOTE_SVM,3.0
GEOMETRIC_SMOTE,3.142857142857143
BORDERLINE2,3.642857142857143
BORDERLINE1,4.071428571428571
ORIGINAL,4.285714285714286
DELAUNAY,4.642857142857143
SMOTE,5.214285714285714
