index,0
SMOTE_SVM,2.5714285714285716
BORDERLINE1,3.4285714285714284
GEOMETRIC_SMOTE,3.857142857142857
SMOTE,4.285714285714286
DELAUNAY,4.285714285714286
ORIGINAL,4.785714285714286
BORDERLINE2,4.785714285714286
