index,0
SMOTE,2.7142857142857144
DELAUNAY,3.5
BORDERLINE1,3.7857142857142856
ORIGINAL,4.0
BORDERLINE2,4.142857142857143
SMOTE_SVM,4.214285714285714
GEOMETRIC_SMOTE,5.642857142857143
