index,0
BORDERLINE1,2.2857142857142856
SMOTE_SVM,3.2142857142857144
ORIGINAL,3.4285714285714284
SMOTE,4.0
GEOMETRIC_SMOTE,4.428571428571429
BORDERLINE2,4.785714285714286
DELAUNAY,5.857142857142857
