index,0
SMOTE_SVM,3.0714285714285716
BORDERLINE1,3.142857142857143
BORDERLINE2,3.5714285714285716
SMOTE,3.9285714285714284
GEOMETRIC_SMOTE,4.214285714285714
ORIGINAL,4.857142857142857
DELAUNAY,5.214285714285714
