index,0
SMOTE_SVM,2.5
BORDERLINE1,2.857142857142857
GEOMETRIC_SMOTE,3.7142857142857144
SMOTE,3.7857142857142856
ORIGINAL,4.785714285714286
BORDERLINE2,5.142857142857143
DELAUNAY,5.214285714285714
