index,0
SMOTE_SVM,1.9285714285714286
ORIGINAL,3.2142857142857144
BORDERLINE1,3.7857142857142856
GEOMETRIC_SMOTE,3.9285714285714284
SMOTE,4.5
BORDERLINE2,4.571428571428571
DELAUNAY,6.071428571428571
