index,0
ORIGINAL,2.642857142857143
BORDERLINE1,3.2857142857142856
SMOTE,3.4285714285714284
SMOTE_SVM,3.857142857142857
DELAUNAY,4.5
BORDERLINE2,4.928571428571429
GEOMETRIC_SMOTE,5.357142857142857
