index,0
GEOMETRIC_SMOTE,2.642857142857143
DELAUNAY,3.142857142857143
BORDERLINE1,3.2857142857142856
BORDERLINE2,3.642857142857143
SMOTE,4.214285714285714
SMOTE_SVM,4.571428571428571
ORIGINAL,6.5
