index,0
SMOTE_SVM,2.2857142857142856
BORDERLINE1,2.9285714285714284
SMOTE,3.9285714285714284
GEOMETRIC_SMOTE,3.9285714285714284
BORDERLINE2,4.214285714285714
ORIGINAL,4.714285714285714
DELAUNAY,6.0
