index,0
BORDERLINE1,2.0
SMOTE_SVM,3.357142857142857
SMOTE,3.9285714285714284
BORDERLINE2,3.9285714285714284
GEOMETRIC_SMOTE,3.9285714285714284
ORIGINAL,4.642857142857143
DELAUNAY,6.214285714285714
