index,0
BORDERLINE1,2.2857142857142856
SMOTE_SVM,3.357142857142857
ORIGINAL,3.4285714285714284
SMOTE,4.0
GEOMETRIC_SMOTE,4.5
BORDERLINE2,4.642857142857143
DELAUNAY,5.785714285714286
