index,0
ORIGINAL,2.857142857142857
BORDERLINE1,3.0
SMOTE,3.142857142857143
SMOTE_SVM,4.142857142857143
DELAUNAY,4.571428571428571
BORDERLINE2,5.0
GEOMETRIC_SMOTE,5.285714285714286
