index,0
SMOTE_SVM,2.7857142857142856
BORDERLINE2,3.0
SMOTE,3.357142857142857
GEOMETRIC_SMOTE,3.357142857142857
BORDERLINE1,3.9285714285714284
DELAUNAY,4.857142857142857
ORIGINAL,6.714285714285714
