index,0
BORDERLINE1,2.857142857142857
GEOMETRIC_SMOTE,3.4285714285714284
SMOTE,3.5
SMOTE_SVM,3.857142857142857
ORIGINAL,4.142857142857143
BORDERLINE2,4.214285714285714
DELAUNAY,6.0
