index,0
SMOTE_SVM,2.5
BORDERLINE1,2.642857142857143
SMOTE,4.071428571428571
GEOMETRIC_SMOTE,4.142857142857143
DELAUNAY,4.285714285714286
ORIGINAL,4.571428571428571
BORDERLINE2,5.785714285714286
