index,0
SMOTE_SVM,2.357142857142857
BORDERLINE1,2.5
SMOTE,3.7857142857142856
GEOMETRIC_SMOTE,4.0
ORIGINAL,4.142857142857143
BORDERLINE2,5.285714285714286
DELAUNAY,5.928571428571429
