index,0
BORDERLINE1,3.0
GEOMETRIC_SMOTE,3.357142857142857
SMOTE,3.4285714285714284
SMOTE_SVM,3.642857142857143
ORIGINAL,4.571428571428571
BORDERLINE2,4.714285714285714
DELAUNAY,5.285714285714286
