index,0
BORDERLINE2,2.7142857142857144
BORDERLINE1,3.142857142857143
SMOTE,3.4285714285714284
GEOMETRIC_SMOTE,3.7857142857142856
DELAUNAY,3.857142857142857
SMOTE_SVM,4.214285714285714
ORIGINAL,6.857142857142857
