index,0
ORIGINAL,2.9285714285714284
SMOTE,3.0
BORDERLINE1,3.0
SMOTE_SVM,3.857142857142857
DELAUNAY,4.714285714285714
BORDERLINE2,5.0
GEOMETRIC_SMOTE,5.5
