index,0
ORIGINAL,2.2857142857142856
BORDERLINE1,3.0
SMOTE,3.5
SMOTE_SVM,3.5714285714285716
GEOMETRIC_SMOTE,5.071428571428571
BORDERLINE2,5.285714285714286
DELAUNAY,5.285714285714286
