index,0
GEOMETRIC_SMOTE,3.2857142857142856
DELAUNAY,3.2857142857142856
SMOTE,3.357142857142857
SMOTE_SVM,3.7857142857142856
BORDERLINE1,4.142857142857143
BORDERLINE2,4.285714285714286
ORIGINAL,5.857142857142857
