index,0
SMOTE,2.9285714285714284
DELAUNAY,2.9285714285714284
SMOTE_SVM,3.142857142857143
GEOMETRIC_SMOTE,3.142857142857143
BORDERLINE1,4.5
BORDERLINE2,4.785714285714286
ORIGINAL,6.571428571428571
