index,0
SMOTE_SVM,2.2857142857142856
BORDERLINE1,3.2142857142857144
GEOMETRIC_SMOTE,4.214285714285714
SMOTE,4.285714285714286
BORDERLINE2,4.5
DELAUNAY,4.642857142857143
ORIGINAL,4.857142857142857
