index,0
BORDERLINE1,2.4285714285714284
GEOMETRIC_SMOTE,3.142857142857143
SMOTE,4.0
SMOTE_SVM,4.0
BORDERLINE2,4.0
DELAUNAY,5.0
ORIGINAL,5.428571428571429
