index,0
SMOTE_SVM,2.357142857142857
BORDERLINE1,3.5
SMOTE,3.5714285714285716
BORDERLINE2,4.071428571428571
GEOMETRIC_SMOTE,4.428571428571429
ORIGINAL,4.928571428571429
DELAUNAY,5.142857142857143
