index,0
BORDERLINE1,2.357142857142857
SMOTE_SVM,3.7142857142857144
DELAUNAY,4.0
GEOMETRIC_SMOTE,4.214285714285714
SMOTE,4.357142857142857
BORDERLINE2,4.357142857142857
ORIGINAL,5.0
