index,0
SMOTE,2.7857142857142856
DELAUNAY,2.9285714285714284
BORDERLINE1,3.7857142857142856
ORIGINAL,3.9285714285714284
SMOTE_SVM,4.357142857142857
BORDERLINE2,4.357142857142857
GEOMETRIC_SMOTE,5.857142857142857
