index,0
SMOTE_SVM,2.7142857142857144
SMOTE,3.642857142857143
BORDERLINE1,3.7142857142857144
DELAUNAY,4.142857142857143
BORDERLINE2,4.214285714285714
GEOMETRIC_SMOTE,4.571428571428571
ORIGINAL,5.0
