index,0
BORDERLINE1,2.0714285714285716
SMOTE_SVM,3.0714285714285716
BORDERLINE2,4.071428571428571
ORIGINAL,4.214285714285714
SMOTE,4.285714285714286
GEOMETRIC_SMOTE,4.571428571428571
DELAUNAY,5.714285714285714
