index,0
BORDERLINE1,2.4285714285714284
GEOMETRIC_SMOTE,3.0
SMOTE,3.5714285714285716
SMOTE_SVM,3.857142857142857
BORDERLINE2,4.0
DELAUNAY,5.285714285714286
ORIGINAL,5.857142857142857
