index,0
BORDERLINE1,2.2142857142857144
SMOTE_SVM,3.0714285714285716
ORIGINAL,4.071428571428571
SMOTE,4.285714285714286
BORDERLINE2,4.428571428571429
GEOMETRIC_SMOTE,4.571428571428571
DELAUNAY,5.357142857142857
