index,0
SMOTE_SVM,2.2857142857142856
BORDERLINE1,3.2857142857142856
SMOTE,3.4285714285714284
BORDERLINE2,3.9285714285714284
GEOMETRIC_SMOTE,4.0
ORIGINAL,4.785714285714286
DELAUNAY,6.285714285714286
