index,0
GEOMETRIC_SMOTE,2.5714285714285716
BORDERLINE1,3.0
BORDERLINE2,3.5
SMOTE,3.9285714285714284
DELAUNAY,4.071428571428571
SMOTE_SVM,4.428571428571429
ORIGINAL,6.5
