index,0
ORIGINAL,2.0
BORDERLINE1,3.357142857142857
SMOTE,3.5714285714285716
SMOTE_SVM,3.5714285714285716
DELAUNAY,4.785714285714286
GEOMETRIC_SMOTE,5.214285714285714
BORDERLINE2,5.5
