index,0
SMOTE_SVM,2.4285714285714284
ORIGINAL,3.5
BORDERLINE1,3.7142857142857144
SMOTE,4.071428571428571
BORDERLINE2,4.071428571428571
GEOMETRIC_SMOTE,4.285714285714286
DELAUNAY,5.928571428571429
