index,0
SMOTE_SVM,3.0714285714285716
BORDERLINE1,3.2857142857142856
BORDERLINE2,3.4285714285714284
SMOTE,4.071428571428571
GEOMETRIC_SMOTE,4.214285714285714
ORIGINAL,4.785714285714286
DELAUNAY,5.142857142857143
