index,0
SMOTE_SVM,2.9285714285714284
BORDERLINE2,2.9285714285714284
GEOMETRIC_SMOTE,3.2142857142857144
SMOTE,3.4285714285714284
BORDERLINE1,3.5714285714285716
DELAUNAY,5.285714285714286
ORIGINAL,6.642857142857143
