index,0
BORDERLINE1,2.142857142857143
SMOTE_SVM,3.5
GEOMETRIC_SMOTE,3.9285714285714284
SMOTE,4.0
BORDERLINE2,4.071428571428571
ORIGINAL,4.714285714285714
DELAUNAY,5.642857142857143
