index,0
ORIGINAL,3.0
SMOTE,3.0
BORDERLINE1,3.142857142857143
DELAUNAY,3.9285714285714284
SMOTE_SVM,4.0
BORDERLINE2,5.357142857142857
GEOMETRIC_SMOTE,5.571428571428571
