index,0
SMOTE_SVM,1.9285714285714286
ORIGINAL,3.142857142857143
BORDERLINE1,3.857142857142857
GEOMETRIC_SMOTE,4.0
SMOTE,4.428571428571429
BORDERLINE2,4.642857142857143
DELAUNAY,6.0
