index,0
SMOTE_SVM,2.5714285714285716
BORDERLINE1,3.642857142857143
SMOTE,3.9285714285714284
GEOMETRIC_SMOTE,4.0
DELAUNAY,4.357142857142857
ORIGINAL,4.5
BORDERLINE2,5.0
