index,0
BORDERLINE2,2.9285714285714284
BORDERLINE1,3.142857142857143
SMOTE,3.4285714285714284
DELAUNAY,3.5714285714285716
GEOMETRIC_SMOTE,3.7857142857142856
SMOTE_SVM,4.214285714285714
ORIGINAL,6.928571428571429
