index,0
DELAUNAY,3.0
SMOTE_SVM,3.0714285714285716
SMOTE,3.357142857142857
BORDERLINE1,3.7142857142857144
BORDERLINE2,4.142857142857143
GEOMETRIC_SMOTE,5.142857142857143
ORIGINAL,5.571428571428571
