index,0
SMOTE_SVM,2.357142857142857
BORDERLINE1,2.642857142857143
SMOTE,4.0
GEOMETRIC_SMOTE,4.071428571428571
ORIGINAL,4.428571428571429
DELAUNAY,5.0
BORDERLINE2,5.5
