index,0
SMOTE_SVM,3.0
BORDERLINE1,3.2142857142857144
BORDERLINE2,3.642857142857143
SMOTE,4.0
GEOMETRIC_SMOTE,4.142857142857143
ORIGINAL,4.785714285714286
DELAUNAY,5.214285714285714
