index,0
BORDERLINE1,2.2142857142857144
ORIGINAL,3.4285714285714284
SMOTE_SVM,3.4285714285714284
SMOTE,4.0
GEOMETRIC_SMOTE,4.214285714285714
BORDERLINE2,4.642857142857143
DELAUNAY,6.071428571428571
