index,0
BORDERLINE1,3.142857142857143
SMOTE,3.4285714285714284
SMOTE_SVM,3.5
GEOMETRIC_SMOTE,3.5
BORDERLINE2,4.428571428571429
ORIGINAL,4.714285714285714
DELAUNAY,5.285714285714286
