index,0
SMOTE_SVM,2.4285714285714284
BORDERLINE1,2.857142857142857
SMOTE,3.7142857142857144
GEOMETRIC_SMOTE,3.9285714285714284
ORIGINAL,4.785714285714286
BORDERLINE2,4.928571428571429
DELAUNAY,5.357142857142857
