index,0
SMOTE_SVM,2.357142857142857
BORDERLINE1,3.5
GEOMETRIC_SMOTE,3.7857142857142856
SMOTE,4.142857142857143
DELAUNAY,4.5
ORIGINAL,4.857142857142857
BORDERLINE2,4.857142857142857
