index,0
SMOTE_SVM,2.9285714285714284
BORDERLINE2,3.0
GEOMETRIC_SMOTE,3.0714285714285716
SMOTE,3.4285714285714284
BORDERLINE1,3.5714285714285716
DELAUNAY,5.357142857142857
ORIGINAL,6.642857142857143
