index,0
GEOMETRIC_SMOTE,3.0
BORDERLINE1,3.4285714285714284
DELAUNAY,3.4285714285714284
SMOTE,3.5714285714285716
SMOTE_SVM,3.7857142857142856
BORDERLINE2,4.571428571428571
ORIGINAL,6.214285714285714
