index,0
BORDERLINE2,3.0
GEOMETRIC_SMOTE,3.0714285714285716
SMOTE_SVM,3.142857142857143
SMOTE,3.5714285714285716
BORDERLINE1,3.7857142857142856
DELAUNAY,4.785714285714286
ORIGINAL,6.642857142857143
