index,0
BORDERLINE1,2.857142857142857
GEOMETRIC_SMOTE,3.7857142857142856
SMOTE,3.857142857142857
SMOTE_SVM,4.071428571428571
ORIGINAL,4.428571428571429
BORDERLINE2,4.5
DELAUNAY,4.5
