index,0
ORIGINAL,2.7142857142857144
BORDERLINE1,3.2857142857142856
SMOTE,3.357142857142857
SMOTE_SVM,3.7857142857142856
BORDERLINE2,4.642857142857143
DELAUNAY,4.857142857142857
GEOMETRIC_SMOTE,5.357142857142857
