index,0
BORDERLINE2,2.857142857142857
BORDERLINE1,3.0
SMOTE,3.5
DELAUNAY,3.7857142857142856
GEOMETRIC_SMOTE,3.857142857142857
SMOTE_SVM,4.142857142857143
ORIGINAL,6.857142857142857
