index,0
SMOTE_SVM,2.7857142857142856
BORDERLINE1,3.0
SMOTE,3.857142857142857
GEOMETRIC_SMOTE,4.0
DELAUNAY,4.5
ORIGINAL,4.857142857142857
BORDERLINE2,5.0
