index,0
SMOTE_SVM,2.5714285714285716
ORIGINAL,3.642857142857143
BORDERLINE1,3.857142857142857
BORDERLINE2,4.214285714285714
SMOTE,4.285714285714286
GEOMETRIC_SMOTE,4.714285714285714
DELAUNAY,4.714285714285714
