index,0
SMOTE,3.142857142857143
BORDERLINE1,3.2142857142857144
BORDERLINE2,3.2857142857142856
SMOTE_SVM,3.4285714285714284
GEOMETRIC_SMOTE,3.642857142857143
DELAUNAY,5.142857142857143
ORIGINAL,6.142857142857143
