index,0
SMOTE_SVM,2.5714285714285716
BORDERLINE1,3.7142857142857144
SMOTE,3.7857142857142856
DELAUNAY,4.214285714285714
BORDERLINE2,4.428571428571429
GEOMETRIC_SMOTE,4.428571428571429
ORIGINAL,4.857142857142857
