index,0
SMOTE_SVM,2.5714285714285716
BORDERLINE1,3.7142857142857144
SMOTE,3.857142857142857
DELAUNAY,4.071428571428571
BORDERLINE2,4.285714285714286
GEOMETRIC_SMOTE,4.571428571428571
ORIGINAL,4.928571428571429
