index,0
SMOTE_SVM,2.7857142857142856
BORDERLINE1,3.142857142857143
BORDERLINE2,3.5714285714285716
SMOTE,3.9285714285714284
GEOMETRIC_SMOTE,4.0
ORIGINAL,5.071428571428571
DELAUNAY,5.5
