index,0
SMOTE_SVM,2.9285714285714284
BORDERLINE1,3.0714285714285716
BORDERLINE2,3.4285714285714284
SMOTE,3.857142857142857
GEOMETRIC_SMOTE,4.0
ORIGINAL,4.857142857142857
DELAUNAY,5.857142857142857
