index,0
SMOTE_SVM,2.4285714285714284
BORDERLINE1,2.9285714285714284
SMOTE,3.857142857142857
GEOMETRIC_SMOTE,3.857142857142857
ORIGINAL,4.0
DELAUNAY,5.428571428571429
BORDERLINE2,5.5
