index,0
SMOTE_SVM,3.142857142857143
GEOMETRIC_SMOTE,3.142857142857143
BORDERLINE2,3.7857142857142856
BORDERLINE1,4.071428571428571
ORIGINAL,4.357142857142857
DELAUNAY,4.428571428571429
SMOTE,5.071428571428571
