index,0
BORDERLINE1,2.2142857142857144
SMOTE_SVM,3.5
SMOTE,4.214285714285714
GEOMETRIC_SMOTE,4.214285714285714
BORDERLINE2,4.285714285714286
DELAUNAY,4.642857142857143
ORIGINAL,4.928571428571429
