index,0
SMOTE_SVM,2.5
BORDERLINE1,3.642857142857143
DELAUNAY,3.857142857142857
GEOMETRIC_SMOTE,3.9285714285714284
SMOTE,4.285714285714286
BORDERLINE2,4.857142857142857
ORIGINAL,4.928571428571429
