index,0
SMOTE_SVM,2.2142857142857144
BORDERLINE1,3.2857142857142856
GEOMETRIC_SMOTE,3.5714285714285716
SMOTE,4.142857142857143
BORDERLINE2,4.642857142857143
ORIGINAL,4.785714285714286
DELAUNAY,5.357142857142857
