index,0
SMOTE_SVM,2.5
SMOTE,3.642857142857143
BORDERLINE1,3.642857142857143
BORDERLINE2,4.357142857142857
DELAUNAY,4.428571428571429
GEOMETRIC_SMOTE,4.5
ORIGINAL,4.928571428571429
