index,0
SMOTE_SVM,2.357142857142857
BORDERLINE1,3.642857142857143
GEOMETRIC_SMOTE,3.642857142857143
SMOTE,3.9285714285714284
ORIGINAL,4.571428571428571
DELAUNAY,4.714285714285714
BORDERLINE2,5.142857142857143
