index,0
SMOTE,2.5714285714285716
BORDERLINE1,3.5
ORIGINAL,3.7142857142857144
DELAUNAY,4.071428571428571
SMOTE_SVM,4.214285714285714
BORDERLINE2,4.285714285714286
GEOMETRIC_SMOTE,5.642857142857143
