index,0
SMOTE_SVM,2.857142857142857
BORDERLINE2,3.0
SMOTE,3.2857142857142856
GEOMETRIC_SMOTE,3.2857142857142856
BORDERLINE1,3.857142857142857
DELAUNAY,5.071428571428571
ORIGINAL,6.642857142857143
