index,0
BORDERLINE2,3.0
BORDERLINE1,3.0714285714285716
DELAUNAY,3.0714285714285716
SMOTE,3.7142857142857144
GEOMETRIC_SMOTE,3.9285714285714284
SMOTE_SVM,4.285714285714286
ORIGINAL,6.928571428571429
