index,0
BORDERLINE1,2.357142857142857
GEOMETRIC_SMOTE,3.5
SMOTE,3.5714285714285716
BORDERLINE2,3.7142857142857144
SMOTE_SVM,4.0
DELAUNAY,5.285714285714286
ORIGINAL,5.571428571428571
