index,0
SMOTE_SVM,2.9285714285714284
BORDERLINE1,3.142857142857143
BORDERLINE2,3.5
GEOMETRIC_SMOTE,4.071428571428571
SMOTE,4.142857142857143
DELAUNAY,5.071428571428571
ORIGINAL,5.142857142857143
