index,0
BORDERLINE1,2.4285714285714284
SMOTE_SVM,3.357142857142857
ORIGINAL,3.642857142857143
SMOTE,4.214285714285714
GEOMETRIC_SMOTE,4.5
BORDERLINE2,4.857142857142857
DELAUNAY,5.0
