index,0
ORIGINAL,3.2142857142857144
DELAUNAY,3.2142857142857144
BORDERLINE1,3.2857142857142856
SMOTE,3.4285714285714284
SMOTE_SVM,4.285714285714286
BORDERLINE2,5.142857142857143
GEOMETRIC_SMOTE,5.428571428571429
