index,0
BORDERLINE2,3.0
SMOTE_SVM,3.142857142857143
GEOMETRIC_SMOTE,3.357142857142857
SMOTE,3.5714285714285716
BORDERLINE1,3.7857142857142856
DELAUNAY,4.642857142857143
ORIGINAL,6.5
