index,0
BORDERLINE1,2.0
SMOTE_SVM,3.0714285714285716
BORDERLINE2,4.0
ORIGINAL,4.142857142857143
SMOTE,4.285714285714286
GEOMETRIC_SMOTE,4.642857142857143
DELAUNAY,5.857142857142857
