index,0
SMOTE_SVM,2.0
ORIGINAL,3.0714285714285716
BORDERLINE1,3.9285714285714284
GEOMETRIC_SMOTE,4.071428571428571
SMOTE,4.285714285714286
BORDERLINE2,4.714285714285714
DELAUNAY,5.928571428571429
