index,0
BORDERLINE1,2.2142857142857144
GEOMETRIC_SMOTE,3.5
BORDERLINE2,3.5714285714285716
SMOTE,3.7142857142857144
SMOTE_SVM,4.071428571428571
DELAUNAY,5.357142857142857
ORIGINAL,5.571428571428571
