index,0
BORDERLINE1,2.0
SMOTE_SVM,3.0714285714285716
ORIGINAL,4.071428571428571
SMOTE,4.071428571428571
BORDERLINE2,4.071428571428571
GEOMETRIC_SMOTE,4.428571428571429
DELAUNAY,6.285714285714286
