index,0
BORDERLINE1,3.0
SMOTE,3.7142857142857144
GEOMETRIC_SMOTE,3.7857142857142856
SMOTE_SVM,3.857142857142857
ORIGINAL,4.285714285714286
BORDERLINE2,4.5
DELAUNAY,4.857142857142857
