index,0
ORIGINAL,3.0
SMOTE,3.142857142857143
BORDERLINE1,3.2857142857142856
SMOTE_SVM,4.0
DELAUNAY,4.0
BORDERLINE2,5.142857142857143
GEOMETRIC_SMOTE,5.428571428571429
