index,0
SMOTE_SVM,2.9285714285714284
BORDERLINE2,3.0714285714285716
GEOMETRIC_SMOTE,3.2142857142857144
SMOTE,3.357142857142857
BORDERLINE1,3.9285714285714284
DELAUNAY,4.857142857142857
ORIGINAL,6.642857142857143
