index,0
SMOTE_SVM,1.9285714285714286
ORIGINAL,3.4285714285714284
BORDERLINE1,3.857142857142857
GEOMETRIC_SMOTE,3.9285714285714284
SMOTE,4.142857142857143
BORDERLINE2,4.357142857142857
DELAUNAY,6.357142857142857
