index,0
SMOTE_SVM,2.2857142857142856
SMOTE,3.4285714285714284
BORDERLINE1,3.4285714285714284
BORDERLINE2,3.857142857142857
GEOMETRIC_SMOTE,4.214285714285714
ORIGINAL,4.928571428571429
DELAUNAY,5.857142857142857
