index,0
ORIGINAL,2.642857142857143
SMOTE,3.357142857142857
BORDERLINE1,3.4285714285714284
SMOTE_SVM,3.7857142857142856
DELAUNAY,4.214285714285714
BORDERLINE2,4.928571428571429
GEOMETRIC_SMOTE,5.642857142857143
