index,0
SMOTE_SVM,2.0714285714285716
ORIGINAL,3.0714285714285716
BORDERLINE1,3.857142857142857
GEOMETRIC_SMOTE,4.0
SMOTE,4.428571428571429
BORDERLINE2,4.642857142857143
DELAUNAY,5.928571428571429
