index,0
ORIGINAL,2.2142857142857144
BORDERLINE1,3.0
SMOTE,3.357142857142857
SMOTE_SVM,3.5714285714285716
GEOMETRIC_SMOTE,4.928571428571429
BORDERLINE2,5.428571428571429
DELAUNAY,5.5
