index,0
SMOTE_SVM,3.0
SMOTE,3.5
DELAUNAY,3.5714285714285716
GEOMETRIC_SMOTE,3.7142857142857144
BORDERLINE2,4.5
ORIGINAL,4.857142857142857
BORDERLINE1,4.857142857142857
