index,0
ORIGINAL,2.642857142857143
BORDERLINE1,3.2857142857142856
SMOTE,3.4285714285714284
SMOTE_SVM,3.7142857142857144
DELAUNAY,4.428571428571429
BORDERLINE2,5.0
GEOMETRIC_SMOTE,5.5
