index,0
SMOTE_SVM,3.2857142857142856
BORDERLINE1,3.5
DELAUNAY,3.5714285714285716
BORDERLINE2,3.9285714285714284
SMOTE,4.285714285714286
GEOMETRIC_SMOTE,4.428571428571429
ORIGINAL,5.0
