index,0
ORIGINAL,2.357142857142857
BORDERLINE1,3.2857142857142856
SMOTE,3.5
SMOTE_SVM,3.9285714285714284
DELAUNAY,4.142857142857143
GEOMETRIC_SMOTE,5.357142857142857
BORDERLINE2,5.428571428571429
