index,0
SMOTE_SVM,2.4285714285714284
ORIGINAL,3.642857142857143
BORDERLINE1,3.857142857142857
SMOTE,4.214285714285714
BORDERLINE2,4.428571428571429
GEOMETRIC_SMOTE,4.571428571428571
DELAUNAY,4.857142857142857
