index,0
ORIGINAL,2.0
BORDERLINE1,3.0
SMOTE,3.2857142857142856
SMOTE_SVM,3.4285714285714284
GEOMETRIC_SMOTE,4.785714285714286
BORDERLINE2,5.357142857142857
DELAUNAY,6.142857142857143
