index,0
BORDERLINE2,2.642857142857143
BORDERLINE1,2.857142857142857
SMOTE,3.2857142857142856
GEOMETRIC_SMOTE,3.642857142857143
SMOTE_SVM,4.071428571428571
DELAUNAY,4.642857142857143
ORIGINAL,6.857142857142857
