index,0
SMOTE_SVM,2.9285714285714284
SMOTE,3.142857142857143
BORDERLINE1,3.5
DELAUNAY,3.7857142857142856
BORDERLINE2,4.071428571428571
GEOMETRIC_SMOTE,5.0
ORIGINAL,5.571428571428571
