index,0
SMOTE_SVM,3.142857142857143
GEOMETRIC_SMOTE,3.4285714285714284
SMOTE,3.642857142857143
BORDERLINE1,4.0
BORDERLINE2,4.285714285714286
DELAUNAY,4.428571428571429
ORIGINAL,5.071428571428571
