index,0
BORDERLINE1,2.0714285714285716
SMOTE_SVM,3.5
SMOTE,3.857142857142857
GEOMETRIC_SMOTE,3.9285714285714284
BORDERLINE2,4.142857142857143
ORIGINAL,4.642857142857143
DELAUNAY,5.857142857142857
