index,0
SMOTE_SVM,2.7857142857142856
SMOTE,3.0
BORDERLINE1,3.357142857142857
BORDERLINE2,3.7857142857142856
DELAUNAY,4.642857142857143
GEOMETRIC_SMOTE,4.857142857142857
ORIGINAL,5.571428571428571
