index,0
ORIGINAL,2.357142857142857
BORDERLINE1,3.142857142857143
SMOTE,3.7857142857142856
SMOTE_SVM,3.7857142857142856
DELAUNAY,4.428571428571429
GEOMETRIC_SMOTE,4.928571428571429
BORDERLINE2,5.571428571428571
