index,0
SMOTE,2.857142857142857
DELAUNAY,2.857142857142857
BORDERLINE1,3.7857142857142856
ORIGINAL,3.9285714285714284
SMOTE_SVM,4.285714285714286
BORDERLINE2,4.428571428571429
GEOMETRIC_SMOTE,5.857142857142857
