index,0
GEOMETRIC_SMOTE,2.357142857142857
BORDERLINE1,3.142857142857143
SMOTE,3.4285714285714284
SMOTE_SVM,3.7857142857142856
DELAUNAY,4.285714285714286
BORDERLINE2,4.5
ORIGINAL,6.5
