index,0
BORDERLINE1,2.2857142857142856
SMOTE_SVM,3.642857142857143
BORDERLINE2,4.071428571428571
GEOMETRIC_SMOTE,4.071428571428571
SMOTE,4.142857142857143
ORIGINAL,4.714285714285714
DELAUNAY,5.071428571428571
