index,0
SMOTE_SVM,2.357142857142857
BORDERLINE1,2.642857142857143
SMOTE,3.857142857142857
GEOMETRIC_SMOTE,4.071428571428571
ORIGINAL,4.142857142857143
BORDERLINE2,5.428571428571429
DELAUNAY,5.5
