index,0
BORDERLINE1,2.5714285714285716
GEOMETRIC_SMOTE,2.857142857142857
SMOTE,3.4285714285714284
BORDERLINE2,3.857142857142857
SMOTE_SVM,4.0
DELAUNAY,5.285714285714286
ORIGINAL,6.0
