index,0
ORIGINAL,2.9285714285714284
SMOTE,3.4285714285714284
BORDERLINE1,3.4285714285714284
DELAUNAY,3.642857142857143
SMOTE_SVM,4.214285714285714
BORDERLINE2,4.928571428571429
GEOMETRIC_SMOTE,5.428571428571429
