index,0
BORDERLINE1,2.357142857142857
GEOMETRIC_SMOTE,3.642857142857143
BORDERLINE2,3.7142857142857144
SMOTE,3.857142857142857
SMOTE_SVM,4.214285714285714
DELAUNAY,4.785714285714286
ORIGINAL,5.428571428571429
