index,0
SMOTE_SVM,2.4285714285714284
ORIGINAL,3.357142857142857
BORDERLINE1,3.7142857142857144
SMOTE,4.0
BORDERLINE2,4.071428571428571
GEOMETRIC_SMOTE,4.285714285714286
DELAUNAY,6.142857142857143
