index,0
ORIGINAL,2.142857142857143
BORDERLINE1,3.142857142857143
SMOTE,3.4285714285714284
SMOTE_SVM,3.7142857142857144
DELAUNAY,4.714285714285714
GEOMETRIC_SMOTE,5.214285714285714
BORDERLINE2,5.642857142857143
