index,0
SMOTE_SVM,2.857142857142857
SMOTE,3.142857142857143
BORDERLINE1,3.642857142857143
DELAUNAY,3.642857142857143
BORDERLINE2,4.0
GEOMETRIC_SMOTE,5.071428571428571
ORIGINAL,5.642857142857143
