index,0
SMOTE_SVM,2.357142857142857
BORDERLINE1,2.7142857142857144
SMOTE,3.7142857142857144
GEOMETRIC_SMOTE,3.857142857142857
ORIGINAL,4.642857142857143
BORDERLINE2,4.857142857142857
DELAUNAY,5.857142857142857
