index,0
GEOMETRIC_SMOTE,2.642857142857143
BORDERLINE1,3.0
BORDERLINE2,3.5714285714285716
DELAUNAY,3.5714285714285716
SMOTE,4.142857142857143
SMOTE_SVM,4.5
ORIGINAL,6.571428571428571
