index,0
SMOTE_SVM,2.2857142857142856
SMOTE,3.4285714285714284
BORDERLINE1,3.4285714285714284
BORDERLINE2,4.0
GEOMETRIC_SMOTE,4.428571428571429
ORIGINAL,4.714285714285714
DELAUNAY,5.714285714285714
