index,0
ORIGINAL,2.4285714285714284
BORDERLINE1,3.142857142857143
SMOTE,3.7857142857142856
SMOTE_SVM,3.7857142857142856
DELAUNAY,4.214285714285714
GEOMETRIC_SMOTE,5.142857142857143
BORDERLINE2,5.5
