index,0
BORDERLINE1,2.2142857142857144
GEOMETRIC_SMOTE,3.5
SMOTE,3.5714285714285716
BORDERLINE2,3.5714285714285716
SMOTE_SVM,4.0
ORIGINAL,5.5
DELAUNAY,5.642857142857143
