index,0
SMOTE_SVM,3.0714285714285716
BORDERLINE1,3.4285714285714284
BORDERLINE2,3.4285714285714284
SMOTE,4.0
GEOMETRIC_SMOTE,4.214285714285714
DELAUNAY,4.714285714285714
ORIGINAL,5.142857142857143
