index,0
BORDERLINE1,2.357142857142857
GEOMETRIC_SMOTE,3.5
SMOTE,4.0
BORDERLINE2,4.0
DELAUNAY,4.142857142857143
SMOTE_SVM,4.285714285714286
ORIGINAL,5.714285714285714
