index,0
SMOTE_SVM,2.2142857142857144
BORDERLINE1,2.7142857142857144
SMOTE,3.7857142857142856
GEOMETRIC_SMOTE,4.214285714285714
ORIGINAL,4.285714285714286
DELAUNAY,5.142857142857143
BORDERLINE2,5.642857142857143
