index,0
SMOTE_SVM,2.7142857142857144
SMOTE,3.357142857142857
GEOMETRIC_SMOTE,3.5
BORDERLINE2,4.285714285714286
DELAUNAY,4.571428571428571
BORDERLINE1,4.714285714285714
ORIGINAL,4.857142857142857
