index,0
ORIGINAL,2.5
BORDERLINE1,3.142857142857143
SMOTE,3.2142857142857144
SMOTE_SVM,4.0
BORDERLINE2,4.785714285714286
DELAUNAY,5.071428571428571
GEOMETRIC_SMOTE,5.285714285714286
