index,0
SMOTE_SVM,2.4285714285714284
BORDERLINE1,2.9285714285714284
GEOMETRIC_SMOTE,3.642857142857143
SMOTE,3.7142857142857144
ORIGINAL,4.0
BORDERLINE2,5.428571428571429
DELAUNAY,5.857142857142857
