index,0
DELAUNAY,2.642857142857143
SMOTE,2.9285714285714284
SMOTE_SVM,3.142857142857143
GEOMETRIC_SMOTE,3.142857142857143
BORDERLINE1,4.642857142857143
BORDERLINE2,4.928571428571429
ORIGINAL,6.571428571428571
