index,0
DELAUNAY,2.7857142857142856
SMOTE,2.857142857142857
BORDERLINE1,3.7857142857142856
ORIGINAL,4.071428571428571
SMOTE_SVM,4.285714285714286
BORDERLINE2,4.357142857142857
GEOMETRIC_SMOTE,5.857142857142857
