index,0
ORIGINAL,2.357142857142857
BORDERLINE1,3.0
SMOTE,3.5
SMOTE_SVM,3.5
GEOMETRIC_SMOTE,4.928571428571429
DELAUNAY,5.285714285714286
BORDERLINE2,5.428571428571429
