index,0
SMOTE_SVM,1.9285714285714286
ORIGINAL,3.7142857142857144
BORDERLINE1,3.857142857142857
GEOMETRIC_SMOTE,3.9285714285714284
SMOTE,4.071428571428571
BORDERLINE2,4.428571428571429
DELAUNAY,6.071428571428571
