index,0
BORDERLINE1,2.357142857142857
GEOMETRIC_SMOTE,3.0
SMOTE,3.4285714285714284
BORDERLINE2,3.857142857142857
SMOTE_SVM,4.0
DELAUNAY,5.5
ORIGINAL,5.857142857142857
