index,0
ORIGINAL,2.7142857142857144
DELAUNAY,3.2142857142857144
BORDERLINE1,3.5714285714285716
SMOTE,3.857142857142857
SMOTE_SVM,4.071428571428571
BORDERLINE2,5.071428571428571
GEOMETRIC_SMOTE,5.5
