index,0
SMOTE_SVM,2.642857142857143
SMOTE,2.9285714285714284
BORDERLINE1,3.2857142857142856
BORDERLINE2,3.7142857142857144
GEOMETRIC_SMOTE,4.785714285714286
DELAUNAY,5.071428571428571
ORIGINAL,5.571428571428571
