index,0
BORDERLINE1,2.4285714285714284
GEOMETRIC_SMOTE,3.0
SMOTE,3.5714285714285716
SMOTE_SVM,4.285714285714286
BORDERLINE2,4.285714285714286
DELAUNAY,4.285714285714286
ORIGINAL,6.142857142857143
