index,0
SMOTE_SVM,2.357142857142857
BORDERLINE1,3.4285714285714284
GEOMETRIC_SMOTE,3.7857142857142856
SMOTE,4.142857142857143
BORDERLINE2,4.714285714285714
ORIGINAL,4.785714285714286
DELAUNAY,4.785714285714286
