index,0
GEOMETRIC_SMOTE,2.5
BORDERLINE1,3.0
BORDERLINE2,3.357142857142857
SMOTE,3.9285714285714284
SMOTE_SVM,4.214285714285714
DELAUNAY,4.785714285714286
ORIGINAL,6.214285714285714
