index,0
SMOTE_SVM,2.7857142857142856
BORDERLINE1,3.0714285714285716
BORDERLINE2,3.2857142857142856
SMOTE,3.857142857142857
GEOMETRIC_SMOTE,3.9285714285714284
ORIGINAL,5.0
DELAUNAY,6.071428571428571
