index,0
SMOTE_SVM,2.5
BORDERLINE1,3.357142857142857
SMOTE,3.857142857142857
GEOMETRIC_SMOTE,3.857142857142857
BORDERLINE2,4.571428571428571
ORIGINAL,4.642857142857143
DELAUNAY,5.214285714285714
