index,0
DELAUNAY,2.5
ORIGINAL,3.0714285714285716
BORDERLINE1,3.4285714285714284
SMOTE,3.5
SMOTE_SVM,4.428571428571429
BORDERLINE2,5.357142857142857
GEOMETRIC_SMOTE,5.714285714285714
