index,0
SMOTE_SVM,2.7142857142857144
ORIGINAL,3.642857142857143
BORDERLINE1,3.9285714285714284
SMOTE,4.285714285714286
BORDERLINE2,4.285714285714286
GEOMETRIC_SMOTE,4.571428571428571
DELAUNAY,4.571428571428571
