index,0
SMOTE_SVM,1.9285714285714286
ORIGINAL,3.642857142857143
BORDERLINE1,3.857142857142857
GEOMETRIC_SMOTE,3.857142857142857
SMOTE,4.142857142857143
BORDERLINE2,4.357142857142857
DELAUNAY,6.214285714285714
