index,0
BORDERLINE1,2.4285714285714284
GEOMETRIC_SMOTE,3.2857142857142856
SMOTE,3.7142857142857144
BORDERLINE2,3.7142857142857144
SMOTE_SVM,4.142857142857143
DELAUNAY,5.285714285714286
ORIGINAL,5.428571428571429
