index,0
GEOMETRIC_SMOTE,2.2142857142857144
BORDERLINE1,3.0714285714285716
SMOTE,3.357142857142857
SMOTE_SVM,3.5714285714285716
BORDERLINE2,4.357142857142857
DELAUNAY,4.928571428571429
ORIGINAL,6.5
