index,0
GEOMETRIC_SMOTE,2.857142857142857
BORDERLINE1,3.4285714285714284
SMOTE,3.7142857142857144
SMOTE_SVM,3.7857142857142856
DELAUNAY,3.7857142857142856
BORDERLINE2,4.214285714285714
ORIGINAL,6.214285714285714
