index,0
GEOMETRIC_SMOTE,2.9285714285714284
SMOTE_SVM,3.642857142857143
BORDERLINE1,3.857142857142857
BORDERLINE2,3.9285714285714284
DELAUNAY,4.214285714285714
ORIGINAL,4.571428571428571
SMOTE,4.857142857142857
