index,0
DELAUNAY,3.0714285714285716
BORDERLINE2,3.4285714285714284
GEOMETRIC_SMOTE,3.4285714285714284
SMOTE_SVM,4.071428571428571
BORDERLINE1,4.071428571428571
SMOTE,4.357142857142857
ORIGINAL,5.571428571428571
