index,0
BORDERLINE1,2.357142857142857
SMOTE_SVM,3.357142857142857
ORIGINAL,3.642857142857143
SMOTE,4.071428571428571
GEOMETRIC_SMOTE,4.5
BORDERLINE2,4.785714285714286
DELAUNAY,5.285714285714286
