index,0
SMOTE,2.2142857142857144
BORDERLINE1,3.642857142857143
ORIGINAL,3.857142857142857
BORDERLINE2,4.0
SMOTE_SVM,4.071428571428571
DELAUNAY,4.5
GEOMETRIC_SMOTE,5.714285714285714
