index,0
SMOTE,2.857142857142857
BORDERLINE1,2.857142857142857
ORIGINAL,3.0
SMOTE_SVM,3.857142857142857
BORDERLINE2,4.857142857142857
GEOMETRIC_SMOTE,5.285714285714286
DELAUNAY,5.285714285714286
