index,0
SMOTE_SVM,2.7857142857142856
SMOTE,3.357142857142857
GEOMETRIC_SMOTE,3.5714285714285716
DELAUNAY,4.071428571428571
BORDERLINE2,4.5
ORIGINAL,4.857142857142857
BORDERLINE1,4.857142857142857
