index,0
GEOMETRIC_SMOTE,2.5714285714285716
BORDERLINE1,3.2857142857142856
SMOTE,3.5714285714285716
DELAUNAY,3.5714285714285716
SMOTE_SVM,3.9285714285714284
BORDERLINE2,4.5
ORIGINAL,6.571428571428571
