index,0
GEOMETRIC_SMOTE,2.642857142857143
BORDERLINE1,3.0
DELAUNAY,3.0714285714285716
BORDERLINE2,3.7142857142857144
SMOTE,4.428571428571429
SMOTE_SVM,4.571428571428571
ORIGINAL,6.571428571428571
