index,0
SMOTE_SVM,2.5
ORIGINAL,3.7142857142857144
BORDERLINE1,3.857142857142857
SMOTE,4.285714285714286
BORDERLINE2,4.357142857142857
GEOMETRIC_SMOTE,4.571428571428571
DELAUNAY,4.714285714285714
