index,0
DELAUNAY,2.7142857142857144
ORIGINAL,2.7857142857142856
BORDERLINE1,3.4285714285714284
SMOTE,3.7142857142857144
SMOTE_SVM,4.428571428571429
BORDERLINE2,5.214285714285714
GEOMETRIC_SMOTE,5.714285714285714
