index,0
BORDERLINE2,2.857142857142857
SMOTE_SVM,3.0
GEOMETRIC_SMOTE,3.0714285714285716
SMOTE,3.2857142857142856
BORDERLINE1,3.642857142857143
DELAUNAY,5.5
ORIGINAL,6.642857142857143
