index,0
SMOTE_SVM,2.4285714285714284
BORDERLINE1,2.9285714285714284
ORIGINAL,3.7142857142857144
SMOTE,3.7142857142857144
GEOMETRIC_SMOTE,3.9285714285714284
BORDERLINE2,5.142857142857143
DELAUNAY,6.142857142857143
