index,0
DELAUNAY,2.2857142857142856
SMOTE,3.0
BORDERLINE1,3.9285714285714284
ORIGINAL,4.0
BORDERLINE2,4.428571428571429
SMOTE_SVM,4.5
GEOMETRIC_SMOTE,5.857142857142857
