index,0
DELAUNAY,2.4285714285714284
SMOTE_SVM,3.2857142857142856
SMOTE,3.357142857142857
BORDERLINE1,3.857142857142857
BORDERLINE2,4.285714285714286
GEOMETRIC_SMOTE,5.214285714285714
ORIGINAL,5.571428571428571
