index,0
DELAUNAY,2.5714285714285716
BORDERLINE2,3.357142857142857
GEOMETRIC_SMOTE,3.5
SMOTE_SVM,4.214285714285714
BORDERLINE1,4.285714285714286
SMOTE,4.428571428571429
ORIGINAL,5.642857142857143
