index,0
SMOTE_SVM,2.7142857142857144
SMOTE,2.857142857142857
BORDERLINE1,3.2857142857142856
BORDERLINE2,3.7857142857142856
GEOMETRIC_SMOTE,4.714285714285714
DELAUNAY,5.071428571428571
ORIGINAL,5.571428571428571
