index,0
DELAUNAY,2.5714285714285716
SMOTE,2.9285714285714284
BORDERLINE1,3.9285714285714284
ORIGINAL,4.071428571428571
BORDERLINE2,4.214285714285714
SMOTE_SVM,4.357142857142857
GEOMETRIC_SMOTE,5.928571428571429
