index,0
BORDERLINE2,3.0714285714285716
GEOMETRIC_SMOTE,3.2142857142857144
SMOTE_SVM,3.7857142857142856
BORDERLINE1,3.7857142857142856
SMOTE,4.0
DELAUNAY,4.785714285714286
ORIGINAL,5.357142857142857
