index,0
DELAUNAY,2.7142857142857144
SMOTE,3.0
GEOMETRIC_SMOTE,3.4285714285714284
SMOTE_SVM,3.5
BORDERLINE2,4.571428571428571
BORDERLINE1,4.928571428571429
ORIGINAL,5.857142857142857
