index,0
ORIGINAL,3.0
SMOTE,3.142857142857143
DELAUNAY,3.142857142857143
BORDERLINE1,3.2857142857142856
SMOTE_SVM,4.428571428571429
BORDERLINE2,5.285714285714286
GEOMETRIC_SMOTE,5.714285714285714
