index,0
ORIGINAL,2.142857142857143
BORDERLINE1,3.4285714285714284
SMOTE,3.7142857142857144
SMOTE_SVM,3.7857142857142856
DELAUNAY,4.285714285714286
GEOMETRIC_SMOTE,5.071428571428571
BORDERLINE2,5.571428571428571
