index,0
SMOTE_SVM,2.5
BORDERLINE1,3.0
SMOTE,3.7142857142857144
GEOMETRIC_SMOTE,3.857142857142857
DELAUNAY,4.785714285714286
ORIGINAL,4.928571428571429
BORDERLINE2,5.214285714285714
