index,0
BORDERLINE1,2.2857142857142856
SMOTE_SVM,3.0714285714285716
ORIGINAL,4.071428571428571
SMOTE,4.285714285714286
BORDERLINE2,4.285714285714286
GEOMETRIC_SMOTE,4.642857142857143
DELAUNAY,5.357142857142857
