index,0
DELAUNAY,3.0
GEOMETRIC_SMOTE,3.4285714285714284
SMOTE_SVM,3.5
BORDERLINE2,4.071428571428571
BORDERLINE1,4.142857142857143
ORIGINAL,4.5
SMOTE,5.357142857142857
