index,0
SMOTE_SVM,2.4285714285714284
ORIGINAL,3.5
BORDERLINE1,3.7857142857142856
SMOTE,4.285714285714286
BORDERLINE2,4.357142857142857
GEOMETRIC_SMOTE,4.5
DELAUNAY,5.142857142857143
