index,0
GEOMETRIC_SMOTE,2.7857142857142856
BORDERLINE1,3.142857142857143
DELAUNAY,3.2142857142857144
BORDERLINE2,3.7142857142857144
SMOTE,4.071428571428571
SMOTE_SVM,4.571428571428571
ORIGINAL,6.5
