index,0
SMOTE_SVM,2.357142857142857
BORDERLINE1,3.4285714285714284
GEOMETRIC_SMOTE,3.7142857142857144
SMOTE,4.0
ORIGINAL,4.785714285714286
BORDERLINE2,4.857142857142857
DELAUNAY,4.857142857142857
