index,0
SMOTE_SVM,2.7857142857142856
SMOTE,2.857142857142857
BORDERLINE1,3.357142857142857
BORDERLINE2,3.9285714285714284
GEOMETRIC_SMOTE,4.714285714285714
DELAUNAY,4.714285714285714
ORIGINAL,5.642857142857143
