index,0
GEOMETRIC_SMOTE,2.5
BORDERLINE1,3.0714285714285716
SMOTE,3.5
SMOTE_SVM,3.857142857142857
DELAUNAY,4.142857142857143
BORDERLINE2,4.428571428571429
ORIGINAL,6.5
