index,0
GEOMETRIC_SMOTE,3.357142857142857
SMOTE,3.642857142857143
SMOTE_SVM,3.642857142857143
BORDERLINE1,3.857142857142857
BORDERLINE2,4.071428571428571
DELAUNAY,4.642857142857143
ORIGINAL,4.785714285714286
