index,0
GEOMETRIC_SMOTE,2.357142857142857
BORDERLINE1,3.0714285714285716
SMOTE,3.357142857142857
SMOTE_SVM,3.7142857142857144
BORDERLINE2,4.285714285714286
DELAUNAY,4.642857142857143
ORIGINAL,6.571428571428571
