index,0
DELAUNAY,2.4285714285714284
SMOTE,3.0
BORDERLINE1,3.9285714285714284
ORIGINAL,4.0
BORDERLINE2,4.285714285714286
SMOTE_SVM,4.428571428571429
GEOMETRIC_SMOTE,5.928571428571429
