index,0
SMOTE_SVM,1.9285714285714286
ORIGINAL,3.0714285714285716
BORDERLINE1,3.857142857142857
GEOMETRIC_SMOTE,4.0
SMOTE,4.357142857142857
BORDERLINE2,4.571428571428571
DELAUNAY,6.214285714285714
