index,0
SMOTE_SVM,2.357142857142857
SMOTE,3.357142857142857
DELAUNAY,3.5714285714285716
GEOMETRIC_SMOTE,3.7857142857142856
BORDERLINE1,4.857142857142857
BORDERLINE2,5.0
ORIGINAL,5.071428571428571
