index,0
ORIGINAL,2.7857142857142856
SMOTE,2.857142857142857
BORDERLINE1,3.0
SMOTE_SVM,3.857142857142857
BORDERLINE2,5.0
DELAUNAY,5.071428571428571
GEOMETRIC_SMOTE,5.428571428571429
