index,0
BORDERLINE1,2.7142857142857144
GEOMETRIC_SMOTE,3.4285714285714284
DELAUNAY,3.5714285714285716
SMOTE,4.0
BORDERLINE2,4.142857142857143
SMOTE_SVM,4.428571428571429
ORIGINAL,5.714285714285714
