index,0
ORIGINAL,2.5714285714285716
SMOTE,3.2142857142857144
BORDERLINE1,3.2857142857142856
SMOTE_SVM,3.642857142857143
BORDERLINE2,4.857142857142857
DELAUNAY,5.0
GEOMETRIC_SMOTE,5.428571428571429
