index,0
GEOMETRIC_SMOTE,2.357142857142857
BORDERLINE1,3.2142857142857144
SMOTE,3.5
SMOTE_SVM,3.857142857142857
DELAUNAY,4.142857142857143
BORDERLINE2,4.428571428571429
ORIGINAL,6.5
