index,0
SMOTE_SVM,2.5
BORDERLINE1,3.142857142857143
SMOTE,3.7142857142857144
GEOMETRIC_SMOTE,4.142857142857143
DELAUNAY,4.428571428571429
ORIGINAL,4.785714285714286
BORDERLINE2,5.285714285714286
