index,0
SMOTE_SVM,2.5714285714285716
BORDERLINE1,3.0
SMOTE,3.857142857142857
GEOMETRIC_SMOTE,4.0
ORIGINAL,4.642857142857143
DELAUNAY,4.928571428571429
BORDERLINE2,5.0
