index,0
SMOTE,2.7142857142857144
DELAUNAY,3.0
BORDERLINE1,3.9285714285714284
ORIGINAL,4.142857142857143
BORDERLINE2,4.142857142857143
SMOTE_SVM,4.285714285714286
GEOMETRIC_SMOTE,5.785714285714286
