index,0
BORDERLINE2,3.0
GEOMETRIC_SMOTE,3.2142857142857144
SMOTE,3.857142857142857
BORDERLINE1,3.857142857142857
SMOTE_SVM,3.9285714285714284
DELAUNAY,4.857142857142857
ORIGINAL,5.285714285714286
