index,0
SMOTE_SVM,2.9285714285714284
GEOMETRIC_SMOTE,3.0
BORDERLINE2,3.357142857142857
BORDERLINE1,3.857142857142857
ORIGINAL,4.0
SMOTE,4.785714285714286
DELAUNAY,6.071428571428571
