index,0
SMOTE_SVM,2.5
BORDERLINE1,3.642857142857143
SMOTE,3.7142857142857144
BORDERLINE2,4.142857142857143
GEOMETRIC_SMOTE,4.428571428571429
DELAUNAY,4.714285714285714
ORIGINAL,4.857142857142857
