index,0
SMOTE_SVM,2.9285714285714284
SMOTE,3.2857142857142856
DELAUNAY,3.2857142857142856
BORDERLINE1,3.642857142857143
BORDERLINE2,4.142857142857143
GEOMETRIC_SMOTE,5.142857142857143
ORIGINAL,5.571428571428571
