index,0
SMOTE_SVM,2.4285714285714284
ORIGINAL,3.7142857142857144
BORDERLINE1,3.7142857142857144
BORDERLINE2,4.214285714285714
SMOTE,4.285714285714286
GEOMETRIC_SMOTE,4.571428571428571
DELAUNAY,5.071428571428571
