index,0
SMOTE,2.5
DELAUNAY,3.0714285714285716
BORDERLINE1,3.857142857142857
ORIGINAL,4.071428571428571
BORDERLINE2,4.214285714285714
SMOTE_SVM,4.428571428571429
GEOMETRIC_SMOTE,5.857142857142857
