index,0
BORDERLINE1,2.4285714285714284
GEOMETRIC_SMOTE,3.4285714285714284
SMOTE,3.9285714285714284
BORDERLINE2,4.0
DELAUNAY,4.214285714285714
SMOTE_SVM,4.285714285714286
ORIGINAL,5.714285714285714
