index,0
BORDERLINE1,2.4285714285714284
SMOTE_SVM,3.4285714285714284
ORIGINAL,3.5714285714285716
SMOTE,4.071428571428571
GEOMETRIC_SMOTE,4.571428571428571
BORDERLINE2,4.857142857142857
DELAUNAY,5.071428571428571
