index,0
ORIGINAL,2.7857142857142856
BORDERLINE1,3.0714285714285716
SMOTE,3.142857142857143
SMOTE_SVM,4.0
BORDERLINE2,4.857142857142857
DELAUNAY,4.857142857142857
GEOMETRIC_SMOTE,5.285714285714286
