index,0
SMOTE_SVM,2.4285714285714284
ORIGINAL,3.642857142857143
BORDERLINE1,3.7142857142857144
BORDERLINE2,4.142857142857143
SMOTE,4.214285714285714
GEOMETRIC_SMOTE,4.285714285714286
DELAUNAY,5.571428571428571
