index,0
SMOTE,2.642857142857143
BORDERLINE1,3.5
DELAUNAY,3.5
ORIGINAL,3.9285714285714284
SMOTE_SVM,4.357142857142857
BORDERLINE2,4.357142857142857
GEOMETRIC_SMOTE,5.714285714285714
