index,0
ORIGINAL,2.5714285714285716
BORDERLINE1,3.5714285714285716
DELAUNAY,3.642857142857143
SMOTE,3.7142857142857144
SMOTE_SVM,4.0
BORDERLINE2,5.071428571428571
GEOMETRIC_SMOTE,5.428571428571429
