index,0
ORIGINAL,2.2142857142857144
BORDERLINE1,3.142857142857143
SMOTE,3.5
SMOTE_SVM,3.5
GEOMETRIC_SMOTE,5.0
BORDERLINE2,5.285714285714286
DELAUNAY,5.357142857142857
