index,0
SMOTE_SVM,2.2857142857142856
BORDERLINE1,3.0714285714285716
SMOTE,4.071428571428571
GEOMETRIC_SMOTE,4.071428571428571
BORDERLINE2,4.357142857142857
ORIGINAL,5.0
DELAUNAY,5.142857142857143
