index,0
SMOTE_SVM,2.4285714285714284
BORDERLINE1,3.7142857142857144
SMOTE,3.857142857142857
DELAUNAY,4.285714285714286
BORDERLINE2,4.357142857142857
GEOMETRIC_SMOTE,4.571428571428571
ORIGINAL,4.785714285714286
