index,0
SMOTE_SVM,1.9285714285714286
ORIGINAL,3.5714285714285716
BORDERLINE1,3.9285714285714284
SMOTE,4.0
GEOMETRIC_SMOTE,4.0
BORDERLINE2,4.285714285714286
DELAUNAY,6.285714285714286
