index,0
BORDERLINE2,3.0714285714285716
GEOMETRIC_SMOTE,3.142857142857143
SMOTE_SVM,3.9285714285714284
SMOTE,4.0
BORDERLINE1,4.0
DELAUNAY,4.357142857142857
ORIGINAL,5.5
