index,0
BORDERLINE1,2.2142857142857144
SMOTE_SVM,3.642857142857143
GEOMETRIC_SMOTE,4.071428571428571
SMOTE,4.214285714285714
BORDERLINE2,4.357142857142857
DELAUNAY,4.5
ORIGINAL,5.0
