index,0
ORIGINAL,2.357142857142857
BORDERLINE1,3.4285714285714284
SMOTE,3.5
SMOTE_SVM,3.7857142857142856
DELAUNAY,4.357142857142857
GEOMETRIC_SMOTE,5.071428571428571
BORDERLINE2,5.5
