index,0
ORIGINAL,2.2142857142857144
BORDERLINE1,3.0
SMOTE,3.642857142857143
SMOTE_SVM,3.7857142857142856
GEOMETRIC_SMOTE,4.785714285714286
BORDERLINE2,5.285714285714286
DELAUNAY,5.285714285714286
