index,0
SMOTE_SVM,2.7857142857142856
SMOTE,3.0
BORDERLINE1,3.5
BORDERLINE2,3.9285714285714284
DELAUNAY,4.214285714285714
GEOMETRIC_SMOTE,4.857142857142857
ORIGINAL,5.714285714285714
