index,0
BORDERLINE2,3.2142857142857144
SMOTE,3.2857142857142856
BORDERLINE1,3.2857142857142856
SMOTE_SVM,3.5714285714285716
GEOMETRIC_SMOTE,3.7857142857142856
DELAUNAY,4.642857142857143
ORIGINAL,6.214285714285714
