index,0
SMOTE_SVM,2.357142857142857
BORDERLINE1,3.5
GEOMETRIC_SMOTE,3.7142857142857144
SMOTE,4.071428571428571
BORDERLINE2,4.571428571428571
ORIGINAL,4.642857142857143
DELAUNAY,5.142857142857143
