index,0
SMOTE_SVM,2.5
SMOTE,3.357142857142857
DELAUNAY,3.5
GEOMETRIC_SMOTE,3.7857142857142856
BORDERLINE1,4.857142857142857
ORIGINAL,5.0
BORDERLINE2,5.0
