index,0
BORDERLINE1,2.5714285714285716
GEOMETRIC_SMOTE,3.0714285714285716
SMOTE,3.7142857142857144
SMOTE_SVM,3.857142857142857
BORDERLINE2,4.142857142857143
DELAUNAY,4.642857142857143
ORIGINAL,6.0
