index,0
SMOTE_SVM,2.642857142857143
BORDERLINE1,3.0
SMOTE,3.7857142857142856
GEOMETRIC_SMOTE,4.0
DELAUNAY,4.642857142857143
ORIGINAL,4.785714285714286
BORDERLINE2,5.142857142857143
