index,0
BORDERLINE2,3.0
GEOMETRIC_SMOTE,3.2142857142857144
BORDERLINE1,3.7142857142857144
SMOTE_SVM,3.7857142857142856
SMOTE,3.9285714285714284
DELAUNAY,5.0
ORIGINAL,5.357142857142857
