index,0
SMOTE_SVM,2.642857142857143
SMOTE,3.2142857142857144
GEOMETRIC_SMOTE,3.4285714285714284
BORDERLINE2,4.214285714285714
BORDERLINE1,4.571428571428571
ORIGINAL,4.714285714285714
DELAUNAY,5.214285714285714
