index,0
BORDERLINE1,3.0714285714285716
SMOTE_SVM,3.142857142857143
BORDERLINE2,3.642857142857143
SMOTE,3.857142857142857
GEOMETRIC_SMOTE,4.285714285714286
ORIGINAL,4.785714285714286
DELAUNAY,5.214285714285714
