index,0
BORDERLINE1,2.4285714285714284
SMOTE_SVM,3.2857142857142856
DELAUNAY,4.071428571428571
ORIGINAL,4.357142857142857
BORDERLINE2,4.428571428571429
SMOTE,4.5
GEOMETRIC_SMOTE,4.928571428571429
