index,0
BORDERLINE1,2.2857142857142856
SMOTE_SVM,3.2142857142857144
ORIGINAL,3.357142857142857
SMOTE,4.0
GEOMETRIC_SMOTE,4.428571428571429
BORDERLINE2,4.642857142857143
DELAUNAY,6.071428571428571
