index,0
ORIGINAL,2.5
SMOTE,3.2857142857142856
BORDERLINE1,3.2857142857142856
SMOTE_SVM,4.0
BORDERLINE2,4.785714285714286
DELAUNAY,5.0
GEOMETRIC_SMOTE,5.142857142857143
