index,0
BORDERLINE2,2.857142857142857
BORDERLINE1,3.0
SMOTE,3.5
GEOMETRIC_SMOTE,3.7142857142857144
DELAUNAY,4.0
SMOTE_SVM,4.142857142857143
ORIGINAL,6.785714285714286
