index,0
BORDERLINE1,2.0
SMOTE_SVM,3.0
BORDERLINE2,3.9285714285714284
SMOTE,4.071428571428571
ORIGINAL,4.142857142857143
GEOMETRIC_SMOTE,4.428571428571429
DELAUNAY,6.428571428571429
