index,0
BORDERLINE1,2.0
SMOTE_SVM,3.5
SMOTE,3.857142857142857
BORDERLINE2,4.0
GEOMETRIC_SMOTE,4.071428571428571
ORIGINAL,4.5
DELAUNAY,6.071428571428571
