index,0
ORIGINAL,2.357142857142857
BORDERLINE1,3.142857142857143
SMOTE,3.5
SMOTE_SVM,3.7857142857142856
GEOMETRIC_SMOTE,4.928571428571429
DELAUNAY,5.0
BORDERLINE2,5.285714285714286
