index,0
ORIGINAL,3.0
SMOTE,3.0
BORDERLINE1,3.142857142857143
SMOTE_SVM,3.857142857142857
DELAUNAY,4.071428571428571
BORDERLINE2,5.285714285714286
GEOMETRIC_SMOTE,5.642857142857143
