index,0
SMOTE_SVM,3.0
SMOTE,3.2142857142857144
DELAUNAY,3.2142857142857144
BORDERLINE1,3.7857142857142856
BORDERLINE2,4.142857142857143
GEOMETRIC_SMOTE,5.142857142857143
ORIGINAL,5.5
