index,0
SMOTE_SVM,2.2857142857142856
BORDERLINE1,3.4285714285714284
SMOTE,3.5714285714285716
BORDERLINE2,4.071428571428571
GEOMETRIC_SMOTE,4.142857142857143
ORIGINAL,4.857142857142857
DELAUNAY,5.642857142857143
