index,0
BORDERLINE2,2.857142857142857
BORDERLINE1,3.0
SMOTE,3.5
GEOMETRIC_SMOTE,3.857142857142857
DELAUNAY,3.857142857142857
SMOTE_SVM,4.071428571428571
ORIGINAL,6.857142857142857
