index,0
BORDERLINE1,2.357142857142857
GEOMETRIC_SMOTE,3.5
BORDERLINE2,3.7142857142857144
SMOTE,4.0
SMOTE_SVM,4.285714285714286
DELAUNAY,4.428571428571429
ORIGINAL,5.714285714285714
