index,0
ORIGINAL,2.142857142857143
BORDERLINE1,3.2857142857142856
SMOTE_SVM,3.5714285714285716
SMOTE,3.7142857142857144
DELAUNAY,4.857142857142857
GEOMETRIC_SMOTE,4.928571428571429
BORDERLINE2,5.5
