index,0
SMOTE_SVM,2.2142857142857144
BORDERLINE1,2.642857142857143
SMOTE,3.642857142857143
GEOMETRIC_SMOTE,3.857142857142857
ORIGINAL,4.142857142857143
BORDERLINE2,5.142857142857143
DELAUNAY,6.357142857142857
