index,0
GEOMETRIC_SMOTE,3.357142857142857
BORDERLINE1,3.4285714285714284
SMOTE,3.5714285714285716
SMOTE_SVM,3.642857142857143
ORIGINAL,4.428571428571429
DELAUNAY,4.714285714285714
BORDERLINE2,4.857142857142857
