index,0
SMOTE_SVM,2.5
SMOTE,3.0714285714285716
BORDERLINE1,3.2142857142857144
BORDERLINE2,3.5
GEOMETRIC_SMOTE,3.5
ORIGINAL,6.0
DELAUNAY,6.214285714285714
