index,0
SMOTE_SVM,2.4285714285714284
SMOTE,3.4285714285714284
BORDERLINE1,3.4285714285714284
BORDERLINE2,4.0
GEOMETRIC_SMOTE,4.142857142857143
ORIGINAL,4.714285714285714
DELAUNAY,5.857142857142857
