index,0
BORDERLINE1,2.857142857142857
SMOTE,3.5
GEOMETRIC_SMOTE,3.7142857142857144
SMOTE_SVM,3.857142857142857
ORIGINAL,4.142857142857143
BORDERLINE2,4.357142857142857
DELAUNAY,5.571428571428571
