index,0
SMOTE_SVM,3.0
SMOTE,3.0714285714285716
BORDERLINE1,3.5
DELAUNAY,3.5714285714285716
BORDERLINE2,4.071428571428571
GEOMETRIC_SMOTE,5.142857142857143
ORIGINAL,5.642857142857143
