index,0
BORDERLINE2,3.2142857142857144
DELAUNAY,3.357142857142857
GEOMETRIC_SMOTE,3.5
SMOTE,4.071428571428571
BORDERLINE1,4.071428571428571
SMOTE_SVM,4.214285714285714
ORIGINAL,5.571428571428571
