index,0
SMOTE_SVM,3.0
BORDERLINE1,3.2142857142857144
BORDERLINE2,3.2857142857142856
SMOTE,3.9285714285714284
GEOMETRIC_SMOTE,4.142857142857143
ORIGINAL,5.142857142857143
DELAUNAY,5.285714285714286
