index,0
SMOTE_SVM,2.357142857142857
BORDERLINE1,2.7857142857142856
SMOTE,3.9285714285714284
GEOMETRIC_SMOTE,4.0
ORIGINAL,4.357142857142857
DELAUNAY,5.142857142857143
BORDERLINE2,5.428571428571429
