index,0
SMOTE_SVM,2.0714285714285716
ORIGINAL,3.5714285714285716
BORDERLINE1,4.142857142857143
GEOMETRIC_SMOTE,4.142857142857143
SMOTE,4.214285714285714
BORDERLINE2,4.571428571428571
DELAUNAY,5.285714285714286
