index,0
ORIGINAL,2.642857142857143
BORDERLINE1,3.142857142857143
SMOTE,3.642857142857143
SMOTE_SVM,3.7857142857142856
DELAUNAY,4.142857142857143
GEOMETRIC_SMOTE,5.214285714285714
BORDERLINE2,5.428571428571429
