index,0
SMOTE_SVM,2.857142857142857
SMOTE,3.0714285714285716
BORDERLINE1,3.5714285714285716
BORDERLINE2,4.0
DELAUNAY,4.071428571428571
GEOMETRIC_SMOTE,4.928571428571429
ORIGINAL,5.5
