index,0
SMOTE_SVM,1.9285714285714286
ORIGINAL,3.5
BORDERLINE1,3.9285714285714284
GEOMETRIC_SMOTE,4.0
SMOTE,4.214285714285714
BORDERLINE2,4.428571428571429
DELAUNAY,6.0
