index,0
BORDERLINE1,2.7142857142857144
GEOMETRIC_SMOTE,3.4285714285714284
SMOTE,3.857142857142857
DELAUNAY,4.0
SMOTE_SVM,4.142857142857143
BORDERLINE2,4.142857142857143
ORIGINAL,5.714285714285714
