index,0
SMOTE_SVM,2.0
ORIGINAL,3.142857142857143
BORDERLINE1,3.9285714285714284
GEOMETRIC_SMOTE,4.071428571428571
SMOTE,4.571428571428571
BORDERLINE2,4.642857142857143
DELAUNAY,5.642857142857143
