index,0
SMOTE_SVM,2.5714285714285716
BORDERLINE1,2.9285714285714284
SMOTE,4.071428571428571
GEOMETRIC_SMOTE,4.071428571428571
ORIGINAL,4.142857142857143
DELAUNAY,4.642857142857143
BORDERLINE2,5.571428571428571
