index,0
SMOTE_SVM,2.9285714285714284
SMOTE,3.0
BORDERLINE1,3.5
BORDERLINE2,4.0
DELAUNAY,4.071428571428571
GEOMETRIC_SMOTE,4.928571428571429
ORIGINAL,5.571428571428571
