index,0
SMOTE_SVM,2.7857142857142856
BORDERLINE2,2.9285714285714284
GEOMETRIC_SMOTE,2.9285714285714284
SMOTE,3.4285714285714284
BORDERLINE1,3.5
DELAUNAY,5.928571428571429
ORIGINAL,6.5
