index,0
BORDERLINE1,3.0
SMOTE,3.2857142857142856
SMOTE_SVM,3.5
GEOMETRIC_SMOTE,3.5
BORDERLINE2,4.428571428571429
ORIGINAL,4.642857142857143
DELAUNAY,5.642857142857143
