index,0
BORDERLINE2,2.7857142857142856
BORDERLINE1,3.0
SMOTE,3.4285714285714284
GEOMETRIC_SMOTE,3.7857142857142856
DELAUNAY,3.9285714285714284
SMOTE_SVM,4.142857142857143
ORIGINAL,6.928571428571429
