index,0
BORDERLINE1,2.2857142857142856
SMOTE_SVM,3.7142857142857144
DELAUNAY,4.071428571428571
GEOMETRIC_SMOTE,4.214285714285714
BORDERLINE2,4.357142857142857
SMOTE,4.428571428571429
ORIGINAL,4.928571428571429
