index,0
SMOTE_SVM,2.5
BORDERLINE1,3.4285714285714284
GEOMETRIC_SMOTE,3.857142857142857
SMOTE,4.214285714285714
ORIGINAL,4.642857142857143
DELAUNAY,4.642857142857143
BORDERLINE2,4.714285714285714
