index,0
ORIGINAL,2.0
BORDERLINE1,3.142857142857143
SMOTE_SVM,3.7142857142857144
SMOTE,3.7857142857142856
GEOMETRIC_SMOTE,4.785714285714286
DELAUNAY,5.142857142857143
BORDERLINE2,5.428571428571429
