index,0
BORDERLINE1,2.2142857142857144
GEOMETRIC_SMOTE,3.357142857142857
SMOTE,3.7142857142857144
BORDERLINE2,3.7857142857142856
SMOTE_SVM,4.0
DELAUNAY,5.214285714285714
ORIGINAL,5.714285714285714
