index,0
BORDERLINE2,3.2142857142857144
GEOMETRIC_SMOTE,3.2857142857142856
DELAUNAY,3.5714285714285716
SMOTE,4.142857142857143
SMOTE_SVM,4.142857142857143
BORDERLINE1,4.142857142857143
ORIGINAL,5.5
