index,0
GEOMETRIC_SMOTE,3.2857142857142856
SMOTE,3.4285714285714284
SMOTE_SVM,3.642857142857143
BORDERLINE1,3.7857142857142856
DELAUNAY,3.857142857142857
BORDERLINE2,4.071428571428571
ORIGINAL,5.928571428571429
