index,0
SMOTE_SVM,2.857142857142857
BORDERLINE2,3.0
SMOTE,3.2857142857142856
GEOMETRIC_SMOTE,3.357142857142857
BORDERLINE1,3.9285714285714284
DELAUNAY,4.928571428571429
ORIGINAL,6.642857142857143
