index,0
DELAUNAY,2.9285714285714284
SMOTE_SVM,3.142857142857143
SMOTE,3.2857142857142856
BORDERLINE1,3.7142857142857144
BORDERLINE2,4.142857142857143
GEOMETRIC_SMOTE,5.142857142857143
ORIGINAL,5.642857142857143
