index,0
SMOTE,3.142857142857143
BORDERLINE1,3.142857142857143
BORDERLINE2,3.142857142857143
SMOTE_SVM,3.357142857142857
GEOMETRIC_SMOTE,3.642857142857143
DELAUNAY,5.357142857142857
ORIGINAL,6.214285714285714
