index,0
BORDERLINE1,2.642857142857143
SMOTE_SVM,3.642857142857143
ORIGINAL,3.7142857142857144
SMOTE,4.142857142857143
DELAUNAY,4.285714285714286
GEOMETRIC_SMOTE,4.714285714285714
BORDERLINE2,4.857142857142857
