index,0
SMOTE_SVM,3.0714285714285716
GEOMETRIC_SMOTE,3.5714285714285716
SMOTE,3.7142857142857144
DELAUNAY,3.9285714285714284
BORDERLINE1,4.071428571428571
BORDERLINE2,4.5
ORIGINAL,5.142857142857143
