index,0
SMOTE_SVM,2.5
DELAUNAY,3.2142857142857144
SMOTE,3.357142857142857
GEOMETRIC_SMOTE,3.7857142857142856
BORDERLINE1,5.0
BORDERLINE2,5.0
ORIGINAL,5.142857142857143
