index,0
BORDERLINE1,2.2857142857142856
SMOTE_SVM,3.0714285714285716
ORIGINAL,4.071428571428571
SMOTE,4.214285714285714
BORDERLINE2,4.214285714285714
GEOMETRIC_SMOTE,4.571428571428571
DELAUNAY,5.571428571428571
