index,0
BORDERLINE1,2.357142857142857
SMOTE_SVM,3.4285714285714284
ORIGINAL,3.5714285714285716
SMOTE,4.214285714285714
GEOMETRIC_SMOTE,4.428571428571429
BORDERLINE2,4.857142857142857
DELAUNAY,5.142857142857143
