index,0
ORIGINAL,2.5714285714285716
BORDERLINE1,3.2857142857142856
SMOTE,3.7142857142857144
DELAUNAY,3.857142857142857
SMOTE_SVM,4.071428571428571
BORDERLINE2,5.0
GEOMETRIC_SMOTE,5.5
