index,0
BORDERLINE1,2.2857142857142856
GEOMETRIC_SMOTE,3.5
SMOTE,3.7857142857142856
BORDERLINE2,3.857142857142857
SMOTE_SVM,4.142857142857143
DELAUNAY,4.714285714285714
ORIGINAL,5.714285714285714
