index,0
BORDERLINE1,2.4285714285714284
GEOMETRIC_SMOTE,3.0
SMOTE,3.7142857142857144
BORDERLINE2,3.857142857142857
SMOTE_SVM,4.0
ORIGINAL,5.428571428571429
DELAUNAY,5.571428571428571
