index,0
SMOTE_SVM,2.4285714285714284
BORDERLINE1,3.0714285714285716
SMOTE,3.857142857142857
GEOMETRIC_SMOTE,3.9285714285714284
ORIGINAL,4.071428571428571
DELAUNAY,4.928571428571429
BORDERLINE2,5.714285714285714
