index,0
SMOTE_SVM,3.0
BORDERLINE1,3.2142857142857144
BORDERLINE2,3.5
SMOTE,3.9285714285714284
GEOMETRIC_SMOTE,4.214285714285714
DELAUNAY,5.0
ORIGINAL,5.142857142857143
