index,0
BORDERLINE1,2.0714285714285716
SMOTE_SVM,3.7142857142857144
SMOTE,4.142857142857143
BORDERLINE2,4.142857142857143
GEOMETRIC_SMOTE,4.214285714285714
ORIGINAL,4.714285714285714
DELAUNAY,5.0
