index,0
SMOTE_SVM,2.357142857142857
BORDERLINE1,3.357142857142857
GEOMETRIC_SMOTE,3.7857142857142856
SMOTE,4.071428571428571
DELAUNAY,4.642857142857143
ORIGINAL,4.857142857142857
BORDERLINE2,4.928571428571429
