index,0
SMOTE_SVM,2.7857142857142856
BORDERLINE1,3.0
SMOTE,3.2857142857142856
GEOMETRIC_SMOTE,3.5
BORDERLINE2,3.857142857142857
ORIGINAL,5.714285714285714
DELAUNAY,5.857142857142857
