index,0
GEOMETRIC_SMOTE,2.7857142857142856
BORDERLINE1,3.2142857142857144
SMOTE,3.357142857142857
SMOTE_SVM,3.5714285714285716
BORDERLINE2,4.214285714285714
DELAUNAY,4.714285714285714
ORIGINAL,6.142857142857143
