index,0
ORIGINAL,2.2142857142857144
BORDERLINE1,3.142857142857143
SMOTE,3.642857142857143
SMOTE_SVM,3.7857142857142856
DELAUNAY,4.785714285714286
GEOMETRIC_SMOTE,5.0
BORDERLINE2,5.428571428571429
