index,0
BORDERLINE1,2.7142857142857144
GEOMETRIC_SMOTE,3.0
SMOTE,3.7142857142857144
SMOTE_SVM,4.0
DELAUNAY,4.142857142857143
BORDERLINE2,4.285714285714286
ORIGINAL,6.142857142857143
