index,0
BORDERLINE2,3.0
GEOMETRIC_SMOTE,3.142857142857143
BORDERLINE1,3.7857142857142856
SMOTE_SVM,3.857142857142857
SMOTE,3.9285714285714284
DELAUNAY,4.928571428571429
ORIGINAL,5.357142857142857
