index,0
ORIGINAL,2.9285714285714284
DELAUNAY,3.2857142857142856
BORDERLINE1,3.4285714285714284
SMOTE,3.642857142857143
SMOTE_SVM,4.285714285714286
BORDERLINE2,5.0
GEOMETRIC_SMOTE,5.428571428571429
