index,0
ORIGINAL,2.642857142857143
SMOTE,3.4285714285714284
BORDERLINE1,3.4285714285714284
DELAUNAY,3.7857142857142856
SMOTE_SVM,4.0
BORDERLINE2,5.142857142857143
GEOMETRIC_SMOTE,5.571428571428571
