index,0
BORDERLINE1,2.0714285714285716
SMOTE_SVM,3.7142857142857144
SMOTE,4.0
BORDERLINE2,4.071428571428571
GEOMETRIC_SMOTE,4.142857142857143
ORIGINAL,5.0
DELAUNAY,5.0
