index,0
SMOTE_SVM,3.2857142857142856
DELAUNAY,3.2857142857142856
GEOMETRIC_SMOTE,3.4285714285714284
BORDERLINE2,4.071428571428571
ORIGINAL,4.357142857142857
BORDERLINE1,4.357142857142857
SMOTE,5.214285714285714
