index,0
GEOMETRIC_SMOTE,2.357142857142857
BORDERLINE1,3.2142857142857144
SMOTE,3.357142857142857
SMOTE_SVM,3.7142857142857144
DELAUNAY,4.357142857142857
BORDERLINE2,4.428571428571429
ORIGINAL,6.571428571428571
