index,0
ORIGINAL,2.9285714285714284
SMOTE,3.357142857142857
BORDERLINE1,3.357142857142857
DELAUNAY,3.7142857142857144
SMOTE_SVM,3.857142857142857
BORDERLINE2,5.071428571428571
GEOMETRIC_SMOTE,5.714285714285714
