index,0
SMOTE_SVM,2.2857142857142856
BORDERLINE1,2.857142857142857
ORIGINAL,3.7142857142857144
SMOTE,3.7142857142857144
GEOMETRIC_SMOTE,3.7857142857142856
BORDERLINE2,5.142857142857143
DELAUNAY,6.5
