index,0
BORDERLINE1,2.5714285714285716
GEOMETRIC_SMOTE,3.0
SMOTE,3.5714285714285716
SMOTE_SVM,3.857142857142857
BORDERLINE2,4.071428571428571
DELAUNAY,4.785714285714286
ORIGINAL,6.142857142857143
