index,0
DELAUNAY,3.142857142857143
SMOTE_SVM,3.4285714285714284
GEOMETRIC_SMOTE,3.4285714285714284
BORDERLINE2,3.9285714285714284
BORDERLINE1,4.357142857142857
ORIGINAL,4.5
SMOTE,5.214285714285714
