index,0
SMOTE_SVM,2.9285714285714284
BORDERLINE1,3.2142857142857144
BORDERLINE2,3.4285714285714284
SMOTE,4.214285714285714
DELAUNAY,4.285714285714286
GEOMETRIC_SMOTE,4.428571428571429
ORIGINAL,5.5
