index,0
BORDERLINE1,2.4285714285714284
GEOMETRIC_SMOTE,3.2142857142857144
SMOTE,3.7142857142857144
BORDERLINE2,4.071428571428571
SMOTE_SVM,4.142857142857143
DELAUNAY,4.714285714285714
ORIGINAL,5.714285714285714
