index,0
ORIGINAL,2.2142857142857144
BORDERLINE1,3.142857142857143
SMOTE,3.5
SMOTE_SVM,3.7857142857142856
GEOMETRIC_SMOTE,5.071428571428571
BORDERLINE2,5.142857142857143
DELAUNAY,5.142857142857143
