index,0
ORIGINAL,2.5714285714285716
BORDERLINE1,3.142857142857143
SMOTE,3.2857142857142856
SMOTE_SVM,3.642857142857143
BORDERLINE2,4.785714285714286
DELAUNAY,5.071428571428571
GEOMETRIC_SMOTE,5.5
