index,0
SMOTE_SVM,2.9285714285714284
BORDERLINE2,2.9285714285714284
GEOMETRIC_SMOTE,3.0714285714285716
SMOTE,3.357142857142857
BORDERLINE1,3.5714285714285716
DELAUNAY,5.5
ORIGINAL,6.642857142857143
