index,0
BORDERLINE1,2.5
DELAUNAY,3.4285714285714284
GEOMETRIC_SMOTE,3.7857142857142856
BORDERLINE2,4.0
SMOTE,4.142857142857143
SMOTE_SVM,4.285714285714286
ORIGINAL,5.857142857142857
