index,0
BORDERLINE1,2.7142857142857144
GEOMETRIC_SMOTE,3.2857142857142856
DELAUNAY,3.7142857142857144
SMOTE,3.857142857142857
BORDERLINE2,4.285714285714286
SMOTE_SVM,4.428571428571429
ORIGINAL,5.714285714285714
