index,0
GEOMETRIC_SMOTE,3.2857142857142856
BORDERLINE2,3.357142857142857
DELAUNAY,3.5
BORDERLINE1,4.0
SMOTE_SVM,4.071428571428571
SMOTE,4.214285714285714
ORIGINAL,5.571428571428571
