index,0
BORDERLINE2,2.5714285714285716
BORDERLINE1,2.7142857142857144
SMOTE,3.142857142857143
GEOMETRIC_SMOTE,3.642857142857143
SMOTE_SVM,3.9285714285714284
DELAUNAY,5.142857142857143
ORIGINAL,6.857142857142857
