index,0
BORDERLINE2,3.0
GEOMETRIC_SMOTE,3.2857142857142856
BORDERLINE1,3.7142857142857144
SMOTE,3.857142857142857
SMOTE_SVM,3.857142857142857
DELAUNAY,4.928571428571429
ORIGINAL,5.357142857142857
