index,0
ORIGINAL,2.0
BORDERLINE1,3.2857142857142856
SMOTE,3.5714285714285716
SMOTE_SVM,3.5714285714285716
GEOMETRIC_SMOTE,4.785714285714286
DELAUNAY,5.357142857142857
BORDERLINE2,5.428571428571429
