index,0
SMOTE_SVM,2.5714285714285716
ORIGINAL,3.642857142857143
BORDERLINE1,3.857142857142857
SMOTE,4.142857142857143
BORDERLINE2,4.142857142857143
GEOMETRIC_SMOTE,4.428571428571429
DELAUNAY,5.214285714285714
