index,0
BORDERLINE1,2.5
GEOMETRIC_SMOTE,3.142857142857143
SMOTE,3.7142857142857144
SMOTE_SVM,3.857142857142857
BORDERLINE2,3.857142857142857
DELAUNAY,4.928571428571429
ORIGINAL,6.0
