index,0
SMOTE_SVM,2.642857142857143
SMOTE,2.9285714285714284
BORDERLINE1,3.357142857142857
BORDERLINE2,3.642857142857143
GEOMETRIC_SMOTE,4.714285714285714
DELAUNAY,5.285714285714286
ORIGINAL,5.428571428571429
