index,0
GEOMETRIC_SMOTE,3.0
SMOTE,3.2857142857142856
SMOTE_SVM,3.2857142857142856
BORDERLINE1,3.642857142857143
BORDERLINE2,3.857142857142857
ORIGINAL,4.642857142857143
DELAUNAY,6.285714285714286
