index,0
GEOMETRIC_SMOTE,3.0714285714285716
DELAUNAY,3.0714285714285716
BORDERLINE1,3.5
SMOTE,3.7857142857142856
SMOTE_SVM,3.857142857142857
BORDERLINE2,4.571428571428571
ORIGINAL,6.142857142857143
