index,0
BORDERLINE1,2.2142857142857144
ORIGINAL,3.2857142857142856
SMOTE_SVM,3.357142857142857
SMOTE,3.7857142857142856
GEOMETRIC_SMOTE,4.428571428571429
BORDERLINE2,4.857142857142857
DELAUNAY,6.071428571428571
