index,0
ORIGINAL,2.642857142857143
BORDERLINE1,3.2857142857142856
SMOTE,3.4285714285714284
SMOTE_SVM,4.071428571428571
DELAUNAY,4.214285714285714
BORDERLINE2,4.928571428571429
GEOMETRIC_SMOTE,5.428571428571429
