index,0
BORDERLINE1,3.0714285714285716
GEOMETRIC_SMOTE,3.357142857142857
SMOTE,3.4285714285714284
SMOTE_SVM,3.642857142857143
ORIGINAL,4.714285714285714
BORDERLINE2,4.785714285714286
DELAUNAY,5.0
