index,0
DELAUNAY,2.357142857142857
SMOTE_SVM,3.4285714285714284
GEOMETRIC_SMOTE,3.5714285714285716
BORDERLINE2,4.214285714285714
ORIGINAL,4.5
BORDERLINE1,4.5
SMOTE,5.428571428571429
