index,0
SMOTE_SVM,2.642857142857143
ORIGINAL,3.642857142857143
BORDERLINE1,4.0
DELAUNAY,4.071428571428571
SMOTE,4.357142857142857
BORDERLINE2,4.5
GEOMETRIC_SMOTE,4.785714285714286
