index,0
SMOTE_SVM,2.4285714285714284
BORDERLINE1,2.857142857142857
GEOMETRIC_SMOTE,3.642857142857143
SMOTE,3.857142857142857
ORIGINAL,3.9285714285714284
BORDERLINE2,5.357142857142857
DELAUNAY,5.928571428571429
