index,0
ORIGINAL,2.5
BORDERLINE1,3.2857142857142856
SMOTE,3.642857142857143
DELAUNAY,3.7142857142857144
SMOTE_SVM,3.9285714285714284
GEOMETRIC_SMOTE,5.357142857142857
BORDERLINE2,5.571428571428571
