index,0
BORDERLINE2,3.0
SMOTE_SVM,3.0714285714285716
GEOMETRIC_SMOTE,3.357142857142857
SMOTE,3.5714285714285716
BORDERLINE1,3.7857142857142856
DELAUNAY,4.571428571428571
ORIGINAL,6.642857142857143
