index,0
SMOTE_SVM,2.642857142857143
BORDERLINE1,2.857142857142857
SMOTE,3.857142857142857
GEOMETRIC_SMOTE,3.857142857142857
DELAUNAY,4.714285714285714
ORIGINAL,4.928571428571429
BORDERLINE2,5.142857142857143
