index,0
SMOTE_SVM,2.2857142857142856
ORIGINAL,3.642857142857143
BORDERLINE1,3.857142857142857
SMOTE,4.214285714285714
BORDERLINE2,4.357142857142857
GEOMETRIC_SMOTE,4.571428571428571
DELAUNAY,5.071428571428571
