index,0
SMOTE_SVM,2.5
ORIGINAL,3.4285714285714284
BORDERLINE1,3.7142857142857144
SMOTE,4.142857142857143
BORDERLINE2,4.357142857142857
GEOMETRIC_SMOTE,4.428571428571429
DELAUNAY,5.428571428571429
