index,0
DELAUNAY,2.5714285714285716
GEOMETRIC_SMOTE,3.0714285714285716
BORDERLINE1,3.642857142857143
SMOTE,3.7857142857142856
SMOTE_SVM,4.0
BORDERLINE2,4.642857142857143
ORIGINAL,6.285714285714286
