index,0
SMOTE_SVM,2.357142857142857
BORDERLINE1,3.357142857142857
GEOMETRIC_SMOTE,3.642857142857143
SMOTE,4.0
ORIGINAL,4.642857142857143
BORDERLINE2,4.857142857142857
DELAUNAY,5.142857142857143
