index,0
GEOMETRIC_SMOTE,2.642857142857143
BORDERLINE1,3.0
BORDERLINE2,3.5
DELAUNAY,4.0
SMOTE,4.071428571428571
SMOTE_SVM,4.428571428571429
ORIGINAL,6.357142857142857
