index,0
SMOTE_SVM,2.4285714285714284
BORDERLINE1,3.5714285714285716
GEOMETRIC_SMOTE,4.0
SMOTE,4.071428571428571
DELAUNAY,4.285714285714286
ORIGINAL,4.785714285714286
BORDERLINE2,4.857142857142857
