index,0
SMOTE_SVM,2.5714285714285716
BORDERLINE1,3.0714285714285716
SMOTE,4.0
GEOMETRIC_SMOTE,4.071428571428571
ORIGINAL,4.142857142857143
DELAUNAY,4.285714285714286
BORDERLINE2,5.857142857142857
