index,0
BORDERLINE1,2.2857142857142856
GEOMETRIC_SMOTE,3.2857142857142856
SMOTE,3.7142857142857144
BORDERLINE2,3.7142857142857144
SMOTE_SVM,4.0
DELAUNAY,5.357142857142857
ORIGINAL,5.642857142857143
