index,0
BORDERLINE1,2.4285714285714284
GEOMETRIC_SMOTE,3.142857142857143
SMOTE,3.7142857142857144
SMOTE_SVM,4.0
BORDERLINE2,4.071428571428571
DELAUNAY,4.785714285714286
ORIGINAL,5.857142857142857
