index,0
SMOTE_SVM,2.2142857142857144
BORDERLINE1,3.4285714285714284
SMOTE,3.642857142857143
GEOMETRIC_SMOTE,3.642857142857143
ORIGINAL,4.285714285714286
BORDERLINE2,4.714285714285714
DELAUNAY,6.071428571428571
