index,0
ORIGINAL,3.0
SMOTE,3.0
BORDERLINE1,3.0
SMOTE_SVM,4.0
DELAUNAY,4.428571428571429
BORDERLINE2,5.285714285714286
GEOMETRIC_SMOTE,5.285714285714286
