index,0
ORIGINAL,2.7857142857142856
SMOTE,3.2857142857142856
BORDERLINE1,3.357142857142857
SMOTE_SVM,4.142857142857143
DELAUNAY,4.214285714285714
BORDERLINE2,4.928571428571429
GEOMETRIC_SMOTE,5.285714285714286
