index,0
BORDERLINE1,2.857142857142857
SMOTE,3.7857142857142856
GEOMETRIC_SMOTE,3.7857142857142856
SMOTE_SVM,4.0
BORDERLINE2,4.357142857142857
ORIGINAL,4.428571428571429
DELAUNAY,4.785714285714286
