index,0
SMOTE_SVM,2.9285714285714284
BORDERLINE1,3.357142857142857
BORDERLINE2,3.5714285714285716
SMOTE,4.142857142857143
GEOMETRIC_SMOTE,4.142857142857143
DELAUNAY,4.5
ORIGINAL,5.357142857142857
