index,0
BORDERLINE1,2.7142857142857144
SMOTE,3.5
GEOMETRIC_SMOTE,3.5714285714285716
SMOTE_SVM,4.0
ORIGINAL,4.142857142857143
BORDERLINE2,4.214285714285714
DELAUNAY,5.857142857142857
