index,0
SMOTE_SVM,3.142857142857143
BORDERLINE1,3.2857142857142856
BORDERLINE2,3.5
SMOTE,3.9285714285714284
GEOMETRIC_SMOTE,4.285714285714286
ORIGINAL,4.714285714285714
DELAUNAY,5.142857142857143
