index,0
BORDERLINE1,3.0
SMOTE,3.142857142857143
SMOTE_SVM,3.2142857142857144
GEOMETRIC_SMOTE,3.357142857142857
BORDERLINE2,4.357142857142857
ORIGINAL,4.428571428571429
DELAUNAY,6.5
