index,0
BORDERLINE1,2.2857142857142856
SMOTE_SVM,3.4285714285714284
ORIGINAL,3.5714285714285716
SMOTE,3.9285714285714284
GEOMETRIC_SMOTE,4.428571428571429
BORDERLINE2,4.714285714285714
DELAUNAY,5.642857142857143
