index,0
BORDERLINE1,2.2857142857142856
SMOTE_SVM,3.642857142857143
SMOTE,4.142857142857143
BORDERLINE2,4.142857142857143
GEOMETRIC_SMOTE,4.357142857142857
DELAUNAY,4.642857142857143
ORIGINAL,4.785714285714286
