index,0
SMOTE,2.642857142857143
DELAUNAY,3.2857142857142856
BORDERLINE1,3.7857142857142856
ORIGINAL,4.0
BORDERLINE2,4.142857142857143
SMOTE_SVM,4.357142857142857
GEOMETRIC_SMOTE,5.785714285714286
