index,0
BORDERLINE1,2.357142857142857
SMOTE_SVM,3.5
ORIGINAL,3.7142857142857144
SMOTE,4.142857142857143
GEOMETRIC_SMOTE,4.285714285714286
BORDERLINE2,4.857142857142857
DELAUNAY,5.142857142857143
