index,0
SMOTE_SVM,2.357142857142857
BORDERLINE1,3.4285714285714284
GEOMETRIC_SMOTE,3.7142857142857144
SMOTE,4.214285714285714
BORDERLINE2,4.5
ORIGINAL,4.714285714285714
DELAUNAY,5.071428571428571
