index,0
SMOTE_SVM,3.2857142857142856
BORDERLINE1,3.4285714285714284
DELAUNAY,3.642857142857143
BORDERLINE2,3.9285714285714284
SMOTE,4.214285714285714
GEOMETRIC_SMOTE,4.428571428571429
ORIGINAL,5.071428571428571
