index,0
GEOMETRIC_SMOTE,3.0714285714285716
SMOTE_SVM,3.2857142857142856
BORDERLINE2,4.071428571428571
DELAUNAY,4.071428571428571
ORIGINAL,4.214285714285714
BORDERLINE1,4.214285714285714
SMOTE,5.071428571428571
