index,0
BORDERLINE1,2.0714285714285716
SMOTE_SVM,3.5
SMOTE,3.9285714285714284
BORDERLINE2,3.9285714285714284
GEOMETRIC_SMOTE,4.071428571428571
ORIGINAL,4.5
DELAUNAY,6.0
