index,0
SMOTE_SVM,2.4285714285714284
BORDERLINE1,3.0714285714285716
SMOTE,4.071428571428571
GEOMETRIC_SMOTE,4.214285714285714
BORDERLINE2,4.428571428571429
DELAUNAY,4.785714285714286
ORIGINAL,5.0
