index,0
GEOMETRIC_SMOTE,2.357142857142857
BORDERLINE1,3.0
SMOTE,3.4285714285714284
SMOTE_SVM,3.7857142857142856
BORDERLINE2,4.357142857142857
DELAUNAY,4.5
ORIGINAL,6.571428571428571
