index,0
BORDERLINE1,3.0
BORDERLINE2,3.0
SMOTE,3.5714285714285716
DELAUNAY,3.642857142857143
GEOMETRIC_SMOTE,3.7142857142857144
SMOTE_SVM,4.285714285714286
ORIGINAL,6.785714285714286
