index,0
BORDERLINE1,2.357142857142857
ORIGINAL,3.5
SMOTE_SVM,3.5714285714285716
SMOTE,3.9285714285714284
GEOMETRIC_SMOTE,4.428571428571429
BORDERLINE2,4.928571428571429
DELAUNAY,5.285714285714286
