index,0
BORDERLINE1,2.4285714285714284
SMOTE_SVM,3.5
ORIGINAL,3.7142857142857144
SMOTE,4.142857142857143
GEOMETRIC_SMOTE,4.428571428571429
BORDERLINE2,4.714285714285714
DELAUNAY,5.071428571428571
