index,0
SMOTE_SVM,2.5
BORDERLINE1,3.7142857142857144
GEOMETRIC_SMOTE,3.7857142857142856
SMOTE,4.0
ORIGINAL,4.571428571428571
DELAUNAY,4.571428571428571
BORDERLINE2,4.857142857142857
