index,0
SMOTE_SVM,3.142857142857143
BORDERLINE1,3.5
BORDERLINE2,3.5
SMOTE,4.285714285714286
GEOMETRIC_SMOTE,4.357142857142857
DELAUNAY,4.357142857142857
ORIGINAL,4.857142857142857
