index,0
SMOTE_SVM,2.357142857142857
BORDERLINE1,3.2857142857142856
GEOMETRIC_SMOTE,3.7142857142857144
SMOTE,4.0
ORIGINAL,4.571428571428571
BORDERLINE2,4.857142857142857
DELAUNAY,5.214285714285714
