index,0
BORDERLINE1,3.0
SMOTE_SVM,3.2142857142857144
GEOMETRIC_SMOTE,3.357142857142857
SMOTE,3.4285714285714284
ORIGINAL,4.428571428571429
BORDERLINE2,4.428571428571429
DELAUNAY,6.142857142857143
