index,0
SMOTE_SVM,3.142857142857143
BORDERLINE1,3.4285714285714284
BORDERLINE2,3.5714285714285716
SMOTE,4.071428571428571
DELAUNAY,4.357142857142857
GEOMETRIC_SMOTE,4.428571428571429
ORIGINAL,5.0
