index,0
BORDERLINE1,3.142857142857143
GEOMETRIC_SMOTE,3.4285714285714284
SMOTE_SVM,3.5
SMOTE,3.5714285714285716
BORDERLINE2,4.571428571428571
ORIGINAL,4.714285714285714
DELAUNAY,5.071428571428571
