index,0
SMOTE_SVM,2.357142857142857
BORDERLINE1,2.7142857142857144
SMOTE,3.9285714285714284
GEOMETRIC_SMOTE,4.142857142857143
ORIGINAL,4.285714285714286
DELAUNAY,5.071428571428571
BORDERLINE2,5.5
