index,0
BORDERLINE1,2.5714285714285716
GEOMETRIC_SMOTE,3.142857142857143
SMOTE,3.4285714285714284
BORDERLINE2,4.0
SMOTE_SVM,4.142857142857143
DELAUNAY,4.571428571428571
ORIGINAL,6.142857142857143
