index,0
GEOMETRIC_SMOTE,3.2857142857142856
DELAUNAY,3.357142857142857
SMOTE,3.5
SMOTE_SVM,3.857142857142857
BORDERLINE1,4.0
BORDERLINE2,4.142857142857143
ORIGINAL,5.857142857142857
