index,0
SMOTE_SVM,2.357142857142857
BORDERLINE1,2.7857142857142856
SMOTE,3.9285714285714284
GEOMETRIC_SMOTE,4.0
ORIGINAL,4.428571428571429
DELAUNAY,4.785714285714286
BORDERLINE2,5.714285714285714
