index,0
SMOTE_SVM,3.0714285714285716
BORDERLINE1,3.4285714285714284
BORDERLINE2,3.7142857142857144
DELAUNAY,3.9285714285714284
GEOMETRIC_SMOTE,4.214285714285714
SMOTE,4.357142857142857
ORIGINAL,5.285714285714286
