index,0
ORIGINAL,2.642857142857143
BORDERLINE1,3.4285714285714284
SMOTE,3.5714285714285716
DELAUNAY,3.857142857142857
SMOTE_SVM,4.142857142857143
BORDERLINE2,4.928571428571429
GEOMETRIC_SMOTE,5.428571428571429
