index,0
GEOMETRIC_SMOTE,2.5
BORDERLINE1,2.857142857142857
BORDERLINE2,3.4285714285714284
SMOTE,4.142857142857143
SMOTE_SVM,4.214285714285714
DELAUNAY,4.285714285714286
ORIGINAL,6.571428571428571
