index,0
DELAUNAY,3.0714285714285716
GEOMETRIC_SMOTE,3.357142857142857
SMOTE,3.5
SMOTE_SVM,4.0
BORDERLINE1,4.071428571428571
BORDERLINE2,4.142857142857143
ORIGINAL,5.857142857142857
