DATASET,ALGORITHM,ORIGINAL,RANK_ORIGINAL,SMOTE,RANK_SMOTE,SMOTE_SVM,RANK_SMOTE_SVM,BORDERLINE1,RANK_BORDERLINE1,BORDERLINE2,RANK_BORDERLINE2,GEOMETRIC_SMOTE,RANK_GEOMETRIC_SMOTE,DELAUNAY,RANK_DELAUNAY,DELAUNAY_TYPE,ALPHA,unit
contraceptive,ABC,0.622,7.0,0.634,4.0,0.6359999999999999,3.0,0.6500000000000001,1.0,0.6279999999999999,6.0,0.63,5.0,0.648,2.0,radius_ratio,1.5,GEO
dermatology,ABC,0.748,1.0,0.6580000000000001,2.0,0.546,4.0,0.6060000000000001,3.0,0.542,5.0,0.228,7.0,0.494,6.0,radius_ratio,1.5,GEO
glass,ABC,0.474,3.0,0.47,4.0,0.506,1.0,0.424,5.0,0.384,6.0,0.33,7.0,0.4819999999999999,2.0,radius_ratio,1.5,GEO
new-thyroid,ABC,0.928,2.0,0.8539999999999999,3.0,0.758,7.0,0.8079999999999999,6.0,0.8380000000000001,4.0,0.8280000000000001,5.0,0.934,1.0,radius_ratio,1.5,GEO
penbased,ABC,0.262,2.5,0.242,5.0,0.24600000000000002,4.0,0.27399999999999997,1.0,0.262,2.5,0.222,7.0,0.23,6.0,radius_ratio,1.5,GEO
thyroid,ABC,0.8559999999999999,1.0,0.8039999999999999,6.0,0.7879999999999999,7.0,0.82,4.0,0.8059999999999999,5.0,0.8240000000000001,3.0,0.8440000000000001,2.0,radius_ratio,1.5,GEO
wine,ABC,0.922,5.0,0.9399999999999998,2.0,0.926,3.0,0.924,4.0,0.8879999999999999,7.0,0.9159999999999999,6.0,0.954,1.0,radius_ratio,1.5,GEO
