index,0
ORIGINAL,2.5714285714285716
SMOTE,3.2142857142857144
BORDERLINE1,3.2142857142857144
SMOTE_SVM,3.7142857142857144
BORDERLINE2,4.714285714285714
DELAUNAY,5.071428571428571
GEOMETRIC_SMOTE,5.5
