index,0
SMOTE_SVM,1.9285714285714286
ORIGINAL,3.642857142857143
BORDERLINE1,4.071428571428571
GEOMETRIC_SMOTE,4.071428571428571
SMOTE,4.142857142857143
BORDERLINE2,4.571428571428571
DELAUNAY,5.571428571428571
