index,0
SMOTE_SVM,2.5
BORDERLINE1,3.0714285714285716
SMOTE,3.857142857142857
GEOMETRIC_SMOTE,3.857142857142857
ORIGINAL,4.0
DELAUNAY,5.285714285714286
BORDERLINE2,5.428571428571429
