index,0
GEOMETRIC_SMOTE,3.2857142857142856
SMOTE,3.357142857142857
SMOTE_SVM,3.642857142857143
BORDERLINE1,3.7142857142857144
BORDERLINE2,4.0
DELAUNAY,4.142857142857143
ORIGINAL,5.857142857142857
