index,0
BORDERLINE1,2.2857142857142856
GEOMETRIC_SMOTE,3.142857142857143
SMOTE,3.5714285714285716
SMOTE_SVM,3.7142857142857144
BORDERLINE2,3.7142857142857144
ORIGINAL,5.285714285714286
DELAUNAY,6.285714285714286
