index,0
BORDERLINE1,2.4285714285714284
GEOMETRIC_SMOTE,3.0
SMOTE,3.5714285714285716
BORDERLINE2,3.857142857142857
SMOTE_SVM,4.0
DELAUNAY,5.142857142857143
ORIGINAL,6.0
