index,0
GEOMETRIC_SMOTE,3.142857142857143
SMOTE,3.357142857142857
SMOTE_SVM,3.5714285714285716
BORDERLINE1,3.7142857142857144
BORDERLINE2,3.9285714285714284
DELAUNAY,4.428571428571429
ORIGINAL,5.857142857142857
