index,0
ORIGINAL,2.357142857142857
BORDERLINE1,3.2857142857142856
SMOTE,3.642857142857143
SMOTE_SVM,3.7142857142857144
DELAUNAY,4.5
GEOMETRIC_SMOTE,5.214285714285714
BORDERLINE2,5.285714285714286
