index,0
GEOMETRIC_SMOTE,3.2857142857142856
SMOTE_SVM,3.5
SMOTE,3.642857142857143
BORDERLINE1,3.9285714285714284
BORDERLINE2,4.142857142857143
DELAUNAY,4.714285714285714
ORIGINAL,4.785714285714286
