index,0
SMOTE_SVM,2.2857142857142856
BORDERLINE1,2.9285714285714284
SMOTE,3.9285714285714284
GEOMETRIC_SMOTE,4.071428571428571
BORDERLINE2,4.357142857142857
ORIGINAL,5.071428571428571
DELAUNAY,5.357142857142857
