index,0
ORIGINAL,3.0
DELAUNAY,3.142857142857143
SMOTE,3.2857142857142856
BORDERLINE1,3.2857142857142856
SMOTE_SVM,4.142857142857143
BORDERLINE2,5.428571428571429
GEOMETRIC_SMOTE,5.714285714285714
