index,0
ORIGINAL,2.5
BORDERLINE1,3.142857142857143
SMOTE,3.2857142857142856
SMOTE_SVM,4.0
DELAUNAY,4.714285714285714
BORDERLINE2,4.928571428571429
GEOMETRIC_SMOTE,5.428571428571429
