index,0
SMOTE_SVM,2.4285714285714284
BORDERLINE1,2.9285714285714284
GEOMETRIC_SMOTE,4.071428571428571
SMOTE,4.142857142857143
BORDERLINE2,4.357142857142857
ORIGINAL,5.0
DELAUNAY,5.071428571428571
