index,0
DELAUNAY,2.2142857142857144
SMOTE,2.857142857142857
BORDERLINE1,3.9285714285714284
ORIGINAL,4.142857142857143
BORDERLINE2,4.428571428571429
SMOTE_SVM,4.5
GEOMETRIC_SMOTE,5.928571428571429
