index,0
SMOTE_SVM,2.5714285714285716
SMOTE,3.0714285714285716
BORDERLINE1,3.142857142857143
GEOMETRIC_SMOTE,3.5
BORDERLINE2,3.5714285714285716
DELAUNAY,6.0
ORIGINAL,6.142857142857143
