index,0
SMOTE_SVM,2.5
BORDERLINE1,3.0
SMOTE,3.642857142857143
GEOMETRIC_SMOTE,3.9285714285714284
ORIGINAL,4.785714285714286
BORDERLINE2,5.0
DELAUNAY,5.142857142857143
