index,0
BORDERLINE2,2.9285714285714284
GEOMETRIC_SMOTE,2.9285714285714284
SMOTE_SVM,3.0714285714285716
SMOTE,3.5714285714285716
BORDERLINE1,3.7142857142857144
DELAUNAY,5.214285714285714
ORIGINAL,6.571428571428571
