index,0
BORDERLINE2,2.7857142857142856
SMOTE_SVM,3.0714285714285716
GEOMETRIC_SMOTE,3.142857142857143
SMOTE,3.4285714285714284
BORDERLINE1,3.5714285714285716
DELAUNAY,5.357142857142857
ORIGINAL,6.642857142857143
