index,0
SMOTE_SVM,3.0714285714285716
DELAUNAY,3.357142857142857
BORDERLINE1,3.5
BORDERLINE2,3.857142857142857
GEOMETRIC_SMOTE,4.214285714285714
SMOTE,4.428571428571429
ORIGINAL,5.571428571428571
