index,0
SMOTE_SVM,2.2857142857142856
BORDERLINE1,3.357142857142857
SMOTE,3.5714285714285716
BORDERLINE2,4.071428571428571
GEOMETRIC_SMOTE,4.214285714285714
ORIGINAL,4.928571428571429
DELAUNAY,5.571428571428571
