index,0
SMOTE_SVM,2.9285714285714284
SMOTE,3.2857142857142856
DELAUNAY,3.5
BORDERLINE1,3.5714285714285716
BORDERLINE2,4.071428571428571
GEOMETRIC_SMOTE,5.071428571428571
ORIGINAL,5.571428571428571
