index,0
GEOMETRIC_SMOTE,2.642857142857143
DELAUNAY,3.142857142857143
BORDERLINE1,3.2857142857142856
SMOTE,3.7857142857142856
SMOTE_SVM,4.0
BORDERLINE2,4.571428571428571
ORIGINAL,6.571428571428571
