index,0
SMOTE_SVM,2.4285714285714284
ORIGINAL,3.5714285714285716
BORDERLINE1,3.857142857142857
SMOTE,4.142857142857143
BORDERLINE2,4.214285714285714
GEOMETRIC_SMOTE,4.428571428571429
DELAUNAY,5.357142857142857
