index,0
GEOMETRIC_SMOTE,3.2142857142857144
BORDERLINE2,3.2857142857142856
DELAUNAY,3.357142857142857
SMOTE_SVM,4.142857142857143
BORDERLINE1,4.142857142857143
SMOTE,4.285714285714286
ORIGINAL,5.571428571428571
