index,0
SMOTE,3.2857142857142856
BORDERLINE2,3.2857142857142856
SMOTE_SVM,3.4285714285714284
BORDERLINE1,3.5
GEOMETRIC_SMOTE,3.642857142857143
DELAUNAY,4.357142857142857
ORIGINAL,6.5
