index,0
SMOTE_SVM,2.5714285714285716
BORDERLINE1,3.642857142857143
GEOMETRIC_SMOTE,3.857142857142857
DELAUNAY,3.9285714285714284
SMOTE,4.357142857142857
ORIGINAL,4.571428571428571
BORDERLINE2,5.071428571428571
