index,0
GEOMETRIC_SMOTE,3.2142857142857144
SMOTE_SVM,3.4285714285714284
DELAUNAY,3.5
BORDERLINE2,4.0
BORDERLINE1,4.214285714285714
ORIGINAL,4.5
SMOTE,5.142857142857143
