index,0
ORIGINAL,2.7857142857142856
BORDERLINE1,3.4285714285714284
DELAUNAY,3.5
SMOTE,3.5714285714285716
SMOTE_SVM,4.071428571428571
BORDERLINE2,5.0
GEOMETRIC_SMOTE,5.642857142857143
