index,0
DELAUNAY,1.5
SMOTE,3.142857142857143
BORDERLINE1,4.0
ORIGINAL,4.142857142857143
BORDERLINE2,4.571428571428571
SMOTE_SVM,4.642857142857143
GEOMETRIC_SMOTE,6.0
