index,0
SMOTE_SVM,2.4285714285714284
BORDERLINE1,3.2142857142857144
GEOMETRIC_SMOTE,4.214285714285714
DELAUNAY,4.285714285714286
SMOTE,4.357142857142857
BORDERLINE2,4.5
ORIGINAL,5.0
