index,0
DELAUNAY,2.5714285714285716
SMOTE,2.9285714285714284
BORDERLINE1,3.7857142857142856
ORIGINAL,4.071428571428571
BORDERLINE2,4.357142857142857
SMOTE_SVM,4.428571428571429
GEOMETRIC_SMOTE,5.857142857142857
