index,0
SMOTE_SVM,3.0714285714285716
BORDERLINE1,3.2857142857142856
BORDERLINE2,3.5714285714285716
SMOTE,4.142857142857143
GEOMETRIC_SMOTE,4.214285714285714
ORIGINAL,4.857142857142857
DELAUNAY,4.857142857142857
