index,0
SMOTE_SVM,2.7857142857142856
BORDERLINE1,2.857142857142857
SMOTE,3.7857142857142856
GEOMETRIC_SMOTE,4.0
ORIGINAL,4.642857142857143
DELAUNAY,4.785714285714286
BORDERLINE2,5.142857142857143
