index,0
ORIGINAL,2.642857142857143
BORDERLINE1,3.2857142857142856
SMOTE,3.5714285714285716
DELAUNAY,3.857142857142857
SMOTE_SVM,4.142857142857143
BORDERLINE2,5.071428571428571
GEOMETRIC_SMOTE,5.428571428571429
