index,0
BORDERLINE2,3.2142857142857144
GEOMETRIC_SMOTE,3.4285714285714284
DELAUNAY,3.5714285714285716
SMOTE_SVM,4.0
BORDERLINE1,4.071428571428571
SMOTE,4.285714285714286
ORIGINAL,5.428571428571429
