index,0
BORDERLINE1,2.5714285714285716
GEOMETRIC_SMOTE,3.2857142857142856
SMOTE,3.5714285714285716
BORDERLINE2,3.857142857142857
SMOTE_SVM,4.285714285714286
DELAUNAY,4.857142857142857
ORIGINAL,5.571428571428571
