index,0
SMOTE_SVM,2.9285714285714284
BORDERLINE1,3.2857142857142856
BORDERLINE2,3.5
SMOTE,4.0
GEOMETRIC_SMOTE,4.142857142857143
ORIGINAL,5.071428571428571
DELAUNAY,5.071428571428571
