index,0
SMOTE,3.0
BORDERLINE1,3.0714285714285716
BORDERLINE2,3.142857142857143
SMOTE_SVM,3.357142857142857
GEOMETRIC_SMOTE,3.5714285714285716
DELAUNAY,5.571428571428571
ORIGINAL,6.285714285714286
