index,0
SMOTE_SVM,2.4285714285714284
SMOTE,3.357142857142857
BORDERLINE1,3.357142857142857
BORDERLINE2,4.071428571428571
GEOMETRIC_SMOTE,4.285714285714286
ORIGINAL,4.714285714285714
DELAUNAY,5.785714285714286
