index,0
SMOTE,2.5714285714285716
ORIGINAL,3.7142857142857144
BORDERLINE1,3.7857142857142856
DELAUNAY,3.9285714285714284
BORDERLINE2,4.142857142857143
SMOTE_SVM,4.214285714285714
GEOMETRIC_SMOTE,5.642857142857143
