index,0
SMOTE_SVM,2.7857142857142856
BORDERLINE2,2.7857142857142856
GEOMETRIC_SMOTE,2.9285714285714284
SMOTE,3.2857142857142856
BORDERLINE1,3.4285714285714284
DELAUNAY,6.214285714285714
ORIGINAL,6.571428571428571
