index,0
SMOTE_SVM,2.642857142857143
BORDERLINE1,3.642857142857143
SMOTE,3.7857142857142856
DELAUNAY,4.214285714285714
BORDERLINE2,4.357142857142857
GEOMETRIC_SMOTE,4.428571428571429
ORIGINAL,4.928571428571429
