index,0
GEOMETRIC_SMOTE,2.642857142857143
BORDERLINE1,3.0
BORDERLINE2,3.5
SMOTE,4.071428571428571
DELAUNAY,4.071428571428571
SMOTE_SVM,4.357142857142857
ORIGINAL,6.357142857142857
