index,0
BORDERLINE1,3.0
SMOTE,3.2857142857142856
SMOTE_SVM,3.4285714285714284
GEOMETRIC_SMOTE,3.5
BORDERLINE2,4.285714285714286
ORIGINAL,4.714285714285714
DELAUNAY,5.785714285714286
