index,0
SMOTE_SVM,2.7857142857142856
BORDERLINE1,3.0
SMOTE,3.2142857142857144
GEOMETRIC_SMOTE,3.357142857142857
BORDERLINE2,3.7142857142857144
ORIGINAL,5.357142857142857
DELAUNAY,6.571428571428571
