index,0
BORDERLINE1,2.4285714285714284
GEOMETRIC_SMOTE,3.142857142857143
SMOTE,3.4285714285714284
SMOTE_SVM,3.7142857142857144
BORDERLINE2,4.0
DELAUNAY,5.571428571428571
ORIGINAL,5.714285714285714
