index,0
SMOTE_SVM,3.142857142857143
BORDERLINE1,3.2857142857142856
BORDERLINE2,3.7857142857142856
SMOTE,4.142857142857143
GEOMETRIC_SMOTE,4.285714285714286
DELAUNAY,4.571428571428571
ORIGINAL,4.785714285714286
