index,0
ORIGINAL,2.5714285714285716
SMOTE,3.2857142857142856
BORDERLINE1,3.4285714285714284
SMOTE_SVM,3.857142857142857
DELAUNAY,4.714285714285714
BORDERLINE2,4.785714285714286
GEOMETRIC_SMOTE,5.357142857142857
