index,0
SMOTE_SVM,2.2857142857142856
BORDERLINE1,2.9285714285714284
SMOTE,3.7142857142857144
GEOMETRIC_SMOTE,3.9285714285714284
ORIGINAL,4.0
BORDERLINE2,5.571428571428571
DELAUNAY,5.571428571428571
