index,0
BORDERLINE1,2.5
ORIGINAL,3.642857142857143
SMOTE_SVM,3.642857142857143
SMOTE,4.142857142857143
GEOMETRIC_SMOTE,4.428571428571429
DELAUNAY,4.642857142857143
BORDERLINE2,5.0
