index,0
BORDERLINE1,2.857142857142857
GEOMETRIC_SMOTE,3.4285714285714284
SMOTE,3.642857142857143
SMOTE_SVM,3.857142857142857
ORIGINAL,4.0
BORDERLINE2,4.357142857142857
DELAUNAY,5.857142857142857
