index,0
DELAUNAY,2.642857142857143
SMOTE,2.7857142857142856
BORDERLINE1,3.9285714285714284
ORIGINAL,4.0
SMOTE_SVM,4.357142857142857
BORDERLINE2,4.357142857142857
GEOMETRIC_SMOTE,5.928571428571429
