index,0
SMOTE_SVM,2.2142857142857144
SMOTE,2.9285714285714284
GEOMETRIC_SMOTE,3.5
BORDERLINE1,4.714285714285714
DELAUNAY,4.785714285714286
BORDERLINE2,4.857142857142857
ORIGINAL,5.0
