index,0
DELAUNAY,2.9285714285714284
BORDERLINE2,3.2857142857142856
GEOMETRIC_SMOTE,3.4285714285714284
SMOTE_SVM,4.142857142857143
BORDERLINE1,4.214285714285714
SMOTE,4.357142857142857
ORIGINAL,5.642857142857143
