index,0
ORIGINAL,2.0
BORDERLINE1,3.0714285714285716
SMOTE_SVM,3.357142857142857
SMOTE,3.5714285714285716
GEOMETRIC_SMOTE,4.785714285714286
BORDERLINE2,5.214285714285714
DELAUNAY,6.0
