index,0
SMOTE_SVM,2.2857142857142856
BORDERLINE1,3.4285714285714284
GEOMETRIC_SMOTE,3.642857142857143
SMOTE,3.9285714285714284
ORIGINAL,4.642857142857143
BORDERLINE2,4.714285714285714
DELAUNAY,5.357142857142857
