index,0
SMOTE_SVM,1.9285714285714286
ORIGINAL,3.2142857142857144
BORDERLINE1,3.857142857142857
GEOMETRIC_SMOTE,4.0
SMOTE,4.5
BORDERLINE2,4.571428571428571
DELAUNAY,5.928571428571429
