index,0
SMOTE_SVM,3.142857142857143
BORDERLINE1,3.357142857142857
BORDERLINE2,3.642857142857143
SMOTE,4.142857142857143
GEOMETRIC_SMOTE,4.357142857142857
DELAUNAY,4.5
ORIGINAL,4.857142857142857
