index,0
SMOTE_SVM,2.9285714285714284
BORDERLINE1,3.2857142857142856
BORDERLINE2,3.5714285714285716
SMOTE,4.142857142857143
GEOMETRIC_SMOTE,4.142857142857143
DELAUNAY,4.714285714285714
ORIGINAL,5.214285714285714
