index,0
SMOTE_SVM,2.7857142857142856
BORDERLINE1,3.0
SMOTE,3.857142857142857
GEOMETRIC_SMOTE,4.0
DELAUNAY,4.428571428571429
ORIGINAL,4.785714285714286
BORDERLINE2,5.142857142857143
