index,0
BORDERLINE2,3.2857142857142856
SMOTE,3.4285714285714284
BORDERLINE1,3.4285714285714284
SMOTE_SVM,3.5714285714285716
GEOMETRIC_SMOTE,3.642857142857143
DELAUNAY,4.285714285714286
ORIGINAL,6.357142857142857
