index,0
BORDERLINE1,3.2857142857142856
GEOMETRIC_SMOTE,3.357142857142857
SMOTE,3.4285714285714284
SMOTE_SVM,3.5
ORIGINAL,4.642857142857143
BORDERLINE2,4.714285714285714
DELAUNAY,5.071428571428571
