index,0
SMOTE_SVM,2.642857142857143
BORDERLINE1,3.0
SMOTE,3.857142857142857
GEOMETRIC_SMOTE,4.0
DELAUNAY,4.428571428571429
ORIGINAL,4.928571428571429
BORDERLINE2,5.142857142857143
