index,0
ORIGINAL,2.0
BORDERLINE1,3.142857142857143
SMOTE_SVM,3.4285714285714284
SMOTE,3.5
GEOMETRIC_SMOTE,4.928571428571429
BORDERLINE2,5.214285714285714
DELAUNAY,5.785714285714286
