index,0
SMOTE_SVM,3.0714285714285716
BORDERLINE1,3.5
BORDERLINE2,3.642857142857143
DELAUNAY,3.642857142857143
SMOTE,4.357142857142857
GEOMETRIC_SMOTE,4.5
ORIGINAL,5.285714285714286
