index,0
SMOTE_SVM,2.642857142857143
SMOTE,2.7857142857142856
BORDERLINE1,3.2142857142857144
BORDERLINE2,3.642857142857143
GEOMETRIC_SMOTE,4.571428571428571
ORIGINAL,5.5
DELAUNAY,5.642857142857143
