index,0
SMOTE,2.7857142857142856
DELAUNAY,3.2142857142857144
BORDERLINE1,3.7857142857142856
ORIGINAL,3.9285714285714284
BORDERLINE2,4.214285714285714
SMOTE_SVM,4.285714285714286
GEOMETRIC_SMOTE,5.785714285714286
