index,0
SMOTE_SVM,2.142857142857143
BORDERLINE1,2.7857142857142856
SMOTE,3.7857142857142856
GEOMETRIC_SMOTE,3.7857142857142856
BORDERLINE2,4.142857142857143
ORIGINAL,4.571428571428571
DELAUNAY,6.785714285714286
