index,0
BORDERLINE1,2.142857142857143
SMOTE_SVM,3.5714285714285716
GEOMETRIC_SMOTE,3.9285714285714284
SMOTE,4.071428571428571
BORDERLINE2,4.071428571428571
ORIGINAL,4.857142857142857
DELAUNAY,5.357142857142857
