index,0
SMOTE_SVM,2.2142857142857144
BORDERLINE1,2.642857142857143
GEOMETRIC_SMOTE,3.857142857142857
SMOTE,3.9285714285714284
ORIGINAL,4.214285714285714
BORDERLINE2,5.285714285714286
DELAUNAY,5.857142857142857
