index,0
DELAUNAY,3.142857142857143
GEOMETRIC_SMOTE,3.4285714285714284
SMOTE,3.5
SMOTE_SVM,4.0
BORDERLINE1,4.0
BORDERLINE2,4.142857142857143
ORIGINAL,5.785714285714286
