index,0
BORDERLINE2,3.0714285714285716
GEOMETRIC_SMOTE,3.0714285714285716
SMOTE_SVM,3.642857142857143
BORDERLINE1,3.642857142857143
SMOTE,3.857142857142857
ORIGINAL,5.357142857142857
DELAUNAY,5.357142857142857
