index,0
SMOTE_SVM,2.7142857142857144
BORDERLINE2,2.857142857142857
SMOTE,3.2142857142857144
GEOMETRIC_SMOTE,3.2142857142857144
BORDERLINE1,3.7142857142857144
DELAUNAY,5.5
ORIGINAL,6.785714285714286
