index,0
ORIGINAL,2.4285714285714284
BORDERLINE1,3.142857142857143
SMOTE,3.2142857142857144
SMOTE_SVM,3.7857142857142856
BORDERLINE2,4.785714285714286
DELAUNAY,5.285714285714286
GEOMETRIC_SMOTE,5.357142857142857
