index,0
SMOTE_SVM,2.5714285714285716
BORDERLINE1,3.7142857142857144
GEOMETRIC_SMOTE,4.0
DELAUNAY,4.0
SMOTE,4.071428571428571
ORIGINAL,4.357142857142857
BORDERLINE2,5.285714285714286
