index,0
BORDERLINE2,2.9285714285714284
GEOMETRIC_SMOTE,3.142857142857143
BORDERLINE1,3.7142857142857144
SMOTE,3.9285714285714284
SMOTE_SVM,3.9285714285714284
DELAUNAY,4.928571428571429
ORIGINAL,5.428571428571429
