index,0
SMOTE_SVM,2.357142857142857
BORDERLINE1,2.5714285714285716
SMOTE,3.9285714285714284
GEOMETRIC_SMOTE,4.0
ORIGINAL,4.214285714285714
BORDERLINE2,5.357142857142857
DELAUNAY,5.571428571428571
