index,0
SMOTE_SVM,2.5714285714285716
BORDERLINE1,3.357142857142857
SMOTE,3.5714285714285716
BORDERLINE2,4.0
GEOMETRIC_SMOTE,4.357142857142857
ORIGINAL,4.928571428571429
DELAUNAY,5.214285714285714
