index,0
BORDERLINE1,3.142857142857143
SMOTE,3.2857142857142856
SMOTE_SVM,3.5
GEOMETRIC_SMOTE,3.5
ORIGINAL,4.571428571428571
BORDERLINE2,4.785714285714286
DELAUNAY,5.214285714285714
