index,0
SMOTE,3.0
BORDERLINE1,3.0714285714285716
BORDERLINE2,3.142857142857143
SMOTE_SVM,3.2857142857142856
GEOMETRIC_SMOTE,3.5
DELAUNAY,5.785714285714286
ORIGINAL,6.214285714285714
