index,0
SMOTE_SVM,1.9285714285714286
ORIGINAL,3.5
BORDERLINE1,3.9285714285714284
GEOMETRIC_SMOTE,3.9285714285714284
SMOTE,4.0
BORDERLINE2,4.357142857142857
DELAUNAY,6.357142857142857
