index,0
SMOTE_SVM,2.357142857142857
BORDERLINE1,3.4285714285714284
GEOMETRIC_SMOTE,3.7857142857142856
SMOTE,3.857142857142857
ORIGINAL,4.642857142857143
BORDERLINE2,4.857142857142857
DELAUNAY,5.071428571428571
