index,0
SMOTE_SVM,2.5
SMOTE,3.0714285714285716
BORDERLINE1,3.0714285714285716
GEOMETRIC_SMOTE,3.357142857142857
BORDERLINE2,3.4285714285714284
ORIGINAL,6.071428571428571
DELAUNAY,6.5
