index,0
SMOTE_SVM,2.857142857142857
SMOTE,3.142857142857143
BORDERLINE1,3.5
DELAUNAY,3.9285714285714284
BORDERLINE2,4.0
GEOMETRIC_SMOTE,5.0
ORIGINAL,5.571428571428571
