index,0
SMOTE_SVM,3.0
BORDERLINE1,3.2142857142857144
BORDERLINE2,3.357142857142857
SMOTE,4.071428571428571
GEOMETRIC_SMOTE,4.357142857142857
DELAUNAY,4.714285714285714
ORIGINAL,5.285714285714286
