index,0
BORDERLINE1,3.2857142857142856
GEOMETRIC_SMOTE,3.5
SMOTE,3.5714285714285716
SMOTE_SVM,3.642857142857143
DELAUNAY,4.571428571428571
ORIGINAL,4.714285714285714
BORDERLINE2,4.714285714285714
