index,0
GEOMETRIC_SMOTE,2.9285714285714284
BORDERLINE1,3.142857142857143
DELAUNAY,3.2857142857142856
BORDERLINE2,3.642857142857143
SMOTE,4.214285714285714
SMOTE_SVM,4.428571428571429
ORIGINAL,6.357142857142857
