index,0
SMOTE_SVM,3.0
DELAUNAY,3.142857142857143
SMOTE,3.2142857142857144
BORDERLINE1,3.642857142857143
BORDERLINE2,4.214285714285714
GEOMETRIC_SMOTE,5.142857142857143
ORIGINAL,5.642857142857143
