index,0
DELAUNAY,2.142857142857143
SMOTE_SVM,3.5
GEOMETRIC_SMOTE,3.642857142857143
BORDERLINE2,4.285714285714286
BORDERLINE1,4.5
ORIGINAL,4.571428571428571
SMOTE,5.357142857142857
