DATASET,ALGORITHM,ORIGINAL,RANK_ORIGINAL,SMOTE,RANK_SMOTE,SMOTE_SVM,RANK_SMOTE_SVM,BORDERLINE1,RANK_BORDERLINE1,BORDERLINE2,RANK_BORDERLINE2,GEOMETRIC_SMOTE,RANK_GEOMETRIC_SMOTE,DELAUNAY,RANK_DELAUNAY,DELAUNAY_TYPE,ALPHA,unit
contraceptive,RF,0.534,5.0,0.5379999999999999,2.5,0.528,7.0,0.5379999999999999,2.5,0.532,6.0,0.536,4.0,0.5459999999999999,1.0,aspect_ratio,7.0,REC
dermatology,RF,0.9420000000000001,5.0,0.9360000000000002,7.0,0.954,2.0,0.9540000000000001,2.0,0.954,2.0,0.95,4.0,0.938,6.0,aspect_ratio,7.0,REC
glass,RF,0.74,2.0,0.7340000000000001,4.0,0.752,1.0,0.7340000000000001,4.0,0.71,6.0,0.7340000000000001,4.0,0.6859999999999999,7.0,aspect_ratio,7.0,REC
new-thyroid,RF,0.972,1.0,0.966,3.0,0.964,4.0,0.968,2.0,0.958,5.0,0.95,7.0,0.9520000000000001,6.0,aspect_ratio,7.0,REC
penbased,RF,0.97,1.5,0.966,4.5,0.97,1.5,0.968,3.0,0.966,4.5,0.964,6.5,0.964,6.5,aspect_ratio,7.0,REC
thyroid,RF,0.97,5.0,0.9740000000000001,2.5,0.97,5.0,0.976,1.0,0.974,2.5,0.97,5.0,0.904,7.0,aspect_ratio,7.0,REC
wine,RF,0.954,4.5,0.954,4.5,0.958,3.0,0.96,2.0,0.948,6.0,0.964,1.0,0.936,7.0,aspect_ratio,7.0,REC
