index,0
SMOTE_SVM,3.0
BORDERLINE1,3.142857142857143
BORDERLINE2,3.5714285714285716
GEOMETRIC_SMOTE,4.0
SMOTE,4.071428571428571
DELAUNAY,5.071428571428571
ORIGINAL,5.142857142857143
