index,0
SMOTE_SVM,2.357142857142857
BORDERLINE1,2.5714285714285716
SMOTE,3.7857142857142856
GEOMETRIC_SMOTE,4.0
ORIGINAL,4.142857142857143
BORDERLINE2,5.071428571428571
DELAUNAY,6.071428571428571
