index,0
GEOMETRIC_SMOTE,2.5
BORDERLINE1,2.857142857142857
BORDERLINE2,3.5
DELAUNAY,3.7142857142857144
SMOTE,4.428571428571429
SMOTE_SVM,4.428571428571429
ORIGINAL,6.571428571428571
