index,0
GEOMETRIC_SMOTE,2.9285714285714284
DELAUNAY,3.2857142857142856
BORDERLINE1,3.642857142857143
SMOTE,3.7142857142857144
SMOTE_SVM,3.857142857142857
BORDERLINE2,4.357142857142857
ORIGINAL,6.214285714285714
