index,0
SMOTE_SVM,2.4285714285714284
BORDERLINE1,3.2142857142857144
SMOTE,4.214285714285714
GEOMETRIC_SMOTE,4.214285714285714
BORDERLINE2,4.357142857142857
ORIGINAL,4.714285714285714
DELAUNAY,4.857142857142857
