index,0
SMOTE_SVM,2.2857142857142856
BORDERLINE1,3.0714285714285716
SMOTE,4.214285714285714
GEOMETRIC_SMOTE,4.214285714285714
BORDERLINE2,4.285714285714286
ORIGINAL,4.785714285714286
DELAUNAY,5.142857142857143
