index,0
SMOTE_SVM,2.357142857142857
BORDERLINE1,2.7142857142857144
GEOMETRIC_SMOTE,3.857142857142857
SMOTE,3.9285714285714284
ORIGINAL,4.285714285714286
DELAUNAY,5.285714285714286
BORDERLINE2,5.571428571428571
