index,0
BORDERLINE1,2.2142857142857144
ORIGINAL,3.2857142857142856
SMOTE_SVM,3.2857142857142856
SMOTE,3.857142857142857
GEOMETRIC_SMOTE,4.214285714285714
BORDERLINE2,4.428571428571429
DELAUNAY,6.714285714285714
