index,0
ORIGINAL,2.5714285714285716
SMOTE,3.142857142857143
BORDERLINE1,3.142857142857143
SMOTE_SVM,3.5714285714285716
BORDERLINE2,4.642857142857143
DELAUNAY,5.428571428571429
GEOMETRIC_SMOTE,5.5
