index,0
BORDERLINE1,2.0
SMOTE_SVM,3.5
SMOTE,4.071428571428571
BORDERLINE2,4.142857142857143
GEOMETRIC_SMOTE,4.142857142857143
ORIGINAL,4.928571428571429
DELAUNAY,5.214285714285714
