index,0
SMOTE_SVM,2.357142857142857
ORIGINAL,3.642857142857143
BORDERLINE1,3.7142857142857144
SMOTE,4.142857142857143
BORDERLINE2,4.285714285714286
GEOMETRIC_SMOTE,4.285714285714286
DELAUNAY,5.571428571428571
