index,0
SMOTE_SVM,2.357142857142857
BORDERLINE1,3.7142857142857144
GEOMETRIC_SMOTE,3.857142857142857
SMOTE,3.9285714285714284
DELAUNAY,4.285714285714286
ORIGINAL,4.714285714285714
BORDERLINE2,5.142857142857143
