index,0
SMOTE_SVM,2.357142857142857
BORDERLINE1,3.7142857142857144
GEOMETRIC_SMOTE,3.7142857142857144
SMOTE,4.142857142857143
ORIGINAL,4.571428571428571
DELAUNAY,4.642857142857143
BORDERLINE2,4.857142857142857
