index,0
SMOTE_SVM,2.5
DELAUNAY,3.142857142857143
SMOTE,3.357142857142857
GEOMETRIC_SMOTE,3.7857142857142856
BORDERLINE1,5.0
ORIGINAL,5.071428571428571
BORDERLINE2,5.142857142857143
