index,0
ORIGINAL,2.857142857142857
BORDERLINE1,2.857142857142857
SMOTE,2.9285714285714284
SMOTE_SVM,3.857142857142857
BORDERLINE2,4.857142857142857
GEOMETRIC_SMOTE,5.142857142857143
DELAUNAY,5.5
