index,0
SMOTE_SVM,3.0
SMOTE,3.2142857142857144
DELAUNAY,3.357142857142857
BORDERLINE1,3.5714285714285716
BORDERLINE2,4.142857142857143
GEOMETRIC_SMOTE,5.071428571428571
ORIGINAL,5.642857142857143
