index,0
ORIGINAL,2.642857142857143
BORDERLINE1,3.2857142857142856
SMOTE,3.357142857142857
SMOTE_SVM,3.5714285714285716
BORDERLINE2,4.785714285714286
DELAUNAY,5.0
GEOMETRIC_SMOTE,5.357142857142857
