index,0
BORDERLINE1,2.5714285714285716
GEOMETRIC_SMOTE,3.2857142857142856
SMOTE,3.7857142857142856
BORDERLINE2,4.142857142857143
DELAUNAY,4.214285714285714
SMOTE_SVM,4.285714285714286
ORIGINAL,5.714285714285714
