index,0
SMOTE_SVM,2.5
BORDERLINE1,3.7142857142857144
GEOMETRIC_SMOTE,3.857142857142857
DELAUNAY,3.9285714285714284
SMOTE,4.214285714285714
ORIGINAL,4.642857142857143
BORDERLINE2,5.142857142857143
