index,0
GEOMETRIC_SMOTE,2.357142857142857
BORDERLINE1,2.857142857142857
BORDERLINE2,3.357142857142857
SMOTE,4.071428571428571
SMOTE_SVM,4.142857142857143
DELAUNAY,4.857142857142857
ORIGINAL,6.357142857142857
