index,0
SMOTE_SVM,2.2857142857142856
BORDERLINE1,3.2142857142857144
SMOTE,3.4285714285714284
BORDERLINE2,3.857142857142857
GEOMETRIC_SMOTE,4.0
ORIGINAL,4.857142857142857
DELAUNAY,6.357142857142857
