index,0
SMOTE_SVM,2.5714285714285716
ORIGINAL,3.5
BORDERLINE1,3.9285714285714284
SMOTE,4.357142857142857
DELAUNAY,4.428571428571429
GEOMETRIC_SMOTE,4.571428571428571
BORDERLINE2,4.642857142857143
