index,0
SMOTE_SVM,2.4285714285714284
BORDERLINE1,3.142857142857143
GEOMETRIC_SMOTE,4.142857142857143
SMOTE,4.357142857142857
DELAUNAY,4.357142857142857
BORDERLINE2,4.5
ORIGINAL,5.071428571428571
