index,0
SMOTE_SVM,2.5714285714285716
BORDERLINE1,3.5714285714285716
DELAUNAY,3.7857142857142856
GEOMETRIC_SMOTE,4.0
SMOTE,4.285714285714286
ORIGINAL,4.785714285714286
BORDERLINE2,5.0
