index,0
BORDERLINE2,3.0714285714285716
GEOMETRIC_SMOTE,3.2857142857142856
SMOTE,4.0
SMOTE_SVM,4.0
BORDERLINE1,4.071428571428571
DELAUNAY,4.071428571428571
ORIGINAL,5.5
