index,0
SMOTE_SVM,2.642857142857143
BORDERLINE1,2.7857142857142856
SMOTE,3.7857142857142856
GEOMETRIC_SMOTE,3.9285714285714284
ORIGINAL,4.714285714285714
BORDERLINE2,5.0
DELAUNAY,5.142857142857143
