index,0
SMOTE_SVM,1.9285714285714286
ORIGINAL,3.5
BORDERLINE1,3.7857142857142856
GEOMETRIC_SMOTE,3.7857142857142856
SMOTE,3.857142857142857
BORDERLINE2,4.285714285714286
DELAUNAY,6.857142857142857
