index,0
SMOTE_SVM,2.5
SMOTE,3.0714285714285716
BORDERLINE1,3.0714285714285716
BORDERLINE2,3.4285714285714284
GEOMETRIC_SMOTE,3.4285714285714284
DELAUNAY,6.214285714285714
ORIGINAL,6.285714285714286
