index,0
BORDERLINE1,2.142857142857143
SMOTE_SVM,3.5
SMOTE,3.857142857142857
GEOMETRIC_SMOTE,4.0
BORDERLINE2,4.142857142857143
ORIGINAL,4.642857142857143
DELAUNAY,5.714285714285714
