index,0
SMOTE,3.0
BORDERLINE2,3.0
BORDERLINE1,3.142857142857143
SMOTE_SVM,3.2142857142857144
GEOMETRIC_SMOTE,3.5
DELAUNAY,5.785714285714286
ORIGINAL,6.357142857142857
