index,0
SMOTE_SVM,2.2857142857142856
BORDERLINE1,2.9285714285714284
GEOMETRIC_SMOTE,3.7857142857142856
SMOTE,4.0
ORIGINAL,4.142857142857143
DELAUNAY,5.285714285714286
BORDERLINE2,5.571428571428571
