index,0
ORIGINAL,2.7142857142857144
DELAUNAY,3.357142857142857
BORDERLINE1,3.5
SMOTE,3.5714285714285716
SMOTE_SVM,4.0
BORDERLINE2,5.214285714285714
GEOMETRIC_SMOTE,5.642857142857143
