index,0
SMOTE_SVM,3.2142857142857144
BORDERLINE1,3.5
BORDERLINE2,3.7857142857142856
SMOTE,4.142857142857143
DELAUNAY,4.214285714285714
GEOMETRIC_SMOTE,4.285714285714286
ORIGINAL,4.857142857142857
