index,0
ORIGINAL,2.2857142857142856
BORDERLINE1,3.4285714285714284
SMOTE,3.7142857142857144
SMOTE_SVM,3.857142857142857
DELAUNAY,3.857142857142857
GEOMETRIC_SMOTE,5.357142857142857
BORDERLINE2,5.5
