index,0
SMOTE_SVM,2.9285714285714284
BORDERLINE1,3.0714285714285716
BORDERLINE2,3.5
SMOTE,3.9285714285714284
GEOMETRIC_SMOTE,4.071428571428571
ORIGINAL,4.857142857142857
DELAUNAY,5.642857142857143
