index,0
SMOTE_SVM,2.7857142857142856
BORDERLINE1,2.857142857142857
SMOTE,3.2857142857142856
GEOMETRIC_SMOTE,3.357142857142857
BORDERLINE2,3.7857142857142856
ORIGINAL,5.571428571428571
DELAUNAY,6.357142857142857
