index,0
DELAUNAY,2.857142857142857
SMOTE_SVM,3.4285714285714284
GEOMETRIC_SMOTE,3.5
BORDERLINE2,4.071428571428571
ORIGINAL,4.357142857142857
BORDERLINE1,4.357142857142857
SMOTE,5.428571428571429
