index,0
SMOTE_SVM,2.7857142857142856
BORDERLINE2,2.7857142857142856
SMOTE,3.0714285714285716
GEOMETRIC_SMOTE,3.2142857142857144
BORDERLINE1,3.7142857142857144
DELAUNAY,5.857142857142857
ORIGINAL,6.571428571428571
