index,0
ORIGINAL,2.2142857142857144
BORDERLINE1,3.2857142857142856
SMOTE,3.5
SMOTE_SVM,3.9285714285714284
DELAUNAY,4.285714285714286
GEOMETRIC_SMOTE,5.214285714285714
BORDERLINE2,5.571428571428571
