index,0
ORIGINAL,3.0
SMOTE,3.142857142857143
BORDERLINE1,3.142857142857143
DELAUNAY,3.857142857142857
SMOTE_SVM,4.142857142857143
BORDERLINE2,5.285714285714286
GEOMETRIC_SMOTE,5.428571428571429
