index,0
BORDERLINE2,2.7142857142857144
BORDERLINE1,2.857142857142857
SMOTE,3.357142857142857
GEOMETRIC_SMOTE,3.7142857142857144
SMOTE_SVM,3.9285714285714284
DELAUNAY,4.5
ORIGINAL,6.928571428571429
