index,0
SMOTE_SVM,2.2857142857142856
BORDERLINE1,2.642857142857143
SMOTE,3.857142857142857
GEOMETRIC_SMOTE,4.0
ORIGINAL,4.214285714285714
BORDERLINE2,5.428571428571429
DELAUNAY,5.571428571428571
