index,0
SMOTE,2.7142857142857144
DELAUNAY,2.7142857142857144
SMOTE_SVM,3.0
GEOMETRIC_SMOTE,3.357142857142857
BORDERLINE1,4.714285714285714
BORDERLINE2,4.928571428571429
ORIGINAL,6.571428571428571
