index,0
BORDERLINE1,2.0714285714285716
SMOTE_SVM,3.5
SMOTE,3.9285714285714284
GEOMETRIC_SMOTE,4.0
BORDERLINE2,4.071428571428571
ORIGINAL,4.857142857142857
DELAUNAY,5.571428571428571
