index,0
SMOTE_SVM,2.2857142857142856
BORDERLINE1,3.0
SMOTE,3.7142857142857144
ORIGINAL,4.0
GEOMETRIC_SMOTE,4.142857142857143
DELAUNAY,5.142857142857143
BORDERLINE2,5.714285714285714
