index,0
SMOTE,2.5714285714285716
BORDERLINE1,3.642857142857143
ORIGINAL,3.857142857142857
BORDERLINE2,4.0
DELAUNAY,4.071428571428571
SMOTE_SVM,4.214285714285714
GEOMETRIC_SMOTE,5.642857142857143
