index,0
SMOTE_SVM,3.0714285714285716
BORDERLINE2,3.0714285714285716
GEOMETRIC_SMOTE,3.2142857142857144
SMOTE,3.5714285714285716
BORDERLINE1,3.7142857142857144
DELAUNAY,4.714285714285714
ORIGINAL,6.642857142857143
