index,0
BORDERLINE2,3.0
GEOMETRIC_SMOTE,3.142857142857143
SMOTE_SVM,3.9285714285714284
BORDERLINE1,3.9285714285714284
SMOTE,4.0
DELAUNAY,4.571428571428571
ORIGINAL,5.428571428571429
