index,0
BORDERLINE2,3.0714285714285716
GEOMETRIC_SMOTE,3.142857142857143
BORDERLINE1,3.5714285714285716
SMOTE_SVM,3.7142857142857144
SMOTE,3.9285714285714284
DELAUNAY,5.142857142857143
ORIGINAL,5.428571428571429
