index,0
BORDERLINE1,2.2142857142857144
GEOMETRIC_SMOTE,3.4285714285714284
SMOTE,3.7142857142857144
BORDERLINE2,3.857142857142857
SMOTE_SVM,4.142857142857143
DELAUNAY,5.0
ORIGINAL,5.642857142857143
