index,0
SMOTE_SVM,2.5
BORDERLINE1,3.0
SMOTE,3.5714285714285716
GEOMETRIC_SMOTE,4.0
ORIGINAL,4.785714285714286
BORDERLINE2,4.928571428571429
DELAUNAY,5.214285714285714
