index,0
SMOTE_SVM,2.642857142857143
BORDERLINE2,2.7857142857142856
GEOMETRIC_SMOTE,3.0714285714285716
SMOTE,3.142857142857143
BORDERLINE1,3.7857142857142856
DELAUNAY,5.928571428571429
ORIGINAL,6.642857142857143
