index,0
ORIGINAL,2.2857142857142856
BORDERLINE1,3.2857142857142856
SMOTE,3.7142857142857144
SMOTE_SVM,3.7142857142857144
DELAUNAY,4.285714285714286
GEOMETRIC_SMOTE,5.214285714285714
BORDERLINE2,5.5
