index,0
SMOTE_SVM,2.5
BORDERLINE1,3.5
SMOTE,3.642857142857143
BORDERLINE2,4.142857142857143
GEOMETRIC_SMOTE,4.285714285714286
ORIGINAL,4.642857142857143
DELAUNAY,5.285714285714286
