index,0
SMOTE_SVM,2.5714285714285716
BORDERLINE1,3.0714285714285716
SMOTE,3.857142857142857
GEOMETRIC_SMOTE,3.9285714285714284
ORIGINAL,4.0
BORDERLINE2,5.285714285714286
DELAUNAY,5.285714285714286
