index,0
DELAUNAY,3.2142857142857144
BORDERLINE2,3.2857142857142856
GEOMETRIC_SMOTE,3.5
BORDERLINE1,4.0
SMOTE,4.142857142857143
SMOTE_SVM,4.214285714285714
ORIGINAL,5.642857142857143
