index,0
ORIGINAL,3.0
SMOTE,3.142857142857143
BORDERLINE1,3.142857142857143
DELAUNAY,3.7142857142857144
SMOTE_SVM,4.071428571428571
BORDERLINE2,5.285714285714286
GEOMETRIC_SMOTE,5.642857142857143
