index,0
SMOTE_SVM,2.5
BORDERLINE1,3.357142857142857
GEOMETRIC_SMOTE,3.857142857142857
SMOTE,4.142857142857143
DELAUNAY,4.428571428571429
BORDERLINE2,4.785714285714286
ORIGINAL,4.928571428571429
