index,0
ORIGINAL,2.7142857142857144
BORDERLINE1,3.4285714285714284
SMOTE,3.5714285714285716
DELAUNAY,3.857142857142857
SMOTE_SVM,3.9285714285714284
BORDERLINE2,5.142857142857143
GEOMETRIC_SMOTE,5.357142857142857
