index,0
ORIGINAL,2.857142857142857
BORDERLINE1,3.142857142857143
SMOTE,3.4285714285714284
DELAUNAY,3.7857142857142856
SMOTE_SVM,4.142857142857143
BORDERLINE2,5.142857142857143
GEOMETRIC_SMOTE,5.5
