index,0
SMOTE,2.5714285714285716
DELAUNAY,3.0
BORDERLINE1,3.7857142857142856
ORIGINAL,4.0
BORDERLINE2,4.285714285714286
SMOTE_SVM,4.5
GEOMETRIC_SMOTE,5.857142857142857
