index,0
SMOTE,2.7857142857142856
DELAUNAY,2.857142857142857
BORDERLINE1,3.857142857142857
ORIGINAL,4.142857142857143
BORDERLINE2,4.214285714285714
SMOTE_SVM,4.285714285714286
GEOMETRIC_SMOTE,5.857142857142857
