index,0
SMOTE_SVM,2.642857142857143
BORDERLINE1,3.142857142857143
DELAUNAY,3.642857142857143
SMOTE,3.9285714285714284
GEOMETRIC_SMOTE,4.285714285714286
ORIGINAL,4.928571428571429
BORDERLINE2,5.428571428571429
