index,0
SMOTE_SVM,2.7857142857142856
BORDERLINE1,2.857142857142857
SMOTE,3.2142857142857144
GEOMETRIC_SMOTE,3.357142857142857
BORDERLINE2,3.7142857142857144
ORIGINAL,5.5
DELAUNAY,6.571428571428571
