index,0
ORIGINAL,2.5714285714285716
SMOTE,3.142857142857143
BORDERLINE1,3.142857142857143
SMOTE_SVM,3.5714285714285716
BORDERLINE2,4.785714285714286
DELAUNAY,5.214285714285714
GEOMETRIC_SMOTE,5.571428571428571
