index,0
DELAUNAY,2.7142857142857144
BORDERLINE2,3.357142857142857
GEOMETRIC_SMOTE,3.357142857142857
SMOTE_SVM,4.214285714285714
BORDERLINE1,4.285714285714286
SMOTE,4.357142857142857
ORIGINAL,5.714285714285714
