index,0
SMOTE_SVM,3.0
GEOMETRIC_SMOTE,3.142857142857143
BORDERLINE2,3.7857142857142856
BORDERLINE1,4.0
ORIGINAL,4.214285714285714
DELAUNAY,4.785714285714286
SMOTE,5.071428571428571
