index,0
SMOTE_SVM,3.142857142857143
BORDERLINE1,3.2142857142857144
BORDERLINE2,3.642857142857143
SMOTE,4.142857142857143
DELAUNAY,4.142857142857143
GEOMETRIC_SMOTE,4.357142857142857
ORIGINAL,5.357142857142857
