index,0
SMOTE_SVM,2.4285714285714284
BORDERLINE1,3.4285714285714284
GEOMETRIC_SMOTE,3.7857142857142856
SMOTE,4.0
BORDERLINE2,4.571428571428571
ORIGINAL,4.714285714285714
DELAUNAY,5.071428571428571
