index,0
SMOTE_SVM,2.4285714285714284
BORDERLINE1,3.0714285714285716
SMOTE,3.7142857142857144
GEOMETRIC_SMOTE,3.9285714285714284
ORIGINAL,4.0
BORDERLINE2,5.428571428571429
DELAUNAY,5.428571428571429
