index,0
ORIGINAL,3.0
BORDERLINE1,3.0
SMOTE,3.2142857142857144
DELAUNAY,3.9285714285714284
SMOTE_SVM,4.142857142857143
BORDERLINE2,5.285714285714286
GEOMETRIC_SMOTE,5.428571428571429
