index,0
BORDERLINE2,2.7857142857142856
BORDERLINE1,3.0
SMOTE,3.4285714285714284
GEOMETRIC_SMOTE,3.642857142857143
SMOTE_SVM,4.071428571428571
DELAUNAY,4.285714285714286
ORIGINAL,6.785714285714286
