index,0
BORDERLINE1,2.857142857142857
SMOTE,3.5714285714285716
GEOMETRIC_SMOTE,3.7142857142857144
SMOTE_SVM,4.142857142857143
ORIGINAL,4.428571428571429
BORDERLINE2,4.5
DELAUNAY,4.785714285714286
