index,0
SMOTE,2.857142857142857
GEOMETRIC_SMOTE,3.0714285714285716
SMOTE_SVM,3.2142857142857144
DELAUNAY,3.357142857142857
BORDERLINE1,4.285714285714286
BORDERLINE2,4.642857142857143
ORIGINAL,6.571428571428571
