index,0
ORIGINAL,2.9285714285714284
BORDERLINE1,3.2857142857142856
SMOTE,3.5
DELAUNAY,3.857142857142857
SMOTE_SVM,4.142857142857143
BORDERLINE2,4.928571428571429
GEOMETRIC_SMOTE,5.357142857142857
