index,0
SMOTE_SVM,2.9285714285714284
SMOTE,3.0714285714285716
BORDERLINE1,3.5714285714285716
DELAUNAY,3.642857142857143
BORDERLINE2,4.214285714285714
GEOMETRIC_SMOTE,5.0
ORIGINAL,5.571428571428571
