index,0
SMOTE_SVM,2.357142857142857
SMOTE,3.2142857142857144
GEOMETRIC_SMOTE,3.7857142857142856
DELAUNAY,3.7857142857142856
BORDERLINE1,4.857142857142857
ORIGINAL,5.0
BORDERLINE2,5.0
