index,0
SMOTE_SVM,2.2142857142857144
BORDERLINE1,3.4285714285714284
GEOMETRIC_SMOTE,3.4285714285714284
SMOTE,3.7142857142857144
ORIGINAL,4.285714285714286
BORDERLINE2,4.785714285714286
DELAUNAY,6.142857142857143
