index,0
BORDERLINE2,3.142857142857143
SMOTE,3.357142857142857
SMOTE_SVM,3.4285714285714284
BORDERLINE1,3.4285714285714284
GEOMETRIC_SMOTE,3.7857142857142856
DELAUNAY,4.5
ORIGINAL,6.357142857142857
