index,0
SMOTE,2.857142857142857
ORIGINAL,2.9285714285714284
BORDERLINE1,3.2857142857142856
SMOTE_SVM,4.142857142857143
DELAUNAY,4.214285714285714
BORDERLINE2,5.142857142857143
GEOMETRIC_SMOTE,5.428571428571429
