index,0
SMOTE_SVM,2.5
BORDERLINE1,2.7857142857142856
DELAUNAY,4.0
SMOTE,4.214285714285714
GEOMETRIC_SMOTE,4.285714285714286
ORIGINAL,4.571428571428571
BORDERLINE2,5.642857142857143
