index,0
SMOTE_SVM,2.2857142857142856
BORDERLINE1,2.5
SMOTE,3.7857142857142856
GEOMETRIC_SMOTE,3.9285714285714284
ORIGINAL,4.071428571428571
BORDERLINE2,5.142857142857143
DELAUNAY,6.285714285714286
