index,0
BORDERLINE1,2.5714285714285716
GEOMETRIC_SMOTE,2.857142857142857
SMOTE,3.7142857142857144
SMOTE_SVM,4.0
BORDERLINE2,4.0
DELAUNAY,4.928571428571429
ORIGINAL,5.928571428571429
