index,0
SMOTE_SVM,2.5
BORDERLINE1,3.5
GEOMETRIC_SMOTE,3.857142857142857
SMOTE,4.071428571428571
DELAUNAY,4.285714285714286
BORDERLINE2,4.857142857142857
ORIGINAL,4.928571428571429
