index,0
SMOTE_SVM,2.357142857142857
BORDERLINE1,2.642857142857143
SMOTE,3.857142857142857
GEOMETRIC_SMOTE,4.0
ORIGINAL,4.214285714285714
DELAUNAY,5.357142857142857
BORDERLINE2,5.571428571428571
