index,0
BORDERLINE2,2.7857142857142856
BORDERLINE1,2.857142857142857
SMOTE,3.4285714285714284
GEOMETRIC_SMOTE,3.7142857142857144
SMOTE_SVM,4.071428571428571
DELAUNAY,4.214285714285714
ORIGINAL,6.928571428571429
