index,0
ORIGINAL,2.5714285714285716
BORDERLINE1,3.4285714285714284
SMOTE,3.7142857142857144
DELAUNAY,3.7142857142857144
SMOTE_SVM,3.9285714285714284
BORDERLINE2,5.142857142857143
GEOMETRIC_SMOTE,5.5
