index,0
SMOTE_SVM,2.2857142857142856
BORDERLINE1,2.857142857142857
SMOTE,3.857142857142857
ORIGINAL,4.0
GEOMETRIC_SMOTE,4.0
BORDERLINE2,5.428571428571429
DELAUNAY,5.571428571428571
