index,0
SMOTE,2.5714285714285716
BORDERLINE1,3.642857142857143
ORIGINAL,3.7857142857142856
SMOTE_SVM,4.071428571428571
BORDERLINE2,4.071428571428571
DELAUNAY,4.428571428571429
GEOMETRIC_SMOTE,5.428571428571429
