index,0
SMOTE_SVM,3.2142857142857144
GEOMETRIC_SMOTE,3.2142857142857144
BORDERLINE2,3.7142857142857144
BORDERLINE1,4.214285714285714
ORIGINAL,4.285714285714286
DELAUNAY,4.428571428571429
SMOTE,4.928571428571429
