index,0
SMOTE_SVM,2.0714285714285716
ORIGINAL,3.7857142857142856
BORDERLINE1,3.9285714285714284
GEOMETRIC_SMOTE,3.9285714285714284
SMOTE,4.285714285714286
BORDERLINE2,4.428571428571429
DELAUNAY,5.571428571428571
