index,0
SMOTE_SVM,3.2857142857142856
BORDERLINE1,3.357142857142857
BORDERLINE2,3.642857142857143
SMOTE,4.142857142857143
DELAUNAY,4.214285714285714
GEOMETRIC_SMOTE,4.428571428571429
ORIGINAL,4.928571428571429
