index,0
ORIGINAL,2.5
BORDERLINE1,3.0
SMOTE,3.142857142857143
SMOTE_SVM,3.7142857142857144
BORDERLINE2,4.642857142857143
GEOMETRIC_SMOTE,5.285714285714286
DELAUNAY,5.714285714285714
