index,0
GEOMETRIC_SMOTE,2.5
BORDERLINE1,2.857142857142857
BORDERLINE2,3.357142857142857
SMOTE,3.9285714285714284
SMOTE_SVM,4.357142857142857
DELAUNAY,4.5
ORIGINAL,6.5
