index,0
SMOTE_SVM,2.5
SMOTE,3.0714285714285716
BORDERLINE1,3.2142857142857144
BORDERLINE2,3.5714285714285716
GEOMETRIC_SMOTE,3.642857142857143
DELAUNAY,5.714285714285714
ORIGINAL,6.285714285714286
