index,0
SMOTE_SVM,2.7857142857142856
BORDERLINE1,2.9285714285714284
SMOTE,4.0
GEOMETRIC_SMOTE,4.0
ORIGINAL,4.642857142857143
DELAUNAY,4.642857142857143
BORDERLINE2,5.0
