index,0
ORIGINAL,2.5
BORDERLINE1,3.2857142857142856
DELAUNAY,3.7142857142857144
SMOTE,3.7857142857142856
SMOTE_SVM,3.7857142857142856
GEOMETRIC_SMOTE,5.357142857142857
BORDERLINE2,5.571428571428571
