index,0
SMOTE_SVM,3.2142857142857144
GEOMETRIC_SMOTE,3.2142857142857144
BORDERLINE2,3.857142857142857
BORDERLINE1,3.9285714285714284
DELAUNAY,3.9285714285714284
ORIGINAL,4.5
SMOTE,5.357142857142857
