index,0
BORDERLINE1,2.5
GEOMETRIC_SMOTE,3.142857142857143
SMOTE,3.7142857142857144
SMOTE_SVM,4.0
BORDERLINE2,4.0
DELAUNAY,4.857142857142857
ORIGINAL,5.785714285714286
