index,0
ORIGINAL,2.142857142857143
BORDERLINE1,3.2857142857142856
SMOTE,3.5714285714285716
SMOTE_SVM,3.7857142857142856
GEOMETRIC_SMOTE,4.928571428571429
DELAUNAY,4.928571428571429
BORDERLINE2,5.357142857142857
