index,0
SMOTE,2.7142857142857144
DELAUNAY,2.857142857142857
SMOTE_SVM,3.0
GEOMETRIC_SMOTE,3.5
BORDERLINE1,4.642857142857143
BORDERLINE2,4.785714285714286
ORIGINAL,6.5
