index,0
SMOTE_SVM,3.2142857142857144
BORDERLINE1,3.2142857142857144
BORDERLINE2,3.7857142857142856
SMOTE,4.0
DELAUNAY,4.285714285714286
GEOMETRIC_SMOTE,4.357142857142857
ORIGINAL,5.142857142857143
