index,0
SMOTE_SVM,3.2857142857142856
BORDERLINE1,3.5714285714285716
DELAUNAY,3.642857142857143
BORDERLINE2,3.857142857142857
SMOTE,4.285714285714286
GEOMETRIC_SMOTE,4.428571428571429
ORIGINAL,4.928571428571429
