index,0
ORIGINAL,2.9285714285714284
BORDERLINE1,3.2857142857142856
DELAUNAY,3.4285714285714284
SMOTE,3.5714285714285716
SMOTE_SVM,4.142857142857143
BORDERLINE2,4.928571428571429
GEOMETRIC_SMOTE,5.714285714285714
