index,0
BORDERLINE1,2.4285714285714284
GEOMETRIC_SMOTE,3.2857142857142856
SMOTE,4.0
BORDERLINE2,4.0
SMOTE_SVM,4.142857142857143
DELAUNAY,4.571428571428571
ORIGINAL,5.571428571428571
