index,0
BORDERLINE2,3.0714285714285716
GEOMETRIC_SMOTE,3.2142857142857144
SMOTE_SVM,3.9285714285714284
BORDERLINE1,3.9285714285714284
SMOTE,4.071428571428571
DELAUNAY,4.285714285714286
ORIGINAL,5.5
