index,0
SMOTE_SVM,3.2142857142857144
GEOMETRIC_SMOTE,3.5714285714285716
SMOTE,3.7857142857142856
DELAUNAY,3.9285714285714284
BORDERLINE1,4.0
BORDERLINE2,4.285714285714286
ORIGINAL,5.214285714285714
