index,0
GEOMETRIC_SMOTE,3.142857142857143
SMOTE_SVM,3.2857142857142856
BORDERLINE2,3.642857142857143
BORDERLINE1,4.214285714285714
DELAUNAY,4.285714285714286
ORIGINAL,4.357142857142857
SMOTE,5.071428571428571
