index,0
BORDERLINE1,3.0714285714285716
ORIGINAL,3.5
SMOTE,3.642857142857143
SMOTE_SVM,3.642857142857143
GEOMETRIC_SMOTE,3.857142857142857
BORDERLINE2,4.714285714285714
DELAUNAY,5.571428571428571
