index,0
SMOTE_SVM,2.5
BORDERLINE1,2.7857142857142856
GEOMETRIC_SMOTE,3.7142857142857144
SMOTE,3.7857142857142856
ORIGINAL,4.785714285714286
BORDERLINE2,5.071428571428571
DELAUNAY,5.357142857142857
