index,0
SMOTE_SVM,2.642857142857143
DELAUNAY,3.2142857142857144
BORDERLINE1,3.857142857142857
GEOMETRIC_SMOTE,4.071428571428571
SMOTE,4.214285714285714
ORIGINAL,4.714285714285714
BORDERLINE2,5.285714285714286
