index,0
SMOTE_SVM,2.5
SMOTE,3.5714285714285716
BORDERLINE1,3.642857142857143
BORDERLINE2,4.214285714285714
GEOMETRIC_SMOTE,4.357142857142857
DELAUNAY,4.714285714285714
ORIGINAL,5.0
