index,0
BORDERLINE2,2.9285714285714284
SMOTE_SVM,3.0714285714285716
GEOMETRIC_SMOTE,3.142857142857143
SMOTE,3.357142857142857
BORDERLINE1,3.5714285714285716
DELAUNAY,5.285714285714286
ORIGINAL,6.642857142857143
