index,0
ORIGINAL,2.857142857142857
SMOTE,3.0
BORDERLINE1,3.0
SMOTE_SVM,4.0
DELAUNAY,4.714285714285714
GEOMETRIC_SMOTE,5.142857142857143
BORDERLINE2,5.285714285714286
