index,0
DELAUNAY,3.0714285714285716
BORDERLINE2,3.357142857142857
GEOMETRIC_SMOTE,3.357142857142857
SMOTE_SVM,4.0
BORDERLINE1,4.214285714285714
SMOTE,4.357142857142857
ORIGINAL,5.642857142857143
