index,0
SMOTE_SVM,2.0714285714285716
ORIGINAL,3.2142857142857144
BORDERLINE1,3.9285714285714284
GEOMETRIC_SMOTE,4.071428571428571
SMOTE,4.428571428571429
BORDERLINE2,4.642857142857143
DELAUNAY,5.642857142857143
