index,0
SMOTE_SVM,2.5
BORDERLINE1,2.9285714285714284
SMOTE,3.7142857142857144
GEOMETRIC_SMOTE,3.9285714285714284
ORIGINAL,4.785714285714286
BORDERLINE2,5.0
DELAUNAY,5.142857142857143
