index,0
BORDERLINE1,2.0714285714285716
SMOTE_SVM,3.5
SMOTE,4.0
GEOMETRIC_SMOTE,4.0
BORDERLINE2,4.071428571428571
ORIGINAL,4.785714285714286
DELAUNAY,5.571428571428571
