index,0
SMOTE_SVM,2.5714285714285716
ORIGINAL,3.7857142857142856
BORDERLINE1,3.7857142857142856
SMOTE,4.285714285714286
BORDERLINE2,4.5
GEOMETRIC_SMOTE,4.5
DELAUNAY,4.571428571428571
