index,0
SMOTE,3.0714285714285716
ORIGINAL,3.142857142857143
BORDERLINE1,3.142857142857143
DELAUNAY,4.0
SMOTE_SVM,4.142857142857143
BORDERLINE2,5.214285714285714
GEOMETRIC_SMOTE,5.285714285714286
