index,0
SMOTE,2.7857142857142856
DELAUNAY,2.7857142857142856
SMOTE_SVM,3.0714285714285716
GEOMETRIC_SMOTE,3.357142857142857
BORDERLINE1,4.714285714285714
BORDERLINE2,4.714285714285714
ORIGINAL,6.571428571428571
