index,0
BORDERLINE1,3.0
GEOMETRIC_SMOTE,3.2142857142857144
SMOTE,3.2857142857142856
SMOTE_SVM,3.642857142857143
BORDERLINE2,4.285714285714286
ORIGINAL,4.428571428571429
DELAUNAY,6.142857142857143
