index,0
ORIGINAL,2.7142857142857144
BORDERLINE1,3.142857142857143
SMOTE,3.2857142857142856
SMOTE_SVM,3.7857142857142856
DELAUNAY,4.785714285714286
BORDERLINE2,4.857142857142857
GEOMETRIC_SMOTE,5.428571428571429
