index,0
GEOMETRIC_SMOTE,2.642857142857143
BORDERLINE1,3.0
BORDERLINE2,3.5714285714285716
DELAUNAY,3.7142857142857144
SMOTE,4.071428571428571
SMOTE_SVM,4.5
ORIGINAL,6.5
