index,0
SMOTE_SVM,3.0714285714285716
GEOMETRIC_SMOTE,3.5714285714285716
SMOTE,3.7142857142857144
BORDERLINE1,4.0
DELAUNAY,4.214285714285714
BORDERLINE2,4.285714285714286
ORIGINAL,5.142857142857143
