index,0
ORIGINAL,2.9285714285714284
DELAUNAY,3.142857142857143
BORDERLINE1,3.4285714285714284
SMOTE,3.7142857142857144
SMOTE_SVM,4.285714285714286
BORDERLINE2,4.928571428571429
GEOMETRIC_SMOTE,5.571428571428571
