index,0
SMOTE_SVM,3.0714285714285716
BORDERLINE1,3.0714285714285716
BORDERLINE2,3.4285714285714284
SMOTE,3.9285714285714284
GEOMETRIC_SMOTE,4.214285714285714
ORIGINAL,4.857142857142857
DELAUNAY,5.428571428571429
