index,0
SMOTE_SVM,3.0
BORDERLINE1,3.2857142857142856
BORDERLINE2,3.5
SMOTE,4.214285714285714
GEOMETRIC_SMOTE,4.285714285714286
DELAUNAY,4.5
ORIGINAL,5.214285714285714
