index,0
DELAUNAY,2.642857142857143
SMOTE,3.0
GEOMETRIC_SMOTE,3.4285714285714284
SMOTE_SVM,3.5
BORDERLINE2,4.642857142857143
BORDERLINE1,4.857142857142857
ORIGINAL,5.928571428571429
