index,0
DELAUNAY,2.5714285714285716
SMOTE,3.0
SMOTE_SVM,3.142857142857143
GEOMETRIC_SMOTE,3.142857142857143
BORDERLINE1,4.642857142857143
BORDERLINE2,4.928571428571429
ORIGINAL,6.571428571428571
