index,0
SMOTE_SVM,2.357142857142857
BORDERLINE1,3.4285714285714284
GEOMETRIC_SMOTE,3.857142857142857
SMOTE,4.142857142857143
ORIGINAL,4.571428571428571
DELAUNAY,4.785714285714286
BORDERLINE2,4.857142857142857
