index,0
SMOTE_SVM,2.2857142857142856
BORDERLINE1,2.5
SMOTE,3.857142857142857
GEOMETRIC_SMOTE,4.142857142857143
ORIGINAL,4.285714285714286
BORDERLINE2,5.357142857142857
DELAUNAY,5.571428571428571
