index,0
BORDERLINE1,2.4285714285714284
GEOMETRIC_SMOTE,3.4285714285714284
SMOTE,4.0
BORDERLINE2,4.0
SMOTE_SVM,4.071428571428571
DELAUNAY,4.357142857142857
ORIGINAL,5.714285714285714
