index,0
ORIGINAL,2.142857142857143
BORDERLINE1,3.4285714285714284
SMOTE,3.7142857142857144
SMOTE_SVM,3.857142857142857
DELAUNAY,4.428571428571429
GEOMETRIC_SMOTE,4.928571428571429
BORDERLINE2,5.5
