index,0
DELAUNAY,3.142857142857143
BORDERLINE2,3.2857142857142856
GEOMETRIC_SMOTE,3.2857142857142856
SMOTE_SVM,4.071428571428571
SMOTE,4.285714285714286
BORDERLINE1,4.285714285714286
ORIGINAL,5.642857142857143
