index,0
ORIGINAL,2.2857142857142856
BORDERLINE1,3.142857142857143
SMOTE,3.4285714285714284
SMOTE_SVM,3.5
GEOMETRIC_SMOTE,4.928571428571429
DELAUNAY,5.285714285714286
BORDERLINE2,5.428571428571429
