index,0
SMOTE_SVM,2.7142857142857144
ORIGINAL,3.9285714285714284
BORDERLINE1,4.0
DELAUNAY,4.071428571428571
SMOTE,4.285714285714286
BORDERLINE2,4.428571428571429
GEOMETRIC_SMOTE,4.571428571428571
