index,0
ORIGINAL,2.7142857142857144
BORDERLINE1,3.142857142857143
SMOTE,3.2857142857142856
SMOTE_SVM,3.857142857142857
DELAUNAY,4.642857142857143
BORDERLINE2,4.785714285714286
GEOMETRIC_SMOTE,5.571428571428571
