index,0
BORDERLINE1,2.857142857142857
GEOMETRIC_SMOTE,3.2857142857142856
DELAUNAY,3.857142857142857
SMOTE,4.0
SMOTE_SVM,4.142857142857143
BORDERLINE2,4.142857142857143
ORIGINAL,5.714285714285714
