index,0
ORIGINAL,2.2142857142857144
BORDERLINE1,3.0
SMOTE_SVM,3.4285714285714284
SMOTE,3.5
GEOMETRIC_SMOTE,4.785714285714286
BORDERLINE2,5.142857142857143
DELAUNAY,5.928571428571429
