index,0
SMOTE_SVM,2.4285714285714284
BORDERLINE1,3.0714285714285716
GEOMETRIC_SMOTE,3.7857142857142856
SMOTE,3.857142857142857
ORIGINAL,4.0
BORDERLINE2,5.428571428571429
DELAUNAY,5.428571428571429
