index,0
SMOTE_SVM,2.5714285714285716
BORDERLINE1,3.357142857142857
DELAUNAY,3.5714285714285716
SMOTE,4.357142857142857
GEOMETRIC_SMOTE,4.357142857142857
BORDERLINE2,4.642857142857143
ORIGINAL,5.142857142857143
