index,0
BORDERLINE1,2.357142857142857
GEOMETRIC_SMOTE,3.642857142857143
BORDERLINE2,3.7142857142857144
SMOTE,3.857142857142857
SMOTE_SVM,3.857142857142857
DELAUNAY,4.928571428571429
ORIGINAL,5.642857142857143
