index,0
SMOTE_SVM,3.0
BORDERLINE1,3.142857142857143
BORDERLINE2,3.5
SMOTE,3.857142857142857
GEOMETRIC_SMOTE,4.142857142857143
ORIGINAL,4.857142857142857
DELAUNAY,5.5
