index,0
SMOTE_SVM,2.5
BORDERLINE1,2.7857142857142856
SMOTE,4.0
GEOMETRIC_SMOTE,4.0
ORIGINAL,4.285714285714286
BORDERLINE2,5.214285714285714
DELAUNAY,5.214285714285714
