index,0
SMOTE_SVM,2.2142857142857144
BORDERLINE1,2.642857142857143
SMOTE,3.642857142857143
GEOMETRIC_SMOTE,4.0
ORIGINAL,4.285714285714286
BORDERLINE2,5.214285714285714
DELAUNAY,6.0
