index,0
SMOTE_SVM,3.357142857142857
GEOMETRIC_SMOTE,3.357142857142857
BORDERLINE2,3.7142857142857144
DELAUNAY,3.857142857142857
BORDERLINE1,4.285714285714286
ORIGINAL,4.357142857142857
SMOTE,5.071428571428571
