index,0
DELAUNAY,2.5
BORDERLINE2,3.4285714285714284
GEOMETRIC_SMOTE,3.4285714285714284
BORDERLINE1,4.214285714285714
SMOTE_SVM,4.285714285714286
SMOTE,4.428571428571429
ORIGINAL,5.714285714285714
