index,0
SMOTE_SVM,3.0
BORDERLINE1,3.0714285714285716
BORDERLINE2,3.357142857142857
SMOTE,4.071428571428571
GEOMETRIC_SMOTE,4.214285714285714
DELAUNAY,5.071428571428571
ORIGINAL,5.214285714285714
