index,0
SMOTE,3.0
BORDERLINE2,3.0
SMOTE_SVM,3.142857142857143
BORDERLINE1,3.142857142857143
GEOMETRIC_SMOTE,3.5714285714285716
DELAUNAY,5.785714285714286
ORIGINAL,6.357142857142857
