index,0
SMOTE_SVM,2.142857142857143
BORDERLINE1,2.7857142857142856
SMOTE,3.7857142857142856
GEOMETRIC_SMOTE,3.7857142857142856
BORDERLINE2,4.071428571428571
ORIGINAL,4.785714285714286
DELAUNAY,6.642857142857143
