index,0
SMOTE,2.857142857142857
DELAUNAY,2.9285714285714284
SMOTE_SVM,3.357142857142857
GEOMETRIC_SMOTE,3.357142857142857
BORDERLINE2,4.785714285714286
BORDERLINE1,4.928571428571429
ORIGINAL,5.785714285714286
