index,0
ORIGINAL,2.857142857142857
SMOTE,2.857142857142857
BORDERLINE1,2.857142857142857
SMOTE_SVM,3.7142857142857144
BORDERLINE2,5.0
GEOMETRIC_SMOTE,5.357142857142857
DELAUNAY,5.357142857142857
