index,0
SMOTE,2.857142857142857
DELAUNAY,3.0
BORDERLINE1,3.9285714285714284
ORIGINAL,4.0
BORDERLINE2,4.142857142857143
SMOTE_SVM,4.357142857142857
GEOMETRIC_SMOTE,5.714285714285714
