index,0
SMOTE_SVM,2.4285714285714284
BORDERLINE1,3.4285714285714284
GEOMETRIC_SMOTE,3.857142857142857
SMOTE,4.0
ORIGINAL,4.642857142857143
DELAUNAY,4.785714285714286
BORDERLINE2,4.857142857142857
