index,0
BORDERLINE2,3.0714285714285716
SMOTE,3.142857142857143
BORDERLINE1,3.142857142857143
SMOTE_SVM,3.357142857142857
GEOMETRIC_SMOTE,3.642857142857143
DELAUNAY,5.285714285714286
ORIGINAL,6.357142857142857
