index,0
SMOTE_SVM,2.2857142857142856
SMOTE,3.357142857142857
BORDERLINE1,3.357142857142857
BORDERLINE2,3.9285714285714284
GEOMETRIC_SMOTE,4.142857142857143
ORIGINAL,4.571428571428571
DELAUNAY,6.357142857142857
