index,0
DELAUNAY,2.7857142857142856
SMOTE,3.0
GEOMETRIC_SMOTE,3.2142857142857144
SMOTE_SVM,3.357142857142857
BORDERLINE1,4.357142857142857
BORDERLINE2,4.714285714285714
ORIGINAL,6.571428571428571
