index,0
SMOTE_SVM,2.5
BORDERLINE1,3.2142857142857144
SMOTE,4.214285714285714
GEOMETRIC_SMOTE,4.214285714285714
BORDERLINE2,4.428571428571429
DELAUNAY,4.571428571428571
ORIGINAL,4.857142857142857
