index,0
BORDERLINE1,2.2142857142857144
ORIGINAL,3.357142857142857
SMOTE_SVM,3.357142857142857
SMOTE,3.7142857142857144
GEOMETRIC_SMOTE,4.214285714285714
BORDERLINE2,4.571428571428571
DELAUNAY,6.571428571428571
