index,0
GEOMETRIC_SMOTE,2.357142857142857
BORDERLINE1,2.857142857142857
BORDERLINE2,3.5
SMOTE,4.214285714285714
DELAUNAY,4.357142857142857
SMOTE_SVM,4.428571428571429
ORIGINAL,6.285714285714286
