index,0
GEOMETRIC_SMOTE,2.857142857142857
BORDERLINE1,3.357142857142857
SMOTE,3.5
SMOTE_SVM,3.642857142857143
DELAUNAY,4.0
BORDERLINE2,4.5
ORIGINAL,6.142857142857143
