index,0
SMOTE_SVM,2.2857142857142856
SMOTE,3.4285714285714284
BORDERLINE1,3.4285714285714284
BORDERLINE2,4.0
GEOMETRIC_SMOTE,4.142857142857143
ORIGINAL,4.571428571428571
DELAUNAY,6.142857142857143
