index,0
SMOTE_SVM,2.142857142857143
BORDERLINE1,3.0714285714285716
SMOTE,4.071428571428571
GEOMETRIC_SMOTE,4.071428571428571
BORDERLINE2,4.357142857142857
ORIGINAL,4.928571428571429
DELAUNAY,5.357142857142857
