index,0
SMOTE_SVM,2.7142857142857144
SMOTE,3.2857142857142856
GEOMETRIC_SMOTE,3.4285714285714284
BORDERLINE2,4.214285714285714
BORDERLINE1,4.642857142857143
ORIGINAL,4.857142857142857
DELAUNAY,4.857142857142857
