index,0
BORDERLINE1,3.0
GEOMETRIC_SMOTE,3.2142857142857144
SMOTE,3.2857142857142856
SMOTE_SVM,3.5
BORDERLINE2,4.571428571428571
ORIGINAL,4.714285714285714
DELAUNAY,5.714285714285714
