index,0
SMOTE_SVM,2.2857142857142856
BORDERLINE1,3.2857142857142856
GEOMETRIC_SMOTE,3.7142857142857144
SMOTE,4.142857142857143
ORIGINAL,4.785714285714286
BORDERLINE2,4.785714285714286
DELAUNAY,5.0
