index,0
BORDERLINE1,2.5714285714285716
SMOTE_SVM,3.5714285714285716
ORIGINAL,3.7142857142857144
SMOTE,4.214285714285714
DELAUNAY,4.285714285714286
GEOMETRIC_SMOTE,4.785714285714286
BORDERLINE2,4.857142857142857
