index,0
SMOTE_SVM,2.9285714285714284
BORDERLINE1,3.142857142857143
BORDERLINE2,3.5
SMOTE,3.9285714285714284
GEOMETRIC_SMOTE,4.142857142857143
ORIGINAL,4.857142857142857
DELAUNAY,5.5
