index,0
SMOTE_SVM,3.0714285714285716
GEOMETRIC_SMOTE,3.357142857142857
BORDERLINE2,3.7857142857142856
BORDERLINE1,4.0
ORIGINAL,4.142857142857143
DELAUNAY,4.642857142857143
SMOTE,5.0
