index,0
DELAUNAY,1.8571428571428572
BORDERLINE2,3.4285714285714284
GEOMETRIC_SMOTE,3.5714285714285716
BORDERLINE1,4.357142857142857
SMOTE_SVM,4.428571428571429
SMOTE,4.571428571428571
ORIGINAL,5.785714285714286
