index,0
SMOTE,2.7857142857142856
DELAUNAY,2.9285714285714284
SMOTE_SVM,3.0714285714285716
GEOMETRIC_SMOTE,3.357142857142857
BORDERLINE1,4.571428571428571
BORDERLINE2,4.785714285714286
ORIGINAL,6.5
