index,0
SMOTE_SVM,2.7857142857142856
BORDERLINE1,3.4285714285714284
BORDERLINE2,3.4285714285714284
SMOTE,4.0
GEOMETRIC_SMOTE,4.142857142857143
DELAUNAY,5.0
ORIGINAL,5.214285714285714
