index,0
ORIGINAL,2.7142857142857144
SMOTE,3.2142857142857144
BORDERLINE1,3.5714285714285716
SMOTE_SVM,3.857142857142857
DELAUNAY,4.285714285714286
BORDERLINE2,4.928571428571429
GEOMETRIC_SMOTE,5.428571428571429
