index,0
ORIGINAL,2.5714285714285716
BORDERLINE1,3.142857142857143
SMOTE,3.4285714285714284
SMOTE_SVM,3.9285714285714284
DELAUNAY,4.571428571428571
BORDERLINE2,5.0
GEOMETRIC_SMOTE,5.357142857142857
