index,0
SMOTE_SVM,2.642857142857143
DELAUNAY,3.5714285714285716
BORDERLINE1,3.7142857142857144
SMOTE,4.071428571428571
GEOMETRIC_SMOTE,4.142857142857143
ORIGINAL,4.571428571428571
BORDERLINE2,5.285714285714286
