index,0
DELAUNAY,2.642857142857143
SMOTE,3.0714285714285716
GEOMETRIC_SMOTE,3.2142857142857144
SMOTE_SVM,3.357142857142857
BORDERLINE1,4.357142857142857
BORDERLINE2,4.785714285714286
ORIGINAL,6.571428571428571
