index,0
SMOTE,2.7142857142857144
DELAUNAY,3.4285714285714284
BORDERLINE1,3.7857142857142856
ORIGINAL,3.857142857142857
SMOTE_SVM,4.214285714285714
BORDERLINE2,4.285714285714286
GEOMETRIC_SMOTE,5.714285714285714
