index,0
SMOTE_SVM,2.2142857142857144
BORDERLINE1,3.4285714285714284
GEOMETRIC_SMOTE,3.7142857142857144
SMOTE,3.7857142857142856
ORIGINAL,4.428571428571429
BORDERLINE2,4.857142857142857
DELAUNAY,5.571428571428571
