index,0
DELAUNAY,2.9285714285714284
SMOTE_SVM,3.0714285714285716
SMOTE,3.2857142857142856
BORDERLINE1,3.642857142857143
BORDERLINE2,4.214285714285714
GEOMETRIC_SMOTE,5.142857142857143
ORIGINAL,5.714285714285714
