index,0
ORIGINAL,3.0
SMOTE,3.0
BORDERLINE1,3.0
SMOTE_SVM,3.857142857142857
DELAUNAY,4.857142857142857
BORDERLINE2,5.0
GEOMETRIC_SMOTE,5.285714285714286
