index,0
DELAUNAY,2.4285714285714284
BORDERLINE2,3.357142857142857
GEOMETRIC_SMOTE,3.4285714285714284
SMOTE,4.357142857142857
SMOTE_SVM,4.357142857142857
BORDERLINE1,4.357142857142857
ORIGINAL,5.714285714285714
