index,0
SMOTE_SVM,2.4285714285714284
BORDERLINE1,3.0
ORIGINAL,3.857142857142857
SMOTE,3.857142857142857
GEOMETRIC_SMOTE,3.9285714285714284
BORDERLINE2,5.285714285714286
DELAUNAY,5.642857142857143
