index,0
BORDERLINE1,2.142857142857143
SMOTE_SVM,2.9285714285714284
ORIGINAL,4.071428571428571
SMOTE,4.071428571428571
BORDERLINE2,4.071428571428571
GEOMETRIC_SMOTE,4.642857142857143
DELAUNAY,6.071428571428571
