index,0
GEOMETRIC_SMOTE,3.2142857142857144
SMOTE_SVM,3.4285714285714284
DELAUNAY,3.4285714285714284
BORDERLINE2,4.071428571428571
BORDERLINE1,4.214285714285714
ORIGINAL,4.428571428571429
SMOTE,5.214285714285714
