index,0
BORDERLINE2,3.0714285714285716
GEOMETRIC_SMOTE,3.2142857142857144
BORDERLINE1,3.9285714285714284
DELAUNAY,4.0
SMOTE,4.071428571428571
SMOTE_SVM,4.142857142857143
ORIGINAL,5.571428571428571
