index,0
SMOTE_SVM,2.357142857142857
BORDERLINE1,3.5
GEOMETRIC_SMOTE,3.7857142857142856
SMOTE,4.0
DELAUNAY,4.357142857142857
ORIGINAL,4.928571428571429
BORDERLINE2,5.071428571428571
