index,0
BORDERLINE1,2.2142857142857144
GEOMETRIC_SMOTE,3.357142857142857
BORDERLINE2,3.4285714285714284
SMOTE,3.7142857142857144
SMOTE_SVM,4.0
ORIGINAL,5.428571428571429
DELAUNAY,5.857142857142857
