index,0
SMOTE_SVM,3.2142857142857144
BORDERLINE1,3.5714285714285716
DELAUNAY,3.642857142857143
BORDERLINE2,3.7857142857142856
SMOTE,4.357142857142857
GEOMETRIC_SMOTE,4.428571428571429
ORIGINAL,5.0
