index,0
SMOTE_SVM,2.642857142857143
DELAUNAY,3.2142857142857144
BORDERLINE1,3.7142857142857144
GEOMETRIC_SMOTE,4.0
SMOTE,4.357142857142857
ORIGINAL,4.857142857142857
BORDERLINE2,5.214285714285714
