index,0
SMOTE_SVM,2.357142857142857
BORDERLINE1,2.642857142857143
SMOTE,3.9285714285714284
GEOMETRIC_SMOTE,3.9285714285714284
ORIGINAL,4.285714285714286
BORDERLINE2,5.428571428571429
DELAUNAY,5.428571428571429
