index,0
BORDERLINE1,2.357142857142857
SMOTE_SVM,3.357142857142857
ORIGINAL,3.4285714285714284
SMOTE,3.9285714285714284
GEOMETRIC_SMOTE,4.571428571428571
BORDERLINE2,4.714285714285714
DELAUNAY,5.642857142857143
