index,0
SMOTE_SVM,3.0714285714285716
BORDERLINE1,3.2857142857142856
BORDERLINE2,3.642857142857143
SMOTE,4.071428571428571
GEOMETRIC_SMOTE,4.285714285714286
DELAUNAY,4.785714285714286
ORIGINAL,4.857142857142857
