index,0
BORDERLINE1,2.2142857142857144
ORIGINAL,3.357142857142857
SMOTE_SVM,3.357142857142857
SMOTE,3.857142857142857
GEOMETRIC_SMOTE,4.285714285714286
BORDERLINE2,4.642857142857143
DELAUNAY,6.285714285714286
