index,0
SMOTE_SVM,2.357142857142857
BORDERLINE1,2.857142857142857
SMOTE,3.5
GEOMETRIC_SMOTE,3.7142857142857144
ORIGINAL,4.642857142857143
BORDERLINE2,5.0
DELAUNAY,5.928571428571429
