index,0
SMOTE_SVM,2.2857142857142856
BORDERLINE1,3.142857142857143
GEOMETRIC_SMOTE,4.285714285714286
SMOTE,4.357142857142857
BORDERLINE2,4.428571428571429
DELAUNAY,4.571428571428571
ORIGINAL,4.928571428571429
