index,0
BORDERLINE2,3.142857142857143
GEOMETRIC_SMOTE,3.2142857142857144
DELAUNAY,4.0
SMOTE,4.071428571428571
SMOTE_SVM,4.071428571428571
BORDERLINE1,4.071428571428571
ORIGINAL,5.428571428571429
