index,0
BORDERLINE2,2.857142857142857
SMOTE_SVM,3.0
GEOMETRIC_SMOTE,3.2142857142857144
SMOTE,3.357142857142857
BORDERLINE1,3.5
DELAUNAY,5.357142857142857
ORIGINAL,6.714285714285714
