index,0
BORDERLINE1,3.0
ORIGINAL,3.142857142857143
SMOTE,3.142857142857143
DELAUNAY,3.857142857142857
SMOTE_SVM,4.0
BORDERLINE2,5.285714285714286
GEOMETRIC_SMOTE,5.571428571428571
