index,0
SMOTE_SVM,2.4285714285714284
BORDERLINE1,2.9285714285714284
GEOMETRIC_SMOTE,3.857142857142857
SMOTE,4.0
ORIGINAL,4.214285714285714
DELAUNAY,4.785714285714286
BORDERLINE2,5.785714285714286
