index,0
GEOMETRIC_SMOTE,2.5714285714285716
BORDERLINE1,3.2857142857142856
DELAUNAY,3.4285714285714284
SMOTE,3.7142857142857144
SMOTE_SVM,3.9285714285714284
BORDERLINE2,4.571428571428571
ORIGINAL,6.5
