index,0
SMOTE,2.857142857142857
SMOTE_SVM,3.2142857142857144
GEOMETRIC_SMOTE,3.2857142857142856
DELAUNAY,3.7142857142857144
BORDERLINE2,4.5
BORDERLINE1,4.642857142857143
ORIGINAL,5.785714285714286
