index,0
BORDERLINE1,3.2857142857142856
SMOTE,3.4285714285714284
SMOTE_SVM,3.5
GEOMETRIC_SMOTE,3.5
BORDERLINE2,4.714285714285714
DELAUNAY,4.714285714285714
ORIGINAL,4.857142857142857
