index,0
BORDERLINE1,3.142857142857143
SMOTE,3.5714285714285716
SMOTE_SVM,3.642857142857143
GEOMETRIC_SMOTE,3.642857142857143
DELAUNAY,4.5
ORIGINAL,4.714285714285714
BORDERLINE2,4.785714285714286
