index,0
SMOTE,2.5714285714285716
DELAUNAY,3.5
BORDERLINE1,3.7857142857142856
ORIGINAL,4.0
BORDERLINE2,4.142857142857143
SMOTE_SVM,4.214285714285714
GEOMETRIC_SMOTE,5.785714285714286
