index,0
BORDERLINE1,2.2857142857142856
GEOMETRIC_SMOTE,3.0
SMOTE,3.5714285714285716
SMOTE_SVM,4.0
BORDERLINE2,4.0
DELAUNAY,5.428571428571429
ORIGINAL,5.714285714285714
