index,0
DELAUNAY,2.9285714285714284
SMOTE_SVM,3.0
SMOTE,3.2857142857142856
BORDERLINE1,3.7857142857142856
BORDERLINE2,4.285714285714286
GEOMETRIC_SMOTE,5.142857142857143
ORIGINAL,5.571428571428571
