index,0
ORIGINAL,2.0
BORDERLINE1,3.142857142857143
SMOTE_SVM,3.4285714285714284
SMOTE,3.5
GEOMETRIC_SMOTE,4.857142857142857
BORDERLINE2,5.357142857142857
DELAUNAY,5.714285714285714
