index,0
BORDERLINE1,2.4285714285714284
SMOTE_SVM,3.5
ORIGINAL,3.642857142857143
SMOTE,4.071428571428571
GEOMETRIC_SMOTE,4.571428571428571
BORDERLINE2,4.857142857142857
DELAUNAY,4.928571428571429
