index,0
DELAUNAY,2.642857142857143
BORDERLINE2,3.357142857142857
GEOMETRIC_SMOTE,3.5
BORDERLINE1,4.214285714285714
SMOTE_SVM,4.285714285714286
SMOTE,4.357142857142857
ORIGINAL,5.642857142857143
