index,0
DELAUNAY,2.357142857142857
BORDERLINE2,3.4285714285714284
GEOMETRIC_SMOTE,3.642857142857143
SMOTE_SVM,4.285714285714286
BORDERLINE1,4.285714285714286
SMOTE,4.357142857142857
ORIGINAL,5.642857142857143
