index,0
SMOTE_SVM,3.2142857142857144
GEOMETRIC_SMOTE,3.5714285714285716
SMOTE,3.7142857142857144
BORDERLINE1,4.0
DELAUNAY,4.142857142857143
BORDERLINE2,4.285714285714286
ORIGINAL,5.071428571428571
