index,0
BORDERLINE1,3.0
GEOMETRIC_SMOTE,3.5714285714285716
SMOTE,3.642857142857143
SMOTE_SVM,4.0
ORIGINAL,4.142857142857143
BORDERLINE2,4.357142857142857
DELAUNAY,5.285714285714286
