index,0
SMOTE_SVM,2.357142857142857
BORDERLINE1,2.5
SMOTE,3.9285714285714284
GEOMETRIC_SMOTE,4.0
ORIGINAL,4.285714285714286
BORDERLINE2,5.357142857142857
DELAUNAY,5.571428571428571
