index,0
ORIGINAL,2.5714285714285716
BORDERLINE1,3.0714285714285716
SMOTE,3.2142857142857144
SMOTE_SVM,3.642857142857143
BORDERLINE2,4.785714285714286
GEOMETRIC_SMOTE,5.142857142857143
DELAUNAY,5.571428571428571
