index,0
SMOTE_SVM,2.4285714285714284
BORDERLINE1,3.7142857142857144
GEOMETRIC_SMOTE,3.857142857142857
SMOTE,4.071428571428571
DELAUNAY,4.357142857142857
ORIGINAL,4.571428571428571
BORDERLINE2,5.0
