index,0
SMOTE_SVM,2.642857142857143
DELAUNAY,3.2142857142857144
BORDERLINE1,3.5714285714285716
GEOMETRIC_SMOTE,4.0
SMOTE,4.571428571428571
BORDERLINE2,4.928571428571429
ORIGINAL,5.071428571428571
