index,0
BORDERLINE2,3.2142857142857144
DELAUNAY,3.2142857142857144
GEOMETRIC_SMOTE,3.357142857142857
SMOTE,4.214285714285714
SMOTE_SVM,4.214285714285714
BORDERLINE1,4.214285714285714
ORIGINAL,5.571428571428571
