index,0
SMOTE_SVM,2.5
BORDERLINE1,3.5714285714285716
GEOMETRIC_SMOTE,3.857142857142857
SMOTE,4.071428571428571
DELAUNAY,4.571428571428571
BORDERLINE2,4.642857142857143
ORIGINAL,4.785714285714286
