index,0
SMOTE,2.642857142857143
BORDERLINE1,3.642857142857143
ORIGINAL,3.7857142857142856
DELAUNAY,3.857142857142857
SMOTE_SVM,4.142857142857143
BORDERLINE2,4.214285714285714
GEOMETRIC_SMOTE,5.714285714285714
