index,0
BORDERLINE2,2.7142857142857144
BORDERLINE1,3.0
SMOTE,3.357142857142857
GEOMETRIC_SMOTE,3.7142857142857144
SMOTE_SVM,4.071428571428571
DELAUNAY,4.142857142857143
ORIGINAL,7.0
