index,0
BORDERLINE1,3.0
GEOMETRIC_SMOTE,3.357142857142857
SMOTE,3.4285714285714284
SMOTE_SVM,3.5
BORDERLINE2,4.571428571428571
ORIGINAL,4.714285714285714
DELAUNAY,5.428571428571429
