index,0
ORIGINAL,2.2857142857142856
BORDERLINE1,3.2857142857142856
SMOTE,3.5714285714285716
SMOTE_SVM,3.7857142857142856
GEOMETRIC_SMOTE,4.785714285714286
DELAUNAY,4.857142857142857
BORDERLINE2,5.428571428571429
