index,0
BORDERLINE2,3.0714285714285716
GEOMETRIC_SMOTE,3.142857142857143
SMOTE_SVM,3.7142857142857144
BORDERLINE1,3.7857142857142856
SMOTE,4.0
DELAUNAY,4.857142857142857
ORIGINAL,5.428571428571429
