index,0
BORDERLINE1,2.2142857142857144
SMOTE_SVM,3.5714285714285716
GEOMETRIC_SMOTE,3.9285714285714284
SMOTE,4.142857142857143
BORDERLINE2,4.214285714285714
ORIGINAL,4.857142857142857
DELAUNAY,5.071428571428571
