index,0
DELAUNAY,2.857142857142857
SMOTE,3.5
GEOMETRIC_SMOTE,3.5714285714285716
SMOTE_SVM,4.0
BORDERLINE1,4.142857142857143
BORDERLINE2,4.142857142857143
ORIGINAL,5.785714285714286
