index,0
SMOTE_SVM,2.2142857142857144
BORDERLINE1,3.4285714285714284
GEOMETRIC_SMOTE,3.5714285714285716
SMOTE,3.7857142857142856
ORIGINAL,4.142857142857143
BORDERLINE2,4.857142857142857
DELAUNAY,6.0
