index,0
SMOTE_SVM,2.2857142857142856
BORDERLINE1,3.0
GEOMETRIC_SMOTE,4.214285714285714
SMOTE,4.285714285714286
BORDERLINE2,4.428571428571429
ORIGINAL,4.785714285714286
DELAUNAY,5.0
