index,0
GEOMETRIC_SMOTE,2.7142857142857144
DELAUNAY,2.7857142857142856
BORDERLINE1,3.357142857142857
SMOTE,3.7857142857142856
SMOTE_SVM,4.142857142857143
BORDERLINE2,4.714285714285714
ORIGINAL,6.5
