index,0
SMOTE_SVM,2.357142857142857
BORDERLINE1,2.7857142857142856
SMOTE,4.071428571428571
GEOMETRIC_SMOTE,4.142857142857143
ORIGINAL,4.428571428571429
DELAUNAY,4.714285714285714
BORDERLINE2,5.5
