index,0
BORDERLINE1,2.4285714285714284
GEOMETRIC_SMOTE,3.142857142857143
SMOTE,3.4285714285714284
SMOTE_SVM,4.142857142857143
BORDERLINE2,4.142857142857143
DELAUNAY,4.714285714285714
ORIGINAL,6.0
