index,0
SMOTE_SVM,2.9285714285714284
BORDERLINE1,3.0
DELAUNAY,3.7857142857142856
GEOMETRIC_SMOTE,4.0
SMOTE,4.142857142857143
ORIGINAL,5.0
BORDERLINE2,5.142857142857143
