index,0
BORDERLINE1,2.4285714285714284
GEOMETRIC_SMOTE,3.0
SMOTE,3.857142857142857
SMOTE_SVM,4.142857142857143
BORDERLINE2,4.214285714285714
DELAUNAY,4.5
ORIGINAL,5.857142857142857
