index,0
BORDERLINE2,2.9285714285714284
SMOTE_SVM,3.0714285714285716
GEOMETRIC_SMOTE,3.2142857142857144
SMOTE,3.5714285714285716
BORDERLINE1,3.7142857142857144
DELAUNAY,4.857142857142857
ORIGINAL,6.642857142857143
