index,0
SMOTE_SVM,3.0714285714285716
BORDERLINE1,3.4285714285714284
BORDERLINE2,3.642857142857143
DELAUNAY,4.071428571428571
GEOMETRIC_SMOTE,4.214285714285714
SMOTE,4.285714285714286
ORIGINAL,5.285714285714286
