index,0
SMOTE_SVM,2.2857142857142856
BORDERLINE1,3.357142857142857
DELAUNAY,4.071428571428571
SMOTE,4.357142857142857
GEOMETRIC_SMOTE,4.357142857142857
BORDERLINE2,4.642857142857143
ORIGINAL,4.928571428571429
