index,0
DELAUNAY,2.2857142857142856
BORDERLINE2,3.4285714285714284
GEOMETRIC_SMOTE,3.4285714285714284
SMOTE_SVM,4.285714285714286
BORDERLINE1,4.285714285714286
SMOTE,4.5
ORIGINAL,5.785714285714286
