index,0
SMOTE_SVM,3.2857142857142856
BORDERLINE1,3.4285714285714284
BORDERLINE2,3.7142857142857144
DELAUNAY,4.071428571428571
SMOTE,4.142857142857143
GEOMETRIC_SMOTE,4.285714285714286
ORIGINAL,5.071428571428571
