index,0
SMOTE_SVM,2.0
ORIGINAL,3.5714285714285716
SMOTE,4.0
BORDERLINE1,4.0
GEOMETRIC_SMOTE,4.071428571428571
BORDERLINE2,4.285714285714286
DELAUNAY,6.071428571428571
