index,0
SMOTE_SVM,2.5714285714285716
BORDERLINE1,3.2142857142857144
SMOTE,4.214285714285714
GEOMETRIC_SMOTE,4.214285714285714
DELAUNAY,4.357142857142857
BORDERLINE2,4.5
ORIGINAL,4.928571428571429
