index,0
GEOMETRIC_SMOTE,2.642857142857143
DELAUNAY,3.2142857142857144
BORDERLINE1,3.357142857142857
SMOTE,3.7142857142857144
SMOTE_SVM,4.0
BORDERLINE2,4.571428571428571
ORIGINAL,6.5
