index,0
SMOTE_SVM,3.2142857142857144
GEOMETRIC_SMOTE,3.2857142857142856
BORDERLINE2,3.7142857142857144
BORDERLINE1,4.071428571428571
DELAUNAY,4.214285714285714
ORIGINAL,4.357142857142857
SMOTE,5.142857142857143
