index,0
SMOTE_SVM,3.0714285714285716
BORDERLINE1,3.357142857142857
BORDERLINE2,3.5714285714285716
SMOTE,4.142857142857143
GEOMETRIC_SMOTE,4.142857142857143
DELAUNAY,4.785714285714286
ORIGINAL,4.928571428571429
