index,0
SMOTE_SVM,2.4285714285714284
BORDERLINE1,2.7142857142857144
GEOMETRIC_SMOTE,3.857142857142857
SMOTE,3.9285714285714284
ORIGINAL,4.357142857142857
DELAUNAY,5.285714285714286
BORDERLINE2,5.428571428571429
