index,0
GEOMETRIC_SMOTE,2.7857142857142856
BORDERLINE1,3.0714285714285716
BORDERLINE2,3.5
DELAUNAY,3.642857142857143
SMOTE,4.071428571428571
SMOTE_SVM,4.428571428571429
ORIGINAL,6.5
