index,0
ORIGINAL,2.0714285714285716
BORDERLINE1,3.2857142857142856
SMOTE,3.7142857142857144
SMOTE_SVM,3.7142857142857144
DELAUNAY,4.785714285714286
GEOMETRIC_SMOTE,4.928571428571429
BORDERLINE2,5.5
