index,0
ORIGINAL,2.7142857142857144
SMOTE,3.0
BORDERLINE1,3.0714285714285716
SMOTE_SVM,4.0
DELAUNAY,4.5
BORDERLINE2,5.285714285714286
GEOMETRIC_SMOTE,5.428571428571429
