index,0
BORDERLINE2,3.142857142857143
GEOMETRIC_SMOTE,3.4285714285714284
DELAUNAY,3.5714285714285716
SMOTE,4.071428571428571
SMOTE_SVM,4.142857142857143
BORDERLINE1,4.142857142857143
ORIGINAL,5.5
