index,0
ORIGINAL,2.4285714285714284
BORDERLINE1,3.2857142857142856
SMOTE,3.642857142857143
SMOTE_SVM,3.9285714285714284
DELAUNAY,3.9285714285714284
GEOMETRIC_SMOTE,5.214285714285714
BORDERLINE2,5.571428571428571
