index,0
BORDERLINE1,2.2142857142857144
SMOTE_SVM,3.642857142857143
SMOTE,4.214285714285714
BORDERLINE2,4.214285714285714
GEOMETRIC_SMOTE,4.214285714285714
DELAUNAY,4.714285714285714
ORIGINAL,4.785714285714286
