index,0
ORIGINAL,2.2142857142857144
BORDERLINE1,3.142857142857143
SMOTE,3.357142857142857
SMOTE_SVM,3.642857142857143
DELAUNAY,5.142857142857143
GEOMETRIC_SMOTE,5.214285714285714
BORDERLINE2,5.285714285714286
