index,0
BORDERLINE1,2.142857142857143
SMOTE_SVM,3.142857142857143
BORDERLINE2,4.071428571428571
ORIGINAL,4.142857142857143
SMOTE,4.142857142857143
GEOMETRIC_SMOTE,4.571428571428571
DELAUNAY,5.785714285714286
