index,0
ORIGINAL,2.0
BORDERLINE1,3.142857142857143
SMOTE_SVM,3.5714285714285716
SMOTE,3.642857142857143
GEOMETRIC_SMOTE,4.785714285714286
BORDERLINE2,5.285714285714286
DELAUNAY,5.571428571428571
