index,0
BORDERLINE1,2.7142857142857144
GEOMETRIC_SMOTE,3.2857142857142856
SMOTE,3.7142857142857144
DELAUNAY,3.7142857142857144
SMOTE_SVM,4.285714285714286
BORDERLINE2,4.285714285714286
ORIGINAL,6.0
