index,0
SMOTE_SVM,2.7142857142857144
BORDERLINE1,3.2142857142857144
SMOTE,4.0
ORIGINAL,4.071428571428571
GEOMETRIC_SMOTE,4.071428571428571
DELAUNAY,4.5
BORDERLINE2,5.428571428571429
