index,0
ORIGINAL,2.7857142857142856
BORDERLINE1,3.0
SMOTE,3.142857142857143
SMOTE_SVM,3.7142857142857144
BORDERLINE2,4.928571428571429
DELAUNAY,5.071428571428571
GEOMETRIC_SMOTE,5.357142857142857
