index,0
SMOTE_SVM,2.2142857142857144
BORDERLINE1,3.4285714285714284
GEOMETRIC_SMOTE,3.7857142857142856
SMOTE,4.0
ORIGINAL,4.5
BORDERLINE2,4.714285714285714
DELAUNAY,5.357142857142857
