index,0
BORDERLINE1,2.4285714285714284
GEOMETRIC_SMOTE,3.2857142857142856
SMOTE,3.5714285714285716
SMOTE_SVM,3.7142857142857144
BORDERLINE2,4.0
DELAUNAY,5.285714285714286
ORIGINAL,5.714285714285714
