index,0
BORDERLINE1,2.4285714285714284
GEOMETRIC_SMOTE,3.2857142857142856
SMOTE,3.5714285714285716
SMOTE_SVM,4.0
BORDERLINE2,4.0
DELAUNAY,4.857142857142857
ORIGINAL,5.857142857142857
