index,0
BORDERLINE1,2.5
GEOMETRIC_SMOTE,3.142857142857143
SMOTE,3.7142857142857144
SMOTE_SVM,4.142857142857143
BORDERLINE2,4.142857142857143
DELAUNAY,4.214285714285714
ORIGINAL,6.142857142857143
