index,0
SMOTE_SVM,2.5
BORDERLINE1,3.0714285714285716
SMOTE,3.2142857142857144
GEOMETRIC_SMOTE,3.5
BORDERLINE2,3.7142857142857144
DELAUNAY,5.714285714285714
ORIGINAL,6.285714285714286
