index,0
ORIGINAL,2.7857142857142856
SMOTE,3.0
BORDERLINE1,3.142857142857143
SMOTE_SVM,3.857142857142857
DELAUNAY,4.785714285714286
BORDERLINE2,5.0
GEOMETRIC_SMOTE,5.428571428571429
