index,0
SMOTE_SVM,2.5714285714285716
BORDERLINE1,3.5
SMOTE,3.7142857142857144
BORDERLINE2,4.214285714285714
GEOMETRIC_SMOTE,4.428571428571429
DELAUNAY,4.571428571428571
ORIGINAL,5.0
