index,0
SMOTE_SVM,3.142857142857143
BORDERLINE1,3.357142857142857
BORDERLINE2,3.642857142857143
SMOTE,4.214285714285714
DELAUNAY,4.285714285714286
GEOMETRIC_SMOTE,4.357142857142857
ORIGINAL,5.0
