index,0
SMOTE_SVM,3.357142857142857
GEOMETRIC_SMOTE,3.357142857142857
BORDERLINE2,3.7142857142857144
DELAUNAY,3.857142857142857
BORDERLINE1,4.214285714285714
ORIGINAL,4.428571428571429
SMOTE,5.071428571428571
