index,0
ORIGINAL,2.5
BORDERLINE1,3.142857142857143
DELAUNAY,3.5714285714285716
SMOTE,3.9285714285714284
SMOTE_SVM,4.071428571428571
GEOMETRIC_SMOTE,5.214285714285714
BORDERLINE2,5.571428571428571
