index,0
BORDERLINE1,2.2142857142857144
GEOMETRIC_SMOTE,3.642857142857143
BORDERLINE2,3.7142857142857144
SMOTE,3.7857142857142856
SMOTE_SVM,4.0
DELAUNAY,4.928571428571429
ORIGINAL,5.714285714285714
