index,0
ORIGINAL,2.357142857142857
BORDERLINE1,3.2142857142857144
SMOTE,3.642857142857143
SMOTE_SVM,3.7857142857142856
DELAUNAY,4.214285714285714
GEOMETRIC_SMOTE,5.071428571428571
BORDERLINE2,5.714285714285714
