index,0
SMOTE_SVM,2.142857142857143
BORDERLINE1,2.7857142857142856
SMOTE,3.9285714285714284
GEOMETRIC_SMOTE,3.9285714285714284
BORDERLINE2,4.214285714285714
ORIGINAL,4.785714285714286
DELAUNAY,6.214285714285714
