index,0
BORDERLINE1,2.357142857142857
SMOTE_SVM,3.2142857142857144
ORIGINAL,4.285714285714286
SMOTE,4.428571428571429
BORDERLINE2,4.428571428571429
DELAUNAY,4.571428571428571
GEOMETRIC_SMOTE,4.714285714285714
