index,0
BORDERLINE1,2.142857142857143
SMOTE_SVM,3.0714285714285716
SMOTE,4.285714285714286
ORIGINAL,4.428571428571429
BORDERLINE2,4.5
GEOMETRIC_SMOTE,4.714285714285714
DELAUNAY,4.857142857142857
