index,0
DELAUNAY,2.5714285714285716
GEOMETRIC_SMOTE,3.357142857142857
SMOTE_SVM,3.5
BORDERLINE2,4.142857142857143
ORIGINAL,4.571428571428571
BORDERLINE1,4.571428571428571
SMOTE,5.285714285714286
