index,0
SMOTE_SVM,2.2142857142857144
BORDERLINE1,3.2857142857142856
GEOMETRIC_SMOTE,3.7142857142857144
SMOTE,3.9285714285714284
ORIGINAL,4.785714285714286
BORDERLINE2,4.857142857142857
DELAUNAY,5.214285714285714
