index,0
BORDERLINE1,2.2142857142857144
SMOTE_SVM,3.2142857142857144
ORIGINAL,3.4285714285714284
SMOTE,3.9285714285714284
GEOMETRIC_SMOTE,4.428571428571429
BORDERLINE2,4.5
DELAUNAY,6.285714285714286
