index,0
BORDERLINE1,2.4285714285714284
SMOTE_SVM,3.357142857142857
ORIGINAL,3.4285714285714284
SMOTE,4.0
GEOMETRIC_SMOTE,4.571428571428571
BORDERLINE2,4.928571428571429
DELAUNAY,5.285714285714286
