index,0
SMOTE_SVM,2.4285714285714284
BORDERLINE1,3.5
SMOTE,3.5714285714285716
BORDERLINE2,4.142857142857143
GEOMETRIC_SMOTE,4.285714285714286
ORIGINAL,4.642857142857143
DELAUNAY,5.428571428571429
