index,0
SMOTE_SVM,2.5
BORDERLINE1,2.7857142857142856
SMOTE,3.9285714285714284
ORIGINAL,4.285714285714286
GEOMETRIC_SMOTE,4.285714285714286
DELAUNAY,4.857142857142857
BORDERLINE2,5.357142857142857
