index,0
BORDERLINE2,3.142857142857143
GEOMETRIC_SMOTE,3.357142857142857
BORDERLINE1,3.857142857142857
SMOTE_SVM,4.0
DELAUNAY,4.071428571428571
SMOTE,4.142857142857143
ORIGINAL,5.428571428571429
