index,0
BORDERLINE2,3.0
BORDERLINE1,3.142857142857143
DELAUNAY,3.2142857142857144
SMOTE,3.642857142857143
GEOMETRIC_SMOTE,3.857142857142857
SMOTE_SVM,4.214285714285714
ORIGINAL,6.928571428571429
