index,0
ORIGINAL,2.857142857142857
SMOTE,2.857142857142857
BORDERLINE1,3.0
SMOTE_SVM,3.857142857142857
DELAUNAY,4.857142857142857
BORDERLINE2,5.142857142857143
GEOMETRIC_SMOTE,5.428571428571429
