index,0
BORDERLINE1,2.357142857142857
SMOTE_SVM,3.357142857142857
ORIGINAL,3.5714285714285716
SMOTE,4.0
GEOMETRIC_SMOTE,4.357142857142857
BORDERLINE2,4.642857142857143
DELAUNAY,5.714285714285714
