index,0
ORIGINAL,2.5
SMOTE,3.9285714285714284
BORDERLINE2,3.9285714285714284
BORDERLINE1,4.0
GEOMETRIC_SMOTE,4.142857142857143
DELAUNAY,4.571428571428571
SMOTE_SVM,4.928571428571429
