index,0
SMOTE_SVM,2.2857142857142856
SMOTE,3.142857142857143
BORDERLINE1,4.071428571428571
ORIGINAL,4.5
GEOMETRIC_SMOTE,4.5
BORDERLINE2,4.642857142857143
DELAUNAY,4.857142857142857
