index,0
BORDERLINE1,2.9285714285714284
GEOMETRIC_SMOTE,3.4285714285714284
ORIGINAL,3.7142857142857144
SMOTE_SVM,3.857142857142857
SMOTE,4.214285714285714
BORDERLINE2,4.714285714285714
DELAUNAY,5.142857142857143
