index,0
ORIGINAL,2.7142857142857144
BORDERLINE1,3.357142857142857
SMOTE_SVM,3.4285714285714284
GEOMETRIC_SMOTE,3.642857142857143
SMOTE,4.5
BORDERLINE2,4.928571428571429
DELAUNAY,5.428571428571429
