index,0
BORDERLINE1,3.0
ORIGINAL,3.2142857142857144
SMOTE_SVM,3.7142857142857144
GEOMETRIC_SMOTE,3.7142857142857144
SMOTE,4.357142857142857
BORDERLINE2,4.857142857142857
DELAUNAY,5.142857142857143
