index,0
BORDERLINE2,2.2142857142857144
SMOTE_SVM,2.857142857142857
SMOTE,4.0
GEOMETRIC_SMOTE,4.142857142857143
DELAUNAY,4.285714285714286
BORDERLINE1,4.642857142857143
ORIGINAL,5.857142857142857
