index,0
GEOMETRIC_SMOTE,2.5
BORDERLINE2,2.7857142857142856
BORDERLINE1,3.7142857142857144
SMOTE_SVM,4.142857142857143
ORIGINAL,4.571428571428571
SMOTE,4.642857142857143
DELAUNAY,5.642857142857143
