index,0
SMOTE_SVM,2.7857142857142856
SMOTE,2.857142857142857
BORDERLINE2,3.0
GEOMETRIC_SMOTE,3.7857142857142856
BORDERLINE1,4.142857142857143
ORIGINAL,5.142857142857143
DELAUNAY,6.285714285714286
