index,0
SMOTE_SVM,2.7142857142857144
SMOTE,2.9285714285714284
GEOMETRIC_SMOTE,3.2857142857142856
BORDERLINE1,3.9285714285714284
BORDERLINE2,4.071428571428571
DELAUNAY,5.214285714285714
ORIGINAL,5.857142857142857
