index,0
ORIGINAL,2.142857142857143
SMOTE,3.2857142857142856
BORDERLINE2,3.9285714285714284
GEOMETRIC_SMOTE,3.9285714285714284
BORDERLINE1,4.357142857142857
DELAUNAY,5.0
SMOTE_SVM,5.357142857142857
