DATASET,ALGORITHM,ORIGINAL,RANK_ORIGINAL,SMOTE,RANK_SMOTE,SMOTE_SVM,RANK_SMOTE_SVM,BORDERLINE1,RANK_BORDERLINE1,BORDERLINE2,RANK_BORDERLINE2,GEOMETRIC_SMOTE,RANK_GEOMETRIC_SMOTE,DELAUNAY,RANK_DELAUNAY,DELAUNAY_TYPE,ALPHA,unit
contraceptive,SGD,0.2,4.0,0.234,2.0,0.24,1.0,0.188,6.0,0.188,6.0,0.206,3.0,0.188,6.0,area,5.5,IBA
dermatology,SGD,0.6140000000000001,6.0,0.688,5.0,0.8160000000000001,2.0,0.76,3.0,0.732,4.0,0.818,1.0,0.5980000000000001,7.0,area,5.5,IBA
glass,SGD,0.084,6.0,0.12400000000000005,5.0,0.046,7.0,0.132,4.0,0.156,2.0,0.154,3.0,0.19399999999999998,1.0,area,5.5,IBA
new-thyroid,SGD,0.152,7.0,0.532,4.0,0.614,1.0,0.578,3.0,0.4600000000000001,5.0,0.5820000000000001,2.0,0.414,6.0,area,5.5,IBA
penbased,SGD,0.7979999999999999,6.0,0.828,2.0,0.828,2.0,0.826,4.0,0.828,2.0,0.818,5.0,0.728,7.0,area,5.5,IBA
thyroid,SGD,0.02,7.0,0.364,1.0,0.196,6.0,0.28800000000000003,5.0,0.34,2.0,0.32799999999999996,3.0,0.318,4.0,area,5.5,IBA
wine,SGD,0.23600000000000002,4.0,0.314,2.0,0.386,1.0,0.25999999999999995,3.0,0.1,7.0,0.208,5.0,0.16599999999999998,6.0,area,5.5,IBA
