index,0
BORDERLINE2,2.2142857142857144
SMOTE_SVM,2.7857142857142856
SMOTE,3.9285714285714284
GEOMETRIC_SMOTE,4.142857142857143
DELAUNAY,4.285714285714286
BORDERLINE1,4.714285714285714
ORIGINAL,5.928571428571429
