index,0
ORIGINAL,2.642857142857143
SMOTE,3.642857142857143
BORDERLINE2,3.642857142857143
BORDERLINE1,4.0
GEOMETRIC_SMOTE,4.285714285714286
DELAUNAY,4.785714285714286
SMOTE_SVM,5.0
