index,0
BORDERLINE2,3.142857142857143
SMOTE_SVM,3.2857142857142856
SMOTE,3.642857142857143
DELAUNAY,3.7857142857142856
BORDERLINE1,4.214285714285714
GEOMETRIC_SMOTE,4.285714285714286
ORIGINAL,5.642857142857143
