index,0
BORDERLINE1,2.9285714285714284
GEOMETRIC_SMOTE,3.5
ORIGINAL,3.5714285714285716
SMOTE_SVM,4.142857142857143
SMOTE,4.214285714285714
DELAUNAY,4.785714285714286
BORDERLINE2,4.857142857142857
