index,0
SMOTE_SVM,2.857142857142857
BORDERLINE2,3.142857142857143
SMOTE,3.5
BORDERLINE1,4.0
GEOMETRIC_SMOTE,4.214285714285714
DELAUNAY,4.928571428571429
ORIGINAL,5.357142857142857
