index,0
GEOMETRIC_SMOTE,2.7142857142857144
BORDERLINE2,3.2142857142857144
BORDERLINE1,3.9285714285714284
DELAUNAY,4.071428571428571
SMOTE_SVM,4.357142857142857
ORIGINAL,4.857142857142857
SMOTE,4.857142857142857
