index,0
SMOTE_SVM,2.7857142857142856
BORDERLINE2,2.857142857142857
SMOTE,3.0
GEOMETRIC_SMOTE,3.857142857142857
BORDERLINE1,4.142857142857143
ORIGINAL,5.285714285714286
DELAUNAY,6.071428571428571
