index,0
ORIGINAL,2.0
GEOMETRIC_SMOTE,3.4285714285714284
SMOTE,3.9285714285714284
BORDERLINE1,4.285714285714286
SMOTE_SVM,4.5
DELAUNAY,4.785714285714286
BORDERLINE2,5.071428571428571
