index,0
SMOTE_SVM,2.7142857142857144
BORDERLINE2,3.0
SMOTE,3.2142857142857144
BORDERLINE1,3.857142857142857
GEOMETRIC_SMOTE,3.857142857142857
ORIGINAL,5.071428571428571
DELAUNAY,6.285714285714286
