index,0
ORIGINAL,2.7142857142857144
BORDERLINE1,3.2857142857142856
GEOMETRIC_SMOTE,3.5
SMOTE_SVM,3.5714285714285716
SMOTE,4.357142857142857
BORDERLINE2,4.785714285714286
DELAUNAY,5.785714285714286
