index,0
SMOTE_SVM,2.7142857142857144
SMOTE,3.642857142857143
BORDERLINE2,3.7857142857142856
GEOMETRIC_SMOTE,3.7857142857142856
BORDERLINE1,4.0
ORIGINAL,4.857142857142857
DELAUNAY,5.214285714285714
