index,0
BORDERLINE1,2.7142857142857144
SMOTE,3.4285714285714284
GEOMETRIC_SMOTE,3.5714285714285716
SMOTE_SVM,3.7142857142857144
BORDERLINE2,4.285714285714286
ORIGINAL,4.357142857142857
DELAUNAY,5.928571428571429
