index,0
SMOTE_SVM,2.7142857142857144
SMOTE,3.357142857142857
GEOMETRIC_SMOTE,3.357142857142857
BORDERLINE1,3.4285714285714284
DELAUNAY,4.285714285714286
BORDERLINE2,4.428571428571429
ORIGINAL,6.428571428571429
