index,0
BORDERLINE1,2.0714285714285716
SMOTE,3.5714285714285716
SMOTE_SVM,3.9285714285714284
BORDERLINE2,3.9285714285714284
GEOMETRIC_SMOTE,4.214285714285714
ORIGINAL,5.0
DELAUNAY,5.285714285714286
