index,0
ORIGINAL,2.142857142857143
SMOTE,3.4285714285714284
DELAUNAY,3.5714285714285716
GEOMETRIC_SMOTE,4.285714285714286
BORDERLINE2,4.357142857142857
BORDERLINE1,4.428571428571429
SMOTE_SVM,5.785714285714286
