index,0
SMOTE,2.4285714285714284
GEOMETRIC_SMOTE,3.2857142857142856
SMOTE_SVM,3.7142857142857144
BORDERLINE1,3.857142857142857
DELAUNAY,4.0
BORDERLINE2,4.5
ORIGINAL,6.214285714285714
