index,0
SMOTE_SVM,2.7857142857142856
SMOTE,2.9285714285714284
BORDERLINE1,3.5
GEOMETRIC_SMOTE,3.5
BORDERLINE2,3.7857142857142856
DELAUNAY,5.214285714285714
ORIGINAL,6.285714285714286
