index,0
SMOTE_SVM,2.7857142857142856
SMOTE,3.0714285714285716
BORDERLINE1,3.357142857142857
BORDERLINE2,3.4285714285714284
GEOMETRIC_SMOTE,3.4285714285714284
DELAUNAY,5.928571428571429
ORIGINAL,6.0
