index,0
SMOTE_SVM,2.2857142857142856
SMOTE,3.0
BORDERLINE1,3.9285714285714284
ORIGINAL,4.214285714285714
GEOMETRIC_SMOTE,4.214285714285714
BORDERLINE2,4.285714285714286
DELAUNAY,6.071428571428571
