index,0
BORDERLINE2,2.9285714285714284
DELAUNAY,3.0714285714285716
BORDERLINE1,3.7857142857142856
ORIGINAL,4.071428571428571
SMOTE,4.071428571428571
GEOMETRIC_SMOTE,4.571428571428571
SMOTE_SVM,5.5
