index,0
BORDERLINE1,2.142857142857143
SMOTE,3.857142857142857
BORDERLINE2,4.071428571428571
SMOTE_SVM,4.142857142857143
DELAUNAY,4.285714285714286
GEOMETRIC_SMOTE,4.5
ORIGINAL,5.0
