index,0
BORDERLINE2,2.642857142857143
BORDERLINE1,3.7857142857142856
DELAUNAY,3.7857142857142856
ORIGINAL,3.9285714285714284
SMOTE,3.9285714285714284
GEOMETRIC_SMOTE,4.571428571428571
SMOTE_SVM,5.357142857142857
