index,0
SMOTE_SVM,2.4285714285714284
SMOTE,3.2857142857142856
BORDERLINE1,3.642857142857143
BORDERLINE2,4.142857142857143
GEOMETRIC_SMOTE,4.285714285714286
ORIGINAL,5.071428571428571
DELAUNAY,5.142857142857143
