index,0
SMOTE_SVM,2.4285714285714284
SMOTE,3.4285714285714284
BORDERLINE1,3.7857142857142856
BORDERLINE2,4.142857142857143
GEOMETRIC_SMOTE,4.142857142857143
ORIGINAL,4.642857142857143
DELAUNAY,5.428571428571429
