index,0
BORDERLINE1,3.0714285714285716
ORIGINAL,3.142857142857143
SMOTE_SVM,3.5714285714285716
GEOMETRIC_SMOTE,3.5714285714285716
SMOTE,4.285714285714286
BORDERLINE2,4.714285714285714
DELAUNAY,5.642857142857143
