index,0
SMOTE_SVM,2.2857142857142856
SMOTE,3.4285714285714284
BORDERLINE2,3.4285714285714284
GEOMETRIC_SMOTE,3.7142857142857144
BORDERLINE1,3.857142857142857
ORIGINAL,5.071428571428571
DELAUNAY,6.214285714285714
