index,0
SMOTE,2.0
BORDERLINE1,2.9285714285714284
SMOTE_SVM,3.0714285714285716
GEOMETRIC_SMOTE,3.357142857142857
BORDERLINE2,3.7857142857142856
DELAUNAY,6.142857142857143
ORIGINAL,6.714285714285714
