index,0
SMOTE_SVM,3.142857142857143
BORDERLINE1,3.142857142857143
BORDERLINE2,3.142857142857143
GEOMETRIC_SMOTE,3.2857142857142856
SMOTE,3.4285714285714284
DELAUNAY,5.428571428571429
ORIGINAL,6.428571428571429
