index,0
SMOTE_SVM,2.2857142857142856
SMOTE,3.4285714285714284
BORDERLINE1,3.642857142857143
BORDERLINE2,4.285714285714286
GEOMETRIC_SMOTE,4.285714285714286
DELAUNAY,5.0
ORIGINAL,5.071428571428571
