index,0
SMOTE_SVM,2.9285714285714284
BORDERLINE2,3.0714285714285716
SMOTE,3.4285714285714284
BORDERLINE1,3.9285714285714284
GEOMETRIC_SMOTE,4.071428571428571
ORIGINAL,5.285714285714286
DELAUNAY,5.285714285714286
