index,0
SMOTE,2.857142857142857
SMOTE_SVM,2.857142857142857
GEOMETRIC_SMOTE,3.0
BORDERLINE1,3.642857142857143
BORDERLINE2,3.9285714285714284
ORIGINAL,5.571428571428571
DELAUNAY,6.142857142857143
