index,0
BORDERLINE2,2.2142857142857144
SMOTE_SVM,2.7142857142857144
SMOTE,4.071428571428571
GEOMETRIC_SMOTE,4.142857142857143
DELAUNAY,4.142857142857143
BORDERLINE1,4.785714285714286
ORIGINAL,5.928571428571429
