index,0
BORDERLINE1,2.642857142857143
SMOTE_SVM,3.0714285714285716
GEOMETRIC_SMOTE,3.857142857142857
ORIGINAL,3.9285714285714284
SMOTE,4.357142857142857
DELAUNAY,4.857142857142857
BORDERLINE2,5.285714285714286
