index,0
DELAUNAY,2.642857142857143
SMOTE,3.0
GEOMETRIC_SMOTE,3.7142857142857144
SMOTE_SVM,3.857142857142857
BORDERLINE2,3.9285714285714284
BORDERLINE1,4.214285714285714
ORIGINAL,6.642857142857143
