index,0
ORIGINAL,1.8571428571428572
GEOMETRIC_SMOTE,3.5
SMOTE,3.857142857142857
BORDERLINE1,4.285714285714286
SMOTE_SVM,4.357142857142857
BORDERLINE2,5.071428571428571
DELAUNAY,5.071428571428571
