index,0
ORIGINAL,3.2142857142857144
BORDERLINE1,3.2142857142857144
SMOTE_SVM,3.5714285714285716
GEOMETRIC_SMOTE,3.642857142857143
SMOTE,4.357142857142857
BORDERLINE2,4.714285714285714
DELAUNAY,5.285714285714286
