index,0
SMOTE_SVM,2.642857142857143
SMOTE,3.357142857142857
BORDERLINE2,3.642857142857143
GEOMETRIC_SMOTE,3.7857142857142856
BORDERLINE1,3.9285714285714284
ORIGINAL,4.857142857142857
DELAUNAY,5.785714285714286
