index,0
SMOTE_SVM,2.357142857142857
SMOTE,3.5
BORDERLINE2,3.5714285714285716
BORDERLINE1,3.7142857142857144
GEOMETRIC_SMOTE,4.071428571428571
ORIGINAL,4.357142857142857
DELAUNAY,6.428571428571429
