index,0
BORDERLINE1,2.2142857142857144
SMOTE_SVM,3.2857142857142856
ORIGINAL,3.5714285714285716
SMOTE,4.142857142857143
GEOMETRIC_SMOTE,4.142857142857143
BORDERLINE2,5.285714285714286
DELAUNAY,5.357142857142857
