index,0
BORDERLINE1,2.857142857142857
SMOTE_SVM,3.642857142857143
GEOMETRIC_SMOTE,3.857142857142857
ORIGINAL,4.071428571428571
SMOTE,4.071428571428571
BORDERLINE2,4.642857142857143
DELAUNAY,4.857142857142857
