index,0
BORDERLINE1,2.642857142857143
SMOTE,2.7142857142857144
SMOTE_SVM,2.9285714285714284
BORDERLINE2,3.4285714285714284
GEOMETRIC_SMOTE,3.7857142857142856
DELAUNAY,6.0
ORIGINAL,6.5
