index,0
ORIGINAL,2.2142857142857144
SMOTE,3.4285714285714284
DELAUNAY,4.0
GEOMETRIC_SMOTE,4.142857142857143
BORDERLINE2,4.214285714285714
BORDERLINE1,4.357142857142857
SMOTE_SVM,5.642857142857143
