index,0
BORDERLINE1,2.5714285714285716
SMOTE_SVM,3.142857142857143
SMOTE,3.7857142857142856
ORIGINAL,4.214285714285714
GEOMETRIC_SMOTE,4.285714285714286
DELAUNAY,4.928571428571429
BORDERLINE2,5.071428571428571
