index,0
SMOTE,3.0714285714285716
SMOTE_SVM,3.142857142857143
GEOMETRIC_SMOTE,3.857142857142857
BORDERLINE2,4.0
DELAUNAY,4.214285714285714
BORDERLINE1,4.5
ORIGINAL,5.214285714285714
