index,0
BORDERLINE2,2.9285714285714284
SMOTE_SVM,3.0
SMOTE,3.142857142857143
GEOMETRIC_SMOTE,3.7857142857142856
BORDERLINE1,4.428571428571429
DELAUNAY,5.071428571428571
ORIGINAL,5.642857142857143
