index,0
ORIGINAL,2.5
SMOTE,3.642857142857143
BORDERLINE1,3.642857142857143
BORDERLINE2,3.9285714285714284
GEOMETRIC_SMOTE,4.357142857142857
SMOTE_SVM,4.785714285714286
DELAUNAY,5.142857142857143
