index,0
GEOMETRIC_SMOTE,3.142857142857143
SMOTE_SVM,3.2857142857142856
BORDERLINE1,3.2857142857142856
BORDERLINE2,3.2857142857142856
SMOTE,3.5714285714285716
DELAUNAY,5.0
ORIGINAL,6.428571428571429
