index,0
BORDERLINE1,2.857142857142857
SMOTE_SVM,3.5
SMOTE,3.7142857142857144
GEOMETRIC_SMOTE,3.7142857142857144
BORDERLINE2,4.428571428571429
ORIGINAL,4.5
DELAUNAY,5.285714285714286
