index,0
ORIGINAL,2.857142857142857
BORDERLINE2,3.5714285714285716
SMOTE,3.7857142857142856
BORDERLINE1,4.0
GEOMETRIC_SMOTE,4.142857142857143
SMOTE_SVM,4.714285714285714
DELAUNAY,4.928571428571429
