index,0
SMOTE,2.357142857142857
BORDERLINE1,3.4285714285714284
GEOMETRIC_SMOTE,3.4285714285714284
BORDERLINE2,3.7857142857142856
SMOTE_SVM,3.9285714285714284
DELAUNAY,5.285714285714286
ORIGINAL,5.785714285714286
