index,0
SMOTE_SVM,2.7142857142857144
SMOTE,3.5714285714285716
BORDERLINE2,3.642857142857143
GEOMETRIC_SMOTE,3.7142857142857144
BORDERLINE1,4.142857142857143
ORIGINAL,4.785714285714286
DELAUNAY,5.428571428571429
