index,0
SMOTE_SVM,2.7142857142857144
GEOMETRIC_SMOTE,3.357142857142857
BORDERLINE1,3.4285714285714284
SMOTE,3.642857142857143
DELAUNAY,3.857142857142857
BORDERLINE2,4.428571428571429
ORIGINAL,6.571428571428571
