index,0
ORIGINAL,2.357142857142857
SMOTE,3.7857142857142856
BORDERLINE1,3.9285714285714284
BORDERLINE2,3.9285714285714284
GEOMETRIC_SMOTE,4.214285714285714
DELAUNAY,4.714285714285714
SMOTE_SVM,5.071428571428571
