index,0
SMOTE,2.0
SMOTE_SVM,3.0714285714285716
BORDERLINE1,3.0714285714285716
GEOMETRIC_SMOTE,3.5
BORDERLINE2,3.7857142857142856
DELAUNAY,5.714285714285714
ORIGINAL,6.857142857142857
