index,0
SMOTE,2.7142857142857144
SMOTE_SVM,3.642857142857143
DELAUNAY,3.857142857142857
BORDERLINE2,3.9285714285714284
GEOMETRIC_SMOTE,3.9285714285714284
BORDERLINE1,4.071428571428571
ORIGINAL,5.857142857142857
