index,0
SMOTE_SVM,2.2857142857142856
SMOTE,3.5714285714285716
BORDERLINE1,3.642857142857143
BORDERLINE2,4.142857142857143
GEOMETRIC_SMOTE,4.285714285714286
ORIGINAL,4.928571428571429
DELAUNAY,5.142857142857143
