index,0
ORIGINAL,2.642857142857143
SMOTE,3.9285714285714284
BORDERLINE1,4.071428571428571
BORDERLINE2,4.071428571428571
DELAUNAY,4.142857142857143
GEOMETRIC_SMOTE,4.214285714285714
SMOTE_SVM,4.928571428571429
