index,0
BORDERLINE1,2.5714285714285716
SMOTE_SVM,3.642857142857143
GEOMETRIC_SMOTE,3.7142857142857144
SMOTE,3.7857142857142856
BORDERLINE2,4.428571428571429
ORIGINAL,4.571428571428571
DELAUNAY,5.285714285714286
