index,0
BORDERLINE1,2.4285714285714284
SMOTE_SVM,3.357142857142857
ORIGINAL,3.642857142857143
GEOMETRIC_SMOTE,4.0
SMOTE,4.071428571428571
DELAUNAY,4.928571428571429
BORDERLINE2,5.571428571428571
