index,0
BORDERLINE2,2.0
SMOTE_SVM,2.642857142857143
SMOTE,3.7142857142857144
GEOMETRIC_SMOTE,4.142857142857143
BORDERLINE1,4.642857142857143
DELAUNAY,5.0
ORIGINAL,5.857142857142857
