index,0
SMOTE_SVM,2.7142857142857144
SMOTE,2.857142857142857
GEOMETRIC_SMOTE,3.142857142857143
BORDERLINE1,3.642857142857143
BORDERLINE2,3.9285714285714284
ORIGINAL,5.714285714285714
DELAUNAY,6.0
