index,0
ORIGINAL,2.0714285714285716
GEOMETRIC_SMOTE,3.4285714285714284
BORDERLINE1,3.857142857142857
SMOTE,4.0
SMOTE_SVM,4.714285714285714
BORDERLINE2,4.928571428571429
DELAUNAY,5.0
