index,0
BORDERLINE1,2.642857142857143
SMOTE,2.7142857142857144
SMOTE_SVM,2.9285714285714284
BORDERLINE2,3.4285714285714284
GEOMETRIC_SMOTE,3.857142857142857
DELAUNAY,5.857142857142857
ORIGINAL,6.571428571428571
