index,0
ORIGINAL,1.9285714285714286
GEOMETRIC_SMOTE,3.4285714285714284
BORDERLINE1,3.5714285714285716
SMOTE,3.857142857142857
SMOTE_SVM,4.714285714285714
BORDERLINE2,4.785714285714286
DELAUNAY,5.714285714285714
