index,0
BORDERLINE2,2.2142857142857144
SMOTE_SVM,2.7142857142857144
SMOTE,4.071428571428571
DELAUNAY,4.142857142857143
GEOMETRIC_SMOTE,4.214285714285714
BORDERLINE1,4.714285714285714
ORIGINAL,5.928571428571429
