index,0
ORIGINAL,2.5
SMOTE,3.7857142857142856
BORDERLINE1,3.7857142857142856
BORDERLINE2,3.9285714285714284
GEOMETRIC_SMOTE,4.214285714285714
DELAUNAY,4.857142857142857
SMOTE_SVM,4.928571428571429
