index,0
SMOTE_SVM,2.9285714285714284
SMOTE,3.0714285714285716
BORDERLINE1,3.5
GEOMETRIC_SMOTE,3.5
BORDERLINE2,3.7142857142857144
DELAUNAY,5.428571428571429
ORIGINAL,5.857142857142857
