index,0
GEOMETRIC_SMOTE,3.357142857142857
BORDERLINE1,3.4285714285714284
SMOTE_SVM,3.5714285714285716
BORDERLINE2,3.5714285714285716
SMOTE,3.7142857142857144
DELAUNAY,4.071428571428571
ORIGINAL,6.285714285714286
