index,0
BORDERLINE1,2.4285714285714284
SMOTE_SVM,3.0714285714285716
GEOMETRIC_SMOTE,3.7142857142857144
ORIGINAL,4.142857142857143
SMOTE,4.5
BORDERLINE2,5.0
DELAUNAY,5.142857142857143
