index,0
BORDERLINE1,2.5714285714285716
SMOTE_SVM,3.4285714285714284
GEOMETRIC_SMOTE,3.642857142857143
SMOTE,3.9285714285714284
ORIGINAL,4.071428571428571
BORDERLINE2,4.357142857142857
DELAUNAY,6.0
