index,0
ORIGINAL,2.5
SMOTE,3.7857142857142856
BORDERLINE1,3.9285714285714284
BORDERLINE2,3.9285714285714284
GEOMETRIC_SMOTE,4.357142857142857
DELAUNAY,4.714285714285714
SMOTE_SVM,4.785714285714286
