index,0
BORDERLINE1,2.142857142857143
SMOTE,3.7857142857142856
BORDERLINE2,4.071428571428571
SMOTE_SVM,4.142857142857143
GEOMETRIC_SMOTE,4.357142857142857
DELAUNAY,4.357142857142857
ORIGINAL,5.142857142857143
