index,0
GEOMETRIC_SMOTE,2.642857142857143
BORDERLINE2,2.857142857142857
BORDERLINE1,3.9285714285714284
SMOTE_SVM,4.142857142857143
DELAUNAY,4.714285714285714
SMOTE,4.785714285714286
ORIGINAL,4.928571428571429
