index,0
SMOTE,3.2857142857142856
SMOTE_SVM,3.2857142857142856
DELAUNAY,3.857142857142857
BORDERLINE2,3.9285714285714284
GEOMETRIC_SMOTE,4.0
BORDERLINE1,4.571428571428571
ORIGINAL,5.071428571428571
