index,0
BORDERLINE1,2.7142857142857144
SMOTE,3.5714285714285716
SMOTE_SVM,3.642857142857143
GEOMETRIC_SMOTE,3.642857142857143
ORIGINAL,4.142857142857143
BORDERLINE2,4.357142857142857
DELAUNAY,5.928571428571429
