index,0
SMOTE,2.5
BORDERLINE1,3.5714285714285716
GEOMETRIC_SMOTE,3.5714285714285716
SMOTE_SVM,3.9285714285714284
BORDERLINE2,3.9285714285714284
DELAUNAY,4.714285714285714
ORIGINAL,5.785714285714286
