index,0
SMOTE_SVM,2.7142857142857144
GEOMETRIC_SMOTE,3.2857142857142856
BORDERLINE1,3.357142857142857
SMOTE,3.642857142857143
DELAUNAY,3.7857142857142856
BORDERLINE2,4.5
ORIGINAL,6.714285714285714
