index,0
BORDERLINE1,2.7857142857142856
SMOTE_SVM,3.5
GEOMETRIC_SMOTE,3.642857142857143
SMOTE,3.7142857142857144
BORDERLINE2,4.285714285714286
ORIGINAL,4.5
DELAUNAY,5.571428571428571
