index,0
SMOTE_SVM,2.2857142857142856
SMOTE,3.2857142857142856
BORDERLINE1,3.5
BORDERLINE2,4.071428571428571
GEOMETRIC_SMOTE,4.142857142857143
ORIGINAL,4.642857142857143
DELAUNAY,6.071428571428571
