index,0
SMOTE_SVM,2.857142857142857
BORDERLINE2,2.857142857142857
SMOTE,3.357142857142857
GEOMETRIC_SMOTE,4.0
BORDERLINE1,4.142857142857143
ORIGINAL,5.214285714285714
DELAUNAY,5.571428571428571
