index,0
SMOTE_SVM,2.642857142857143
SMOTE,3.7142857142857144
BORDERLINE2,3.7142857142857144
BORDERLINE1,4.0
GEOMETRIC_SMOTE,4.214285714285714
ORIGINAL,4.571428571428571
DELAUNAY,5.142857142857143
