index,0
BORDERLINE1,3.142857142857143
BORDERLINE2,3.142857142857143
GEOMETRIC_SMOTE,3.142857142857143
SMOTE_SVM,3.2857142857142856
SMOTE,3.357142857142857
DELAUNAY,5.857142857142857
ORIGINAL,6.071428571428571
