index,0
BORDERLINE1,2.7857142857142856
SMOTE,3.2857142857142856
GEOMETRIC_SMOTE,3.357142857142857
SMOTE_SVM,3.9285714285714284
BORDERLINE2,4.0
ORIGINAL,4.571428571428571
DELAUNAY,6.071428571428571
