index,0
BORDERLINE1,2.2857142857142856
SMOTE_SVM,3.142857142857143
SMOTE,3.7142857142857144
ORIGINAL,4.071428571428571
GEOMETRIC_SMOTE,4.071428571428571
BORDERLINE2,4.785714285714286
DELAUNAY,5.928571428571429
