index,0
BORDERLINE1,2.357142857142857
SMOTE_SVM,2.9285714285714284
GEOMETRIC_SMOTE,3.7142857142857144
ORIGINAL,3.857142857142857
SMOTE,4.214285714285714
BORDERLINE2,4.857142857142857
DELAUNAY,6.071428571428571
