index,0
ORIGINAL,1.9285714285714286
SMOTE,3.0
BORDERLINE1,3.9285714285714284
BORDERLINE2,3.9285714285714284
GEOMETRIC_SMOTE,4.0
SMOTE_SVM,5.214285714285714
DELAUNAY,6.0
