index,0
SMOTE_SVM,2.4285714285714284
SMOTE,3.2857142857142856
BORDERLINE1,3.642857142857143
BORDERLINE2,4.142857142857143
GEOMETRIC_SMOTE,4.142857142857143
ORIGINAL,4.5
DELAUNAY,5.857142857142857
