index,0
ORIGINAL,2.0714285714285716
SMOTE,3.4285714285714284
BORDERLINE2,4.071428571428571
GEOMETRIC_SMOTE,4.071428571428571
BORDERLINE1,4.357142857142857
DELAUNAY,4.5
SMOTE_SVM,5.5
