index,0
BORDERLINE1,2.5714285714285716
SMOTE_SVM,3.2857142857142856
GEOMETRIC_SMOTE,3.5714285714285716
SMOTE,3.642857142857143
ORIGINAL,3.7857142857142856
BORDERLINE2,4.214285714285714
DELAUNAY,6.928571428571429
