index,0
BORDERLINE1,2.142857142857143
SMOTE_SVM,3.2142857142857144
ORIGINAL,3.5714285714285716
GEOMETRIC_SMOTE,3.9285714285714284
SMOTE,4.0
BORDERLINE2,5.142857142857143
DELAUNAY,6.0
