index,0
ORIGINAL,2.142857142857143
SMOTE,3.4285714285714284
DELAUNAY,3.9285714285714284
BORDERLINE2,4.214285714285714
GEOMETRIC_SMOTE,4.285714285714286
BORDERLINE1,4.5
SMOTE_SVM,5.5
