index,0
ORIGINAL,2.5714285714285716
SMOTE,3.642857142857143
BORDERLINE1,3.7142857142857144
BORDERLINE2,3.7857142857142856
GEOMETRIC_SMOTE,4.142857142857143
SMOTE_SVM,4.571428571428571
DELAUNAY,5.571428571428571
