index,0
BORDERLINE1,2.4285714285714284
SMOTE_SVM,3.142857142857143
SMOTE,3.7857142857142856
ORIGINAL,3.9285714285714284
GEOMETRIC_SMOTE,4.142857142857143
BORDERLINE2,4.928571428571429
DELAUNAY,5.642857142857143
