index,0
BORDERLINE1,2.2857142857142856
SMOTE_SVM,3.0
SMOTE,3.5714285714285716
ORIGINAL,3.7857142857142856
GEOMETRIC_SMOTE,4.0
BORDERLINE2,4.714285714285714
DELAUNAY,6.642857142857143
