index,0
ORIGINAL,2.7857142857142856
DELAUNAY,2.857142857142857
SMOTE,4.214285714285714
BORDERLINE1,4.214285714285714
BORDERLINE2,4.357142857142857
GEOMETRIC_SMOTE,4.357142857142857
SMOTE_SVM,5.214285714285714
