index,0
ORIGINAL,2.5
DELAUNAY,3.357142857142857
SMOTE,4.142857142857143
BORDERLINE1,4.214285714285714
BORDERLINE2,4.357142857142857
GEOMETRIC_SMOTE,4.357142857142857
SMOTE_SVM,5.071428571428571
