index,0
SMOTE_SVM,2.7142857142857144
GEOMETRIC_SMOTE,3.0
SMOTE,3.142857142857143
BORDERLINE1,3.642857142857143
BORDERLINE2,3.7857142857142856
ORIGINAL,5.857142857142857
DELAUNAY,5.857142857142857
