index,0
BORDERLINE2,2.142857142857143
SMOTE_SVM,2.642857142857143
SMOTE,3.857142857142857
GEOMETRIC_SMOTE,4.142857142857143
DELAUNAY,4.642857142857143
BORDERLINE1,4.714285714285714
ORIGINAL,5.857142857142857
