index,0
ORIGINAL,2.5714285714285716
BORDERLINE1,3.4285714285714284
SMOTE_SVM,3.5
GEOMETRIC_SMOTE,3.7142857142857144
SMOTE,4.642857142857143
BORDERLINE2,5.0
DELAUNAY,5.142857142857143
