index,0
ORIGINAL,2.642857142857143
BORDERLINE1,3.2857142857142856
SMOTE_SVM,3.4285714285714284
GEOMETRIC_SMOTE,3.5714285714285716
SMOTE,4.5
BORDERLINE2,4.928571428571429
DELAUNAY,5.642857142857143
