index,0
BORDERLINE1,2.142857142857143
SMOTE_SVM,3.0714285714285716
ORIGINAL,3.4285714285714284
GEOMETRIC_SMOTE,3.7857142857142856
SMOTE,3.9285714285714284
BORDERLINE2,4.857142857142857
DELAUNAY,6.785714285714286
