index,0
BORDERLINE1,2.0714285714285716
SMOTE,3.7142857142857144
BORDERLINE2,4.0
SMOTE_SVM,4.071428571428571
GEOMETRIC_SMOTE,4.357142857142857
DELAUNAY,4.857142857142857
ORIGINAL,4.928571428571429
