index,0
SMOTE_SVM,2.5714285714285716
GEOMETRIC_SMOTE,3.0714285714285716
BORDERLINE1,3.2857142857142856
SMOTE,3.357142857142857
BORDERLINE2,4.285714285714286
DELAUNAY,5.071428571428571
ORIGINAL,6.357142857142857
