index,0
SMOTE_SVM,2.5714285714285716
SMOTE,3.2142857142857144
GEOMETRIC_SMOTE,3.2857142857142856
BORDERLINE1,3.357142857142857
BORDERLINE2,4.357142857142857
DELAUNAY,4.785714285714286
ORIGINAL,6.428571428571429
