index,0
BORDERLINE1,2.357142857142857
SMOTE_SVM,2.9285714285714284
GEOMETRIC_SMOTE,3.857142857142857
ORIGINAL,4.071428571428571
SMOTE,4.357142857142857
BORDERLINE2,5.0
DELAUNAY,5.428571428571429
