index,0
BORDERLINE1,2.2142857142857144
SMOTE,3.7142857142857144
BORDERLINE2,4.0
SMOTE_SVM,4.071428571428571
GEOMETRIC_SMOTE,4.285714285714286
DELAUNAY,4.571428571428571
ORIGINAL,5.142857142857143
