index,0
SMOTE_SVM,2.4285714285714284
SMOTE,3.2857142857142856
BORDERLINE1,3.7857142857142856
BORDERLINE2,4.0
GEOMETRIC_SMOTE,4.285714285714286
ORIGINAL,4.642857142857143
DELAUNAY,5.571428571428571
