index,0
SMOTE_SVM,2.857142857142857
BORDERLINE2,3.0714285714285716
SMOTE,3.4285714285714284
GEOMETRIC_SMOTE,4.0
BORDERLINE1,4.071428571428571
ORIGINAL,5.214285714285714
DELAUNAY,5.357142857142857
