index,0
SMOTE_SVM,2.357142857142857
BORDERLINE2,3.4285714285714284
SMOTE,3.7142857142857144
BORDERLINE1,3.857142857142857
GEOMETRIC_SMOTE,3.9285714285714284
ORIGINAL,4.571428571428571
DELAUNAY,6.142857142857143
