index,0
BORDERLINE1,2.357142857142857
SMOTE_SVM,2.7857142857142856
GEOMETRIC_SMOTE,3.5714285714285716
ORIGINAL,4.071428571428571
SMOTE,4.142857142857143
BORDERLINE2,5.0
DELAUNAY,6.071428571428571
