index,0
BORDERLINE2,2.142857142857143
SMOTE_SVM,2.5714285714285716
SMOTE,4.0
GEOMETRIC_SMOTE,4.214285714285714
DELAUNAY,4.428571428571429
BORDERLINE1,4.714285714285714
ORIGINAL,5.928571428571429
