index,0
BORDERLINE1,2.357142857142857
SMOTE_SVM,3.2142857142857144
ORIGINAL,3.7142857142857144
GEOMETRIC_SMOTE,3.9285714285714284
SMOTE,4.071428571428571
BORDERLINE2,5.071428571428571
DELAUNAY,5.642857142857143
