index,0
SMOTE,3.142857142857143
SMOTE_SVM,3.5
GEOMETRIC_SMOTE,3.7857142857142856
DELAUNAY,4.071428571428571
BORDERLINE2,4.142857142857143
BORDERLINE1,4.428571428571429
ORIGINAL,4.928571428571429
