index,0
SMOTE,3.142857142857143
SMOTE_SVM,3.357142857142857
GEOMETRIC_SMOTE,3.642857142857143
BORDERLINE2,4.142857142857143
BORDERLINE1,4.357142857142857
DELAUNAY,4.357142857142857
ORIGINAL,5.0
