index,0
ORIGINAL,1.9285714285714286
SMOTE,3.0
BORDERLINE1,3.9285714285714284
BORDERLINE2,3.9285714285714284
GEOMETRIC_SMOTE,4.0
SMOTE_SVM,5.357142857142857
DELAUNAY,5.857142857142857
