index,0
SMOTE_SVM,2.7142857142857144
GEOMETRIC_SMOTE,3.0
SMOTE,3.142857142857143
BORDERLINE1,3.7857142857142856
BORDERLINE2,4.071428571428571
DELAUNAY,5.571428571428571
ORIGINAL,5.714285714285714
