index,0
SMOTE_SVM,2.4285714285714284
SMOTE,3.2857142857142856
BORDERLINE1,3.7857142857142856
BORDERLINE2,4.142857142857143
GEOMETRIC_SMOTE,4.428571428571429
ORIGINAL,4.5
DELAUNAY,5.428571428571429
