index,0
SMOTE_SVM,2.5714285714285716
GEOMETRIC_SMOTE,3.0714285714285716
SMOTE,3.142857142857143
BORDERLINE1,3.142857142857143
BORDERLINE2,4.0
DELAUNAY,5.714285714285714
ORIGINAL,6.357142857142857
