index,0
BORDERLINE1,2.2857142857142856
SMOTE_SVM,3.142857142857143
SMOTE,3.7142857142857144
ORIGINAL,3.9285714285714284
GEOMETRIC_SMOTE,4.214285714285714
BORDERLINE2,4.928571428571429
DELAUNAY,5.785714285714286
