index,0
BORDERLINE1,2.7857142857142856
BORDERLINE2,3.0714285714285716
SMOTE,3.142857142857143
SMOTE_SVM,3.5
GEOMETRIC_SMOTE,4.0
DELAUNAY,4.857142857142857
ORIGINAL,6.642857142857143
