index,0
ORIGINAL,2.4285714285714284
BORDERLINE2,3.357142857142857
SMOTE,3.5
BORDERLINE1,3.5714285714285716
GEOMETRIC_SMOTE,4.214285714285714
SMOTE_SVM,4.428571428571429
DELAUNAY,6.5
