index,0
GEOMETRIC_SMOTE,2.857142857142857
BORDERLINE2,3.0
BORDERLINE1,3.9285714285714284
SMOTE_SVM,4.214285714285714
DELAUNAY,4.428571428571429
ORIGINAL,4.714285714285714
SMOTE,4.857142857142857
