index,0
SMOTE,2.7857142857142856
GEOMETRIC_SMOTE,3.4285714285714284
BORDERLINE2,3.5714285714285716
DELAUNAY,3.7857142857142856
BORDERLINE1,3.857142857142857
SMOTE_SVM,4.0
ORIGINAL,6.571428571428571
