index,0
SMOTE,2.9285714285714284
BORDERLINE2,3.5714285714285716
SMOTE_SVM,3.642857142857143
GEOMETRIC_SMOTE,3.9285714285714284
DELAUNAY,4.0
BORDERLINE1,4.142857142857143
ORIGINAL,5.785714285714286
