index,0
BORDERLINE1,2.357142857142857
SMOTE_SVM,3.2142857142857144
ORIGINAL,3.7142857142857144
GEOMETRIC_SMOTE,4.0
SMOTE,4.214285714285714
BORDERLINE2,5.142857142857143
DELAUNAY,5.357142857142857
