index,0
SMOTE_SVM,2.9285714285714284
SMOTE,3.0
BORDERLINE2,3.0
GEOMETRIC_SMOTE,3.857142857142857
BORDERLINE1,4.285714285714286
ORIGINAL,5.357142857142857
DELAUNAY,5.571428571428571
