index,0
BORDERLINE1,2.5714285714285716
SMOTE_SVM,3.4285714285714284
GEOMETRIC_SMOTE,3.642857142857143
ORIGINAL,3.7857142857142856
SMOTE,3.9285714285714284
BORDERLINE2,4.214285714285714
DELAUNAY,6.428571428571429
