index,0
SMOTE,2.5714285714285716
GEOMETRIC_SMOTE,3.5714285714285716
BORDERLINE1,3.7857142857142856
BORDERLINE2,3.7857142857142856
SMOTE_SVM,3.857142857142857
DELAUNAY,4.642857142857143
ORIGINAL,5.785714285714286
