index,0
BORDERLINE1,2.857142857142857
GEOMETRIC_SMOTE,3.4285714285714284
ORIGINAL,3.642857142857143
SMOTE,4.071428571428571
SMOTE_SVM,4.071428571428571
DELAUNAY,4.928571428571429
BORDERLINE2,5.0
