DATASET,ALGORITHM,ORIGINAL,RANK_ORIGINAL,SMOTE,RANK_SMOTE,SMOTE_SVM,RANK_SMOTE_SVM,BORDERLINE1,RANK_BORDERLINE1,BORDERLINE2,RANK_BORDERLINE2,GEOMETRIC_SMOTE,RANK_GEOMETRIC_SMOTE,DELAUNAY,RANK_DELAUNAY,DELAUNAY_TYPE,ALPHA,unit
contraceptive,KNN,0.514,1.0,0.47200000000000003,7.0,0.496,3.0,0.4859999999999999,4.0,0.47600000000000003,6.0,0.4779999999999999,5.0,0.4980000000000001,2.0,volume,5.5,PRE
dermatology,KNN,0.95,4.0,0.954,2.5,0.946,6.0,0.958,1.0,0.948,5.0,0.9540000000000001,2.5,0.93,7.0,volume,5.5,PRE
glass,KNN,0.6759999999999999,7.0,0.732,2.0,0.726,5.0,0.728,4.0,0.7240000000000001,6.0,0.736,1.0,0.73,3.0,volume,5.5,PRE
new-thyroid,KNN,0.966,4.5,0.97,1.5,0.966,4.5,0.97,1.5,0.9520000000000001,7.0,0.966,4.5,0.966,4.5,volume,5.5,PRE
penbased,KNN,0.96,6.0,0.972,2.5,0.972,2.5,0.97,5.0,0.972,2.5,0.972,2.5,0.958,7.0,volume,5.5,PRE
thyroid,KNN,0.9079999999999999,1.0,0.8859999999999999,6.0,0.892,3.0,0.892,3.0,0.892,3.0,0.8880000000000001,5.0,0.8779999999999999,7.0,volume,5.5,PRE
wine,KNN,0.8639999999999999,1.0,0.8380000000000001,6.0,0.8479999999999999,4.5,0.8560000000000001,2.0,0.8480000000000001,4.5,0.8539999999999999,3.0,0.8140000000000001,7.0,volume,5.5,PRE
