index,0
SMOTE_SVM,2.5
BORDERLINE2,3.642857142857143
SMOTE,3.7857142857142856
BORDERLINE1,3.9285714285714284
GEOMETRIC_SMOTE,4.142857142857143
ORIGINAL,4.571428571428571
DELAUNAY,5.428571428571429
