index,0
SMOTE,3.0
SMOTE_SVM,3.357142857142857
GEOMETRIC_SMOTE,3.5
BORDERLINE2,4.0
BORDERLINE1,4.428571428571429
ORIGINAL,4.857142857142857
DELAUNAY,4.857142857142857
