index,0
BORDERLINE1,2.9285714285714284
ORIGINAL,3.5714285714285716
GEOMETRIC_SMOTE,3.5714285714285716
SMOTE,4.071428571428571
SMOTE_SVM,4.142857142857143
BORDERLINE2,4.857142857142857
DELAUNAY,4.857142857142857
