index,0
SMOTE_SVM,2.642857142857143
SMOTE,3.5
BORDERLINE2,3.5
GEOMETRIC_SMOTE,3.642857142857143
BORDERLINE1,4.071428571428571
ORIGINAL,4.857142857142857
DELAUNAY,5.785714285714286
