index,0
SMOTE_SVM,2.9285714285714284
SMOTE,3.142857142857143
BORDERLINE2,3.142857142857143
GEOMETRIC_SMOTE,3.9285714285714284
BORDERLINE1,4.428571428571429
DELAUNAY,4.928571428571429
ORIGINAL,5.5
