index,0
SMOTE_SVM,2.2857142857142856
SMOTE,3.0
BORDERLINE1,3.9285714285714284
BORDERLINE2,4.071428571428571
GEOMETRIC_SMOTE,4.071428571428571
ORIGINAL,4.5
DELAUNAY,6.142857142857143
