index,0
SMOTE_SVM,2.7142857142857144
BORDERLINE2,3.0
SMOTE,3.2857142857142856
BORDERLINE1,4.0
GEOMETRIC_SMOTE,4.0
ORIGINAL,5.285714285714286
DELAUNAY,5.714285714285714
