index,0
SMOTE_SVM,2.7857142857142856
SMOTE,2.857142857142857
BORDERLINE2,2.857142857142857
GEOMETRIC_SMOTE,3.7857142857142856
BORDERLINE1,4.142857142857143
ORIGINAL,5.071428571428571
DELAUNAY,6.5
