index,0
SMOTE_SVM,2.7857142857142856
SMOTE,2.9285714285714284
BORDERLINE1,3.5
GEOMETRIC_SMOTE,3.5
BORDERLINE2,3.5714285714285716
ORIGINAL,5.857142857142857
DELAUNAY,5.857142857142857
