index,0
BORDERLINE1,2.2857142857142856
SMOTE_SVM,3.357142857142857
ORIGINAL,3.7142857142857144
GEOMETRIC_SMOTE,4.0
SMOTE,4.214285714285714
BORDERLINE2,5.142857142857143
DELAUNAY,5.285714285714286
