index,0
BORDERLINE2,2.0
SMOTE_SVM,2.642857142857143
SMOTE,4.0
GEOMETRIC_SMOTE,4.071428571428571
BORDERLINE1,4.571428571428571
DELAUNAY,4.857142857142857
ORIGINAL,5.857142857142857
