index,0
BORDERLINE1,2.857142857142857
SMOTE_SVM,3.7857142857142856
GEOMETRIC_SMOTE,3.857142857142857
SMOTE,4.0
BORDERLINE2,4.428571428571429
ORIGINAL,4.5
DELAUNAY,4.571428571428571
