index,0
BORDERLINE1,2.857142857142857
GEOMETRIC_SMOTE,3.7142857142857144
SMOTE,3.7857142857142856
SMOTE_SVM,3.857142857142857
DELAUNAY,4.428571428571429
ORIGINAL,4.5
BORDERLINE2,4.857142857142857
