index,0
SMOTE_SVM,3.0
SMOTE,3.0714285714285716
BORDERLINE2,3.0714285714285716
GEOMETRIC_SMOTE,3.7857142857142856
BORDERLINE1,4.142857142857143
DELAUNAY,5.428571428571429
ORIGINAL,5.5
