index,0
ORIGINAL,2.0714285714285716
GEOMETRIC_SMOTE,3.642857142857143
SMOTE,3.857142857142857
BORDERLINE1,4.142857142857143
SMOTE_SVM,4.5
DELAUNAY,4.571428571428571
BORDERLINE2,5.214285714285714
