index,0
GEOMETRIC_SMOTE,2.7142857142857144
BORDERLINE2,3.142857142857143
DELAUNAY,3.5714285714285716
BORDERLINE1,4.142857142857143
SMOTE_SVM,4.357142857142857
SMOTE,5.0
ORIGINAL,5.071428571428571
