index,0
BORDERLINE2,2.0714285714285716
SMOTE_SVM,2.642857142857143
SMOTE,4.0
GEOMETRIC_SMOTE,4.071428571428571
DELAUNAY,4.642857142857143
BORDERLINE1,4.714285714285714
ORIGINAL,5.857142857142857
