index,0
BORDERLINE2,2.2142857142857144
SMOTE_SVM,2.7857142857142856
SMOTE,4.071428571428571
GEOMETRIC_SMOTE,4.071428571428571
DELAUNAY,4.214285714285714
BORDERLINE1,4.785714285714286
ORIGINAL,5.857142857142857
