index,0
DELAUNAY,2.5714285714285716
BORDERLINE2,3.0714285714285716
BORDERLINE1,3.9285714285714284
SMOTE,4.142857142857143
ORIGINAL,4.214285714285714
GEOMETRIC_SMOTE,4.5
SMOTE_SVM,5.571428571428571
