index,0
ORIGINAL,2.0
GEOMETRIC_SMOTE,3.5714285714285716
SMOTE,3.7857142857142856
BORDERLINE1,4.142857142857143
SMOTE_SVM,4.642857142857143
DELAUNAY,4.785714285714286
BORDERLINE2,5.071428571428571
