index,0
BORDERLINE1,3.0714285714285716
ORIGINAL,3.2857142857142856
GEOMETRIC_SMOTE,3.5
SMOTE_SVM,3.5714285714285716
SMOTE,4.428571428571429
BORDERLINE2,4.714285714285714
DELAUNAY,5.428571428571429
