index,0
BORDERLINE1,2.857142857142857
SMOTE_SVM,3.4285714285714284
GEOMETRIC_SMOTE,3.7857142857142856
SMOTE,3.9285714285714284
ORIGINAL,4.0
BORDERLINE2,4.5
DELAUNAY,5.5
