index,0
BORDERLINE1,2.5714285714285716
GEOMETRIC_SMOTE,3.5714285714285716
SMOTE_SVM,3.642857142857143
SMOTE,3.7142857142857144
ORIGINAL,4.214285714285714
BORDERLINE2,4.285714285714286
DELAUNAY,6.0
