index,0
BORDERLINE1,2.5714285714285716
SMOTE_SVM,3.642857142857143
SMOTE,3.7142857142857144
GEOMETRIC_SMOTE,3.7142857142857144
ORIGINAL,4.285714285714286
BORDERLINE2,4.285714285714286
DELAUNAY,5.785714285714286
