index,0
BORDERLINE1,2.7857142857142856
SMOTE_SVM,2.9285714285714284
SMOTE,3.0
BORDERLINE2,3.4285714285714284
GEOMETRIC_SMOTE,4.0
DELAUNAY,5.357142857142857
ORIGINAL,6.5
