index,0
BORDERLINE1,2.4285714285714284
SMOTE_SVM,3.2857142857142856
SMOTE,3.7857142857142856
ORIGINAL,3.9285714285714284
GEOMETRIC_SMOTE,4.214285714285714
BORDERLINE2,5.071428571428571
DELAUNAY,5.285714285714286
