index,0
SMOTE_SVM,2.5714285714285716
BORDERLINE1,3.142857142857143
SMOTE,3.2142857142857144
GEOMETRIC_SMOTE,3.2142857142857144
BORDERLINE2,4.285714285714286
DELAUNAY,5.071428571428571
ORIGINAL,6.5
