index,0
BORDERLINE1,2.357142857142857
SMOTE_SVM,3.142857142857143
SMOTE,3.642857142857143
ORIGINAL,3.9285714285714284
GEOMETRIC_SMOTE,4.0
BORDERLINE2,4.785714285714286
DELAUNAY,6.142857142857143
