index,0
SMOTE,2.7857142857142856
GEOMETRIC_SMOTE,3.4285714285714284
DELAUNAY,3.5
SMOTE_SVM,3.642857142857143
BORDERLINE2,3.9285714285714284
BORDERLINE1,4.142857142857143
ORIGINAL,6.571428571428571
