index,0
DELAUNAY,2.2857142857142856
BORDERLINE2,2.9285714285714284
BORDERLINE1,4.071428571428571
ORIGINAL,4.214285714285714
SMOTE,4.214285714285714
GEOMETRIC_SMOTE,4.642857142857143
SMOTE_SVM,5.642857142857143
