index,0
SMOTE_SVM,2.4285714285714284
BORDERLINE2,3.642857142857143
SMOTE,3.7142857142857144
BORDERLINE1,3.857142857142857
GEOMETRIC_SMOTE,4.214285714285714
ORIGINAL,4.5
DELAUNAY,5.642857142857143
