index,0
SMOTE,2.5714285714285716
GEOMETRIC_SMOTE,3.5714285714285716
BORDERLINE1,3.7857142857142856
BORDERLINE2,3.7857142857142856
SMOTE_SVM,3.857142857142857
DELAUNAY,4.571428571428571
ORIGINAL,5.857142857142857
