index,0
BORDERLINE1,2.7142857142857144
SMOTE_SVM,3.7142857142857144
GEOMETRIC_SMOTE,3.7857142857142856
ORIGINAL,4.071428571428571
SMOTE,4.214285714285714
BORDERLINE2,4.5
DELAUNAY,5.0
