index,0
BORDERLINE2,2.9285714285714284
SMOTE_SVM,3.0
SMOTE,3.357142857142857
BORDERLINE1,4.0
GEOMETRIC_SMOTE,4.071428571428571
DELAUNAY,5.285714285714286
ORIGINAL,5.357142857142857
