index,0
BORDERLINE1,2.4285714285714284
SMOTE_SVM,3.2857142857142856
SMOTE,3.7857142857142856
ORIGINAL,3.9285714285714284
GEOMETRIC_SMOTE,4.071428571428571
BORDERLINE2,4.785714285714286
DELAUNAY,5.714285714285714
