index,0
ORIGINAL,2.2142857142857144
SMOTE,3.4285714285714284
DELAUNAY,3.7857142857142856
GEOMETRIC_SMOTE,4.142857142857143
BORDERLINE2,4.285714285714286
BORDERLINE1,4.5
SMOTE_SVM,5.642857142857143
