index,0
GEOMETRIC_SMOTE,3.0
BORDERLINE1,3.142857142857143
BORDERLINE2,3.142857142857143
SMOTE_SVM,3.2857142857142856
SMOTE,3.4285714285714284
DELAUNAY,5.714285714285714
ORIGINAL,6.285714285714286
