index,0
SMOTE_SVM,2.7857142857142856
SMOTE,3.0714285714285716
GEOMETRIC_SMOTE,3.357142857142857
BORDERLINE2,3.4285714285714284
BORDERLINE1,3.5
DELAUNAY,5.857142857142857
ORIGINAL,6.0
