index,0
BORDERLINE1,2.7857142857142856
SMOTE_SVM,3.7142857142857144
GEOMETRIC_SMOTE,3.9285714285714284
ORIGINAL,4.214285714285714
SMOTE,4.214285714285714
BORDERLINE2,4.571428571428571
DELAUNAY,4.571428571428571
