index,0
BORDERLINE2,2.857142857142857
DELAUNAY,3.2857142857142856
ORIGINAL,3.9285714285714284
BORDERLINE1,3.9285714285714284
SMOTE,4.0
GEOMETRIC_SMOTE,4.571428571428571
SMOTE_SVM,5.428571428571429
