index,0
SMOTE_SVM,2.7142857142857144
SMOTE,3.5714285714285716
GEOMETRIC_SMOTE,3.642857142857143
BORDERLINE2,3.7142857142857144
BORDERLINE1,3.9285714285714284
ORIGINAL,5.0
DELAUNAY,5.428571428571429
