index,0
SMOTE_SVM,2.9285714285714284
BORDERLINE2,3.0
SMOTE,3.4285714285714284
GEOMETRIC_SMOTE,4.142857142857143
BORDERLINE1,4.285714285714286
DELAUNAY,4.642857142857143
ORIGINAL,5.571428571428571
