index,0
BORDERLINE2,2.9285714285714284
DELAUNAY,3.142857142857143
BORDERLINE1,3.9285714285714284
SMOTE,4.0
ORIGINAL,4.071428571428571
GEOMETRIC_SMOTE,4.5
SMOTE_SVM,5.428571428571429
