index,0
SMOTE,3.0
SMOTE_SVM,3.357142857142857
GEOMETRIC_SMOTE,3.5714285714285716
BORDERLINE2,4.071428571428571
BORDERLINE1,4.285714285714286
ORIGINAL,4.857142857142857
DELAUNAY,4.857142857142857
