index,0
ORIGINAL,2.857142857142857
BORDERLINE2,3.7857142857142856
SMOTE,3.9285714285714284
DELAUNAY,4.0
BORDERLINE1,4.142857142857143
GEOMETRIC_SMOTE,4.428571428571429
SMOTE_SVM,4.857142857142857
