index,0
SMOTE,2.857142857142857
BORDERLINE2,3.5
SMOTE_SVM,3.7142857142857144
GEOMETRIC_SMOTE,3.7857142857142856
DELAUNAY,4.071428571428571
BORDERLINE1,4.142857142857143
ORIGINAL,5.928571428571429
