index,0
ORIGINAL,2.0
GEOMETRIC_SMOTE,3.642857142857143
DELAUNAY,3.9285714285714284
SMOTE,4.071428571428571
BORDERLINE1,4.214285714285714
SMOTE_SVM,4.785714285714286
BORDERLINE2,5.357142857142857
