index,0
ORIGINAL,2.7142857142857144
BORDERLINE1,3.2857142857142856
SMOTE_SVM,3.5714285714285716
GEOMETRIC_SMOTE,3.642857142857143
SMOTE,4.642857142857143
BORDERLINE2,5.071428571428571
DELAUNAY,5.071428571428571
