index,0
SMOTE,2.7857142857142856
BORDERLINE2,3.4285714285714284
SMOTE_SVM,3.5
GEOMETRIC_SMOTE,3.7857142857142856
BORDERLINE1,4.0
DELAUNAY,4.642857142857143
ORIGINAL,5.857142857142857
