index,0
SMOTE_SVM,3.0
BORDERLINE2,3.142857142857143
SMOTE,3.642857142857143
BORDERLINE1,4.214285714285714
GEOMETRIC_SMOTE,4.214285714285714
DELAUNAY,4.357142857142857
ORIGINAL,5.428571428571429
