index,0
SMOTE,2.2142857142857144
BORDERLINE1,2.7857142857142856
SMOTE_SVM,3.0
GEOMETRIC_SMOTE,3.142857142857143
BORDERLINE2,4.0
DELAUNAY,6.214285714285714
ORIGINAL,6.642857142857143
