index,0
BORDERLINE1,2.357142857142857
SMOTE_SVM,2.7857142857142856
GEOMETRIC_SMOTE,3.5714285714285716
ORIGINAL,3.9285714285714284
SMOTE,4.214285714285714
BORDERLINE2,4.857142857142857
DELAUNAY,6.285714285714286
