index,0
SMOTE_SVM,2.7857142857142856
SMOTE,3.2142857142857144
GEOMETRIC_SMOTE,3.5
BORDERLINE1,3.642857142857143
BORDERLINE2,3.7142857142857144
DELAUNAY,4.857142857142857
ORIGINAL,6.285714285714286
