index,0
BORDERLINE2,2.7857142857142856
DELAUNAY,3.4285714285714284
BORDERLINE1,3.9285714285714284
SMOTE,4.0
ORIGINAL,4.071428571428571
GEOMETRIC_SMOTE,4.428571428571429
SMOTE_SVM,5.357142857142857
