index,0
BORDERLINE1,2.642857142857143
SMOTE,3.5714285714285716
GEOMETRIC_SMOTE,3.7142857142857144
SMOTE_SVM,3.857142857142857
BORDERLINE2,4.285714285714286
ORIGINAL,4.357142857142857
DELAUNAY,5.571428571428571
