index,0
SMOTE_SVM,2.857142857142857
BORDERLINE2,3.0
SMOTE,3.357142857142857
BORDERLINE1,4.0
GEOMETRIC_SMOTE,4.0
ORIGINAL,5.285714285714286
DELAUNAY,5.5
