index,0
SMOTE_SVM,3.0714285714285716
BORDERLINE2,3.2142857142857144
SMOTE,3.5714285714285716
GEOMETRIC_SMOTE,4.142857142857143
DELAUNAY,4.142857142857143
BORDERLINE1,4.214285714285714
ORIGINAL,5.642857142857143
