index,0
BORDERLINE1,2.5714285714285716
SMOTE_SVM,2.9285714285714284
GEOMETRIC_SMOTE,3.7857142857142856
ORIGINAL,4.071428571428571
SMOTE,4.357142857142857
BORDERLINE2,5.0
DELAUNAY,5.285714285714286
