index,0
SMOTE,2.7857142857142856
GEOMETRIC_SMOTE,3.4285714285714284
DELAUNAY,3.4285714285714284
BORDERLINE2,3.7142857142857144
SMOTE_SVM,4.0
BORDERLINE1,4.0
ORIGINAL,6.642857142857143
