index,0
BORDERLINE2,2.2857142857142856
SMOTE_SVM,3.142857142857143
DELAUNAY,3.357142857142857
GEOMETRIC_SMOTE,4.142857142857143
SMOTE,4.214285714285714
BORDERLINE1,4.785714285714286
ORIGINAL,6.071428571428571
