index,0
GEOMETRIC_SMOTE,2.7142857142857144
BORDERLINE2,3.142857142857143
BORDERLINE1,4.071428571428571
DELAUNAY,4.071428571428571
SMOTE_SVM,4.214285714285714
SMOTE,4.857142857142857
ORIGINAL,4.928571428571429
