index,0
BORDERLINE1,2.5714285714285716
SMOTE_SVM,3.5714285714285716
GEOMETRIC_SMOTE,3.7142857142857144
SMOTE,3.857142857142857
ORIGINAL,4.0
BORDERLINE2,4.571428571428571
DELAUNAY,5.714285714285714
