index,0
SMOTE_SVM,2.5714285714285716
GEOMETRIC_SMOTE,3.0714285714285716
BORDERLINE1,3.142857142857143
SMOTE,3.357142857142857
BORDERLINE2,4.428571428571429
DELAUNAY,5.071428571428571
ORIGINAL,6.357142857142857
