index,0
ORIGINAL,1.9285714285714286
SMOTE,3.2857142857142856
GEOMETRIC_SMOTE,3.9285714285714284
BORDERLINE2,4.071428571428571
BORDERLINE1,4.285714285714286
DELAUNAY,4.857142857142857
SMOTE_SVM,5.642857142857143
