DATASET,ALGORITHM,ORIGINAL,RANK_ORIGINAL,SMOTE,RANK_SMOTE,SMOTE_SVM,RANK_SMOTE_SVM,BORDERLINE1,RANK_BORDERLINE1,BORDERLINE2,RANK_BORDERLINE2,GEOMETRIC_SMOTE,RANK_GEOMETRIC_SMOTE,DELAUNAY,RANK_DELAUNAY,DELAUNAY_TYPE,ALPHA,unit
contraceptive,RF,0.37799999999999995,5.0,0.386,1.0,0.384,2.5,0.364,7.0,0.38,4.0,0.374,6.0,0.384,2.5,area,3.5,IBA
dermatology,RF,0.912,6.0,0.92,5.0,0.932,2.0,0.93,3.0,0.924,4.0,0.934,1.0,0.91,7.0,area,3.5,IBA
glass,RF,0.632,6.0,0.6759999999999999,2.0,0.6940000000000001,1.0,0.6599999999999999,4.0,0.6619999999999999,3.0,0.648,5.0,0.5879999999999999,7.0,area,3.5,IBA
new-thyroid,RF,0.936,3.5,0.9600000000000002,1.0,0.9520000000000001,2.0,0.936,3.5,0.924,5.0,0.9159999999999999,6.0,0.9,7.0,area,3.5,IBA
penbased,RF,0.96,5.5,0.9620000000000001,4.0,0.9599999999999996,5.5,0.966,1.5,0.964,3.0,0.966,1.5,0.958,7.0,area,3.5,IBA
thyroid,RF,0.6719999999999999,7.0,0.8460000000000001,2.0,0.784,3.0,0.7100000000000001,5.0,0.8620000000000001,1.0,0.6920000000000001,6.0,0.7140000000000001,4.0,area,3.5,IBA
wine,RF,0.93,3.5,0.922,5.0,0.93,3.5,0.9200000000000002,6.0,0.948,1.0,0.946,2.0,0.912,7.0,area,3.5,IBA
