index,0
SMOTE_SVM,2.9285714285714284
SMOTE,3.0714285714285716
BORDERLINE1,3.5
GEOMETRIC_SMOTE,3.5
BORDERLINE2,3.5714285714285716
DELAUNAY,5.142857142857143
ORIGINAL,6.285714285714286
