index,0
BORDERLINE1,3.0
SMOTE,3.7142857142857144
GEOMETRIC_SMOTE,3.857142857142857
SMOTE_SVM,4.0
DELAUNAY,4.285714285714286
BORDERLINE2,4.428571428571429
ORIGINAL,4.714285714285714
