index,0
ORIGINAL,2.2142857142857144
SMOTE,3.5
BORDERLINE1,3.642857142857143
BORDERLINE2,3.642857142857143
GEOMETRIC_SMOTE,4.357142857142857
SMOTE_SVM,4.642857142857143
DELAUNAY,6.0
