index,0
ORIGINAL,2.0714285714285716
GEOMETRIC_SMOTE,3.5714285714285716
BORDERLINE1,3.7142857142857144
SMOTE,3.857142857142857
SMOTE_SVM,4.571428571428571
BORDERLINE2,4.928571428571429
DELAUNAY,5.285714285714286
