index,0
ORIGINAL,2.7142857142857144
BORDERLINE2,3.642857142857143
SMOTE,3.7857142857142856
BORDERLINE1,4.0
GEOMETRIC_SMOTE,4.428571428571429
SMOTE_SVM,4.714285714285714
DELAUNAY,4.714285714285714
