index,0
ORIGINAL,2.0714285714285716
GEOMETRIC_SMOTE,3.5
BORDERLINE1,3.7857142857142856
SMOTE,3.9285714285714284
SMOTE_SVM,4.714285714285714
BORDERLINE2,4.857142857142857
DELAUNAY,5.142857142857143
