index,0
ORIGINAL,1.9285714285714286
GEOMETRIC_SMOTE,3.7142857142857144
BORDERLINE1,3.7857142857142856
SMOTE,3.9285714285714284
DELAUNAY,4.785714285714286
SMOTE_SVM,4.928571428571429
BORDERLINE2,4.928571428571429
