index,0
BORDERLINE1,2.857142857142857
SMOTE,3.357142857142857
GEOMETRIC_SMOTE,3.357142857142857
SMOTE_SVM,3.9285714285714284
BORDERLINE2,4.0
ORIGINAL,4.642857142857143
DELAUNAY,5.857142857142857
