index,0
SMOTE_SVM,3.0
BORDERLINE2,3.0714285714285716
SMOTE,3.5
GEOMETRIC_SMOTE,4.071428571428571
BORDERLINE1,4.142857142857143
DELAUNAY,4.857142857142857
ORIGINAL,5.357142857142857
