index,0
ORIGINAL,2.357142857142857
SMOTE,3.9285714285714284
BORDERLINE1,3.9285714285714284
BORDERLINE2,4.071428571428571
GEOMETRIC_SMOTE,4.357142857142857
DELAUNAY,4.428571428571429
SMOTE_SVM,4.928571428571429
