index,0
BORDERLINE1,2.5714285714285716
SMOTE_SVM,3.2857142857142856
SMOTE,3.7857142857142856
ORIGINAL,4.071428571428571
GEOMETRIC_SMOTE,4.214285714285714
DELAUNAY,4.857142857142857
BORDERLINE2,5.214285714285714
