index,0
BORDERLINE1,2.7142857142857144
SMOTE,3.2142857142857144
GEOMETRIC_SMOTE,3.2142857142857144
BORDERLINE2,3.9285714285714284
SMOTE_SVM,4.0
ORIGINAL,4.714285714285714
DELAUNAY,6.214285714285714
