index,0
BORDERLINE1,2.7857142857142856
BORDERLINE2,3.2857142857142856
SMOTE,3.357142857142857
SMOTE_SVM,3.5714285714285716
GEOMETRIC_SMOTE,4.0
DELAUNAY,4.142857142857143
ORIGINAL,6.857142857142857
