index,0
SMOTE,3.357142857142857
SMOTE_SVM,3.4285714285714284
DELAUNAY,3.5
GEOMETRIC_SMOTE,4.0
BORDERLINE2,4.071428571428571
BORDERLINE1,4.642857142857143
ORIGINAL,5.0
