index,0
SMOTE,3.0
SMOTE_SVM,3.0
GEOMETRIC_SMOTE,3.142857142857143
BORDERLINE1,3.7857142857142856
BORDERLINE2,3.7857142857142856
DELAUNAY,5.142857142857143
ORIGINAL,6.142857142857143
