index,0
BORDERLINE1,3.0
SMOTE_SVM,3.7857142857142856
SMOTE,3.857142857142857
GEOMETRIC_SMOTE,3.857142857142857
DELAUNAY,4.285714285714286
ORIGINAL,4.5
BORDERLINE2,4.714285714285714
