index,0
SMOTE_SVM,2.642857142857143
SMOTE,3.4285714285714284
BORDERLINE2,3.642857142857143
GEOMETRIC_SMOTE,3.857142857142857
BORDERLINE1,4.071428571428571
ORIGINAL,4.714285714285714
DELAUNAY,5.642857142857143
