index,0
SMOTE_SVM,2.5714285714285716
SMOTE,3.4285714285714284
GEOMETRIC_SMOTE,3.642857142857143
BORDERLINE2,3.7857142857142856
BORDERLINE1,3.9285714285714284
ORIGINAL,4.785714285714286
DELAUNAY,5.857142857142857
