index,0
SMOTE_SVM,2.2857142857142856
SMOTE,3.142857142857143
BORDERLINE2,3.5714285714285716
BORDERLINE1,3.7857142857142856
GEOMETRIC_SMOTE,3.9285714285714284
ORIGINAL,5.142857142857143
DELAUNAY,6.142857142857143
