index,0
ORIGINAL,2.0714285714285716
GEOMETRIC_SMOTE,3.4285714285714284
SMOTE,3.9285714285714284
BORDERLINE1,3.9285714285714284
SMOTE_SVM,4.857142857142857
DELAUNAY,4.857142857142857
BORDERLINE2,4.928571428571429
