index,0
BORDERLINE1,2.642857142857143
SMOTE_SVM,3.5
GEOMETRIC_SMOTE,3.7142857142857144
SMOTE,3.7857142857142856
ORIGINAL,4.357142857142857
BORDERLINE2,4.428571428571429
DELAUNAY,5.571428571428571
