index,0
SMOTE,2.357142857142857
SMOTE_SVM,2.642857142857143
BORDERLINE1,3.142857142857143
BORDERLINE2,3.642857142857143
GEOMETRIC_SMOTE,4.214285714285714
ORIGINAL,5.428571428571429
DELAUNAY,6.571428571428571
