index,0
BORDERLINE2,2.9285714285714284
DELAUNAY,3.2142857142857144
BORDERLINE1,3.7857142857142856
ORIGINAL,4.0
SMOTE,4.142857142857143
GEOMETRIC_SMOTE,4.428571428571429
SMOTE_SVM,5.5
