index,0
ORIGINAL,1.9285714285714286
SMOTE,3.142857142857143
BORDERLINE1,3.9285714285714284
BORDERLINE2,4.0
GEOMETRIC_SMOTE,4.0
SMOTE_SVM,5.5
DELAUNAY,5.5
