index,0
BORDERLINE1,2.7857142857142856
SMOTE_SVM,3.7142857142857144
GEOMETRIC_SMOTE,3.7142857142857144
SMOTE,3.857142857142857
ORIGINAL,4.428571428571429
BORDERLINE2,4.571428571428571
DELAUNAY,4.928571428571429
