index,0
ORIGINAL,2.7142857142857144
BORDERLINE2,3.642857142857143
SMOTE,3.7857142857142856
BORDERLINE1,3.857142857142857
GEOMETRIC_SMOTE,4.285714285714286
SMOTE_SVM,4.857142857142857
DELAUNAY,4.857142857142857
