index,0
SMOTE_SVM,2.4285714285714284
SMOTE,3.5714285714285716
BORDERLINE1,4.214285714285714
DELAUNAY,4.285714285714286
GEOMETRIC_SMOTE,4.357142857142857
BORDERLINE2,4.5
ORIGINAL,4.642857142857143
