index,0
BORDERLINE1,2.7142857142857144
SMOTE,3.357142857142857
GEOMETRIC_SMOTE,3.5
SMOTE_SVM,4.071428571428571
BORDERLINE2,4.285714285714286
ORIGINAL,4.714285714285714
DELAUNAY,5.357142857142857
