index,0
SMOTE_SVM,2.5714285714285716
SMOTE,3.7142857142857144
BORDERLINE1,4.0
DELAUNAY,4.071428571428571
BORDERLINE2,4.285714285714286
GEOMETRIC_SMOTE,4.285714285714286
ORIGINAL,5.071428571428571
