index,0
SMOTE_SVM,2.857142857142857
BORDERLINE2,3.0714285714285716
SMOTE,3.142857142857143
GEOMETRIC_SMOTE,4.071428571428571
BORDERLINE1,4.5
DELAUNAY,4.857142857142857
ORIGINAL,5.5
