index,0
SMOTE,2.857142857142857
SMOTE_SVM,3.2142857142857144
GEOMETRIC_SMOTE,3.357142857142857
BORDERLINE2,4.0
BORDERLINE1,4.285714285714286
ORIGINAL,4.928571428571429
DELAUNAY,5.357142857142857
