index,0
BORDERLINE1,2.857142857142857
SMOTE_SVM,3.7142857142857144
GEOMETRIC_SMOTE,3.9285714285714284
ORIGINAL,4.214285714285714
SMOTE,4.214285714285714
DELAUNAY,4.428571428571429
BORDERLINE2,4.642857142857143
