index,0
GEOMETRIC_SMOTE,2.642857142857143
BORDERLINE2,2.7857142857142856
BORDERLINE1,3.642857142857143
SMOTE_SVM,4.071428571428571
ORIGINAL,4.571428571428571
SMOTE,4.714285714285714
DELAUNAY,5.571428571428571
