index,0
SMOTE,2.9285714285714284
DELAUNAY,3.2857142857142856
SMOTE_SVM,3.9285714285714284
BORDERLINE2,3.9285714285714284
BORDERLINE1,4.071428571428571
GEOMETRIC_SMOTE,4.071428571428571
ORIGINAL,5.785714285714286
