index,0
BORDERLINE1,2.9285714285714284
ORIGINAL,3.142857142857143
GEOMETRIC_SMOTE,3.5
SMOTE_SVM,3.5714285714285716
SMOTE,4.142857142857143
BORDERLINE2,4.642857142857143
DELAUNAY,6.071428571428571
