index,0
SMOTE_SVM,2.5714285714285716
SMOTE,3.357142857142857
BORDERLINE2,3.5714285714285716
BORDERLINE1,3.9285714285714284
GEOMETRIC_SMOTE,3.9285714285714284
ORIGINAL,4.857142857142857
DELAUNAY,5.785714285714286
