index,0
SMOTE_SVM,2.7857142857142856
SMOTE,3.0714285714285716
BORDERLINE1,3.357142857142857
GEOMETRIC_SMOTE,3.357142857142857
BORDERLINE2,3.5714285714285716
DELAUNAY,5.714285714285714
ORIGINAL,6.142857142857143
