index,0
BORDERLINE1,2.0714285714285716
SMOTE,3.5714285714285716
BORDERLINE2,3.7857142857142856
SMOTE_SVM,3.9285714285714284
GEOMETRIC_SMOTE,4.071428571428571
ORIGINAL,5.0
DELAUNAY,5.571428571428571
