index,0
ORIGINAL,2.7857142857142856
BORDERLINE2,3.857142857142857
SMOTE,4.0
DELAUNAY,4.071428571428571
BORDERLINE1,4.142857142857143
GEOMETRIC_SMOTE,4.285714285714286
SMOTE_SVM,4.857142857142857
