index,0
ORIGINAL,2.2142857142857144
SMOTE,3.2142857142857144
BORDERLINE2,4.071428571428571
DELAUNAY,4.214285714285714
GEOMETRIC_SMOTE,4.285714285714286
BORDERLINE1,4.357142857142857
SMOTE_SVM,5.642857142857143
