index,0
SMOTE_SVM,2.2857142857142856
SMOTE,3.2857142857142856
BORDERLINE2,3.7142857142857144
BORDERLINE1,3.857142857142857
GEOMETRIC_SMOTE,3.857142857142857
ORIGINAL,5.071428571428571
DELAUNAY,5.928571428571429
