index,0
ORIGINAL,2.0714285714285716
SMOTE,3.142857142857143
BORDERLINE2,4.071428571428571
GEOMETRIC_SMOTE,4.142857142857143
BORDERLINE1,4.285714285714286
DELAUNAY,4.928571428571429
SMOTE_SVM,5.357142857142857
