index,0
GEOMETRIC_SMOTE,2.642857142857143
BORDERLINE2,2.9285714285714284
BORDERLINE1,3.7142857142857144
SMOTE_SVM,4.285714285714286
ORIGINAL,4.714285714285714
SMOTE,4.785714285714286
DELAUNAY,4.928571428571429
