index,0
ORIGINAL,1.8571428571428572
GEOMETRIC_SMOTE,3.642857142857143
SMOTE,3.7857142857142856
BORDERLINE1,4.214285714285714
SMOTE_SVM,4.5
DELAUNAY,4.857142857142857
BORDERLINE2,5.142857142857143
