index,0
SMOTE_SVM,2.7142857142857144
BORDERLINE2,3.4285714285714284
SMOTE,3.5714285714285716
GEOMETRIC_SMOTE,3.642857142857143
BORDERLINE1,4.071428571428571
ORIGINAL,4.785714285714286
DELAUNAY,5.785714285714286
