index,0
BORDERLINE1,2.7857142857142856
SMOTE,3.0714285714285716
BORDERLINE2,3.0714285714285716
SMOTE_SVM,3.5
GEOMETRIC_SMOTE,4.0
DELAUNAY,4.857142857142857
ORIGINAL,6.714285714285714
