index,0
SMOTE_SVM,2.5714285714285716
GEOMETRIC_SMOTE,3.0714285714285716
SMOTE,3.2142857142857144
BORDERLINE1,3.2857142857142856
BORDERLINE2,4.285714285714286
DELAUNAY,5.285714285714286
ORIGINAL,6.285714285714286
