index,0
ORIGINAL,2.5
SMOTE,3.7857142857142856
BORDERLINE1,3.7857142857142856
BORDERLINE2,3.857142857142857
GEOMETRIC_SMOTE,4.071428571428571
SMOTE_SVM,4.928571428571429
DELAUNAY,5.071428571428571
