index,0
SMOTE_SVM,2.857142857142857
SMOTE,3.2857142857142856
GEOMETRIC_SMOTE,3.4285714285714284
BORDERLINE1,4.071428571428571
BORDERLINE2,4.071428571428571
DELAUNAY,4.142857142857143
ORIGINAL,6.142857142857143
