index,0
ORIGINAL,2.0
GEOMETRIC_SMOTE,3.642857142857143
SMOTE,3.9285714285714284
BORDERLINE1,4.357142857142857
DELAUNAY,4.357142857142857
SMOTE_SVM,4.5
BORDERLINE2,5.214285714285714
