index,0
BORDERLINE1,2.5714285714285716
SMOTE_SVM,3.5714285714285716
GEOMETRIC_SMOTE,3.7142857142857144
ORIGINAL,3.9285714285714284
SMOTE,4.071428571428571
BORDERLINE2,4.357142857142857
DELAUNAY,5.785714285714286
