index,0
GEOMETRIC_SMOTE,2.5
BORDERLINE2,2.7857142857142856
BORDERLINE1,3.7142857142857144
SMOTE_SVM,4.0
SMOTE,4.357142857142857
ORIGINAL,4.5
DELAUNAY,6.142857142857143
