index,0
ORIGINAL,2.0
GEOMETRIC_SMOTE,3.5
SMOTE,3.9285714285714284
BORDERLINE1,4.142857142857143
SMOTE_SVM,4.5
DELAUNAY,4.857142857142857
BORDERLINE2,5.071428571428571
