index,0
SMOTE_SVM,2.7142857142857144
BORDERLINE1,3.2857142857142856
SMOTE,3.357142857142857
GEOMETRIC_SMOTE,3.357142857142857
BORDERLINE2,4.285714285714286
DELAUNAY,4.428571428571429
ORIGINAL,6.571428571428571
