index,0
BORDERLINE1,2.857142857142857
SMOTE_SVM,3.5714285714285716
GEOMETRIC_SMOTE,3.7857142857142856
ORIGINAL,3.9285714285714284
SMOTE,4.071428571428571
BORDERLINE2,4.5
DELAUNAY,5.285714285714286
