index,0
BORDERLINE2,2.142857142857143
SMOTE_SVM,2.7142857142857144
SMOTE,4.0
GEOMETRIC_SMOTE,4.071428571428571
DELAUNAY,4.5
BORDERLINE1,4.642857142857143
ORIGINAL,5.928571428571429
