index,0
BORDERLINE1,2.7857142857142856
BORDERLINE2,3.2142857142857144
SMOTE,3.2857142857142856
SMOTE_SVM,3.5
GEOMETRIC_SMOTE,4.0
DELAUNAY,4.5
ORIGINAL,6.714285714285714
