index,0
GEOMETRIC_SMOTE,2.7142857142857144
BORDERLINE2,3.0
DELAUNAY,3.857142857142857
BORDERLINE1,4.142857142857143
SMOTE_SVM,4.357142857142857
ORIGINAL,4.928571428571429
SMOTE,5.0
