index,0
BORDERLINE1,2.857142857142857
SMOTE,3.2142857142857144
GEOMETRIC_SMOTE,3.357142857142857
BORDERLINE2,4.0
SMOTE_SVM,4.071428571428571
ORIGINAL,4.714285714285714
DELAUNAY,5.785714285714286
