index,0
BORDERLINE1,2.7857142857142856
SMOTE,3.357142857142857
GEOMETRIC_SMOTE,3.5
SMOTE_SVM,4.071428571428571
BORDERLINE2,4.214285714285714
ORIGINAL,4.642857142857143
DELAUNAY,5.428571428571429
