index,0
BORDERLINE1,2.5714285714285716
SMOTE,3.4285714285714284
SMOTE_SVM,3.5
GEOMETRIC_SMOTE,3.5
ORIGINAL,4.142857142857143
BORDERLINE2,4.214285714285714
DELAUNAY,6.642857142857143
