index,0
BORDERLINE1,2.5714285714285716
SMOTE_SVM,3.5
GEOMETRIC_SMOTE,3.7142857142857144
SMOTE,3.7857142857142856
ORIGINAL,4.214285714285714
BORDERLINE2,4.285714285714286
DELAUNAY,5.928571428571429
