index,0
SMOTE_SVM,2.5
SMOTE,3.4285714285714284
BORDERLINE2,3.857142857142857
BORDERLINE1,4.0
GEOMETRIC_SMOTE,4.142857142857143
DELAUNAY,5.0
ORIGINAL,5.071428571428571
