index,0
BORDERLINE1,2.9285714285714284
GEOMETRIC_SMOTE,3.357142857142857
ORIGINAL,3.5
SMOTE,3.9285714285714284
SMOTE_SVM,4.071428571428571
BORDERLINE2,4.857142857142857
DELAUNAY,5.357142857142857
