index,0
BORDERLINE1,2.2857142857142856
SMOTE_SVM,3.0
SMOTE,3.642857142857143
ORIGINAL,3.9285714285714284
GEOMETRIC_SMOTE,4.142857142857143
BORDERLINE2,4.857142857142857
DELAUNAY,6.142857142857143
