index,0
BORDERLINE1,2.9285714285714284
ORIGINAL,3.0
SMOTE_SVM,3.7142857142857144
GEOMETRIC_SMOTE,3.7142857142857144
SMOTE,4.285714285714286
BORDERLINE2,4.857142857142857
DELAUNAY,5.5
