index,0
ORIGINAL,2.7857142857142856
BORDERLINE1,3.2857142857142856
GEOMETRIC_SMOTE,3.5
SMOTE_SVM,3.5714285714285716
SMOTE,4.5
BORDERLINE2,4.928571428571429
DELAUNAY,5.428571428571429
