index,0
SMOTE_SVM,2.7857142857142856
GEOMETRIC_SMOTE,3.357142857142857
SMOTE,3.5714285714285716
BORDERLINE1,3.5714285714285716
DELAUNAY,3.5714285714285716
BORDERLINE2,4.571428571428571
ORIGINAL,6.571428571428571
