index,0
ORIGINAL,1.9285714285714286
BORDERLINE1,3.5714285714285716
GEOMETRIC_SMOTE,3.5714285714285716
SMOTE,3.7142857142857144
SMOTE_SVM,4.428571428571429
BORDERLINE2,4.642857142857143
DELAUNAY,6.142857142857143
