index,0
BORDERLINE1,2.142857142857143
SMOTE,3.857142857142857
BORDERLINE2,3.9285714285714284
SMOTE_SVM,4.142857142857143
GEOMETRIC_SMOTE,4.357142857142857
DELAUNAY,4.428571428571429
ORIGINAL,5.142857142857143
