index,0
SMOTE_SVM,2.5714285714285716
GEOMETRIC_SMOTE,3.2857142857142856
SMOTE,3.357142857142857
BORDERLINE1,3.642857142857143
DELAUNAY,4.214285714285714
BORDERLINE2,4.357142857142857
ORIGINAL,6.571428571428571
