index,0
SMOTE_SVM,2.5714285714285716
SMOTE,3.7142857142857144
BORDERLINE2,3.7142857142857144
BORDERLINE1,3.9285714285714284
GEOMETRIC_SMOTE,4.214285714285714
ORIGINAL,4.642857142857143
DELAUNAY,5.214285714285714
