index,0
BORDERLINE1,2.4285714285714284
SMOTE_SVM,3.2142857142857144
SMOTE,3.857142857142857
ORIGINAL,3.9285714285714284
GEOMETRIC_SMOTE,4.285714285714286
BORDERLINE2,5.0
DELAUNAY,5.285714285714286
