index,0
SMOTE,2.857142857142857
SMOTE_SVM,3.4285714285714284
DELAUNAY,3.5
BORDERLINE2,3.7142857142857144
BORDERLINE1,3.9285714285714284
GEOMETRIC_SMOTE,3.9285714285714284
ORIGINAL,6.642857142857143
