index,0
BORDERLINE1,2.857142857142857
SMOTE,3.357142857142857
GEOMETRIC_SMOTE,3.4285714285714284
SMOTE_SVM,4.0
BORDERLINE2,4.071428571428571
ORIGINAL,4.642857142857143
DELAUNAY,5.642857142857143
