index,0
SMOTE_SVM,2.2857142857142856
SMOTE,3.357142857142857
BORDERLINE1,3.7142857142857144
BORDERLINE2,4.285714285714286
GEOMETRIC_SMOTE,4.571428571428571
ORIGINAL,4.785714285714286
DELAUNAY,5.0
