index,0
SMOTE_SVM,2.357142857142857
SMOTE,3.5714285714285716
BORDERLINE1,3.7142857142857144
BORDERLINE2,3.7857142857142856
GEOMETRIC_SMOTE,4.214285714285714
ORIGINAL,4.571428571428571
DELAUNAY,5.785714285714286
