index,0
ORIGINAL,2.857142857142857
BORDERLINE2,3.642857142857143
SMOTE,3.857142857142857
BORDERLINE1,4.0
GEOMETRIC_SMOTE,4.428571428571429
DELAUNAY,4.5
SMOTE_SVM,4.714285714285714
