DATASET,ALGORITHM,ORIGINAL,RANK_ORIGINAL,SMOTE,RANK_SMOTE,SMOTE_SVM,RANK_SMOTE_SVM,BORDERLINE1,RANK_BORDERLINE1,BORDERLINE2,RANK_BORDERLINE2,GEOMETRIC_SMOTE,RANK_GEOMETRIC_SMOTE,DELAUNAY,RANK_DELAUNAY,DELAUNAY_TYPE,ALPHA,unit
contraceptive,RF,0.532,2.0,0.5279999999999999,3.0,0.534,1.0,0.512,7.0,0.524,4.5,0.522,6.0,0.524,4.5,area,5.0,PRE
dermatology,RF,0.934,7.0,0.94,5.0,0.946,3.5,0.946,3.5,0.938,6.0,0.9520000000000001,2.0,0.954,1.0,area,5.0,PRE
glass,RF,0.7040000000000001,7.0,0.746,2.0,0.7540000000000001,1.0,0.7340000000000001,4.0,0.74,3.0,0.7219999999999999,5.0,0.708,6.0,area,5.0,PRE
new-thyroid,RF,0.98,3.5,0.986,1.0,0.9840000000000001,2.0,0.98,3.5,0.958,7.0,0.964,5.0,0.962,6.0,area,5.0,PRE
penbased,RF,0.968,6.0,0.968,6.0,0.968,6.0,0.972,1.5,0.97,3.5,0.972,1.5,0.97,3.5,area,5.0,PRE
thyroid,RF,0.962,5.5,0.976,2.0,0.972,3.0,0.968,4.0,0.978,1.0,0.9620000000000001,5.5,0.9559999999999998,7.0,area,5.0,PRE
wine,RF,0.9559999999999998,3.5,0.95,6.0,0.9559999999999998,3.5,0.9520000000000001,5.0,0.966,1.5,0.966,1.5,0.946,7.0,area,5.0,PRE
