index,0
SMOTE,2.2142857142857144
BORDERLINE1,2.7857142857142856
SMOTE_SVM,3.0714285714285716
GEOMETRIC_SMOTE,3.2142857142857144
BORDERLINE2,4.0
DELAUNAY,6.142857142857143
ORIGINAL,6.571428571428571
