index,0
SMOTE,2.7142857142857144
BORDERLINE1,2.7857142857142856
SMOTE_SVM,2.9285714285714284
BORDERLINE2,3.4285714285714284
GEOMETRIC_SMOTE,4.0
DELAUNAY,5.5
ORIGINAL,6.642857142857143
