index,0
SMOTE_SVM,2.2857142857142856
SMOTE,3.142857142857143
BORDERLINE1,3.5
BORDERLINE2,4.0
GEOMETRIC_SMOTE,4.0
ORIGINAL,4.5
DELAUNAY,6.571428571428571
