index,0
ORIGINAL,2.5714285714285716
BORDERLINE1,3.9285714285714284
SMOTE,4.071428571428571
DELAUNAY,4.071428571428571
BORDERLINE2,4.214285714285714
GEOMETRIC_SMOTE,4.214285714285714
SMOTE_SVM,4.928571428571429
