index,0
SMOTE_SVM,2.857142857142857
BORDERLINE2,2.9285714285714284
SMOTE,3.0
GEOMETRIC_SMOTE,3.7857142857142856
BORDERLINE1,4.142857142857143
ORIGINAL,5.214285714285714
DELAUNAY,6.071428571428571
