index,0
SMOTE,3.2857142857142856
SMOTE_SVM,3.2857142857142856
DELAUNAY,3.642857142857143
GEOMETRIC_SMOTE,4.0
BORDERLINE2,4.071428571428571
BORDERLINE1,4.571428571428571
ORIGINAL,5.142857142857143
