index,0
BORDERLINE1,3.0714285714285716
ORIGINAL,3.2142857142857144
SMOTE_SVM,3.5714285714285716
GEOMETRIC_SMOTE,3.5714285714285716
SMOTE,4.285714285714286
BORDERLINE2,4.714285714285714
DELAUNAY,5.571428571428571
