index,0
SMOTE_SVM,2.2857142857142856
SMOTE,3.2857142857142856
BORDERLINE1,3.7857142857142856
BORDERLINE2,4.142857142857143
GEOMETRIC_SMOTE,4.357142857142857
ORIGINAL,4.642857142857143
DELAUNAY,5.5
