index,0
SMOTE,2.7857142857142856
BORDERLINE1,2.7857142857142856
SMOTE_SVM,2.9285714285714284
BORDERLINE2,3.5
GEOMETRIC_SMOTE,3.9285714285714284
DELAUNAY,5.357142857142857
ORIGINAL,6.714285714285714
