index,0
SMOTE_SVM,2.7142857142857144
SMOTE,3.5
BORDERLINE2,3.7142857142857144
BORDERLINE1,3.9285714285714284
GEOMETRIC_SMOTE,3.9285714285714284
ORIGINAL,4.928571428571429
DELAUNAY,5.285714285714286
