index,0
ORIGINAL,2.357142857142857
SMOTE,3.7142857142857144
BORDERLINE1,3.7857142857142856
BORDERLINE2,3.7857142857142856
GEOMETRIC_SMOTE,4.214285714285714
SMOTE_SVM,4.714285714285714
DELAUNAY,5.428571428571429
