index,0
SMOTE,2.4285714285714284
BORDERLINE1,3.5
GEOMETRIC_SMOTE,3.5714285714285716
SMOTE_SVM,3.857142857142857
BORDERLINE2,3.857142857142857
DELAUNAY,5.071428571428571
ORIGINAL,5.714285714285714
