index,0
BORDERLINE1,2.4285714285714284
SMOTE_SVM,3.2142857142857144
ORIGINAL,3.857142857142857
SMOTE,4.142857142857143
GEOMETRIC_SMOTE,4.142857142857143
DELAUNAY,4.785714285714286
BORDERLINE2,5.428571428571429
