index,0
BORDERLINE1,2.7142857142857144
SMOTE_SVM,3.5
SMOTE,3.7142857142857144
GEOMETRIC_SMOTE,3.7142857142857144
ORIGINAL,4.285714285714286
BORDERLINE2,4.428571428571429
DELAUNAY,5.642857142857143
