index,0
BORDERLINE1,2.5714285714285716
SMOTE,3.4285714285714284
GEOMETRIC_SMOTE,3.4285714285714284
SMOTE_SVM,3.7857142857142856
BORDERLINE2,4.214285714285714
ORIGINAL,4.357142857142857
DELAUNAY,6.214285714285714
