index,0
SMOTE_SVM,2.9285714285714284
SMOTE,3.0714285714285716
BORDERLINE2,3.0714285714285716
GEOMETRIC_SMOTE,4.071428571428571
BORDERLINE1,4.285714285714286
DELAUNAY,5.214285714285714
ORIGINAL,5.357142857142857
