index,0
BORDERLINE1,2.5714285714285716
SMOTE_SVM,3.357142857142857
SMOTE,3.5714285714285716
GEOMETRIC_SMOTE,3.5714285714285716
ORIGINAL,4.071428571428571
BORDERLINE2,4.142857142857143
DELAUNAY,6.714285714285714
