index,0
BORDERLINE1,3.0714285714285716
GEOMETRIC_SMOTE,3.5714285714285716
ORIGINAL,3.642857142857143
SMOTE,4.214285714285714
SMOTE_SVM,4.214285714285714
DELAUNAY,4.285714285714286
BORDERLINE2,5.0
