index,0
SMOTE_SVM,2.5
BORDERLINE2,3.5714285714285716
SMOTE,3.642857142857143
BORDERLINE1,3.857142857142857
GEOMETRIC_SMOTE,4.142857142857143
ORIGINAL,4.5
DELAUNAY,5.785714285714286
