index,0
ORIGINAL,2.642857142857143
SMOTE,3.7857142857142856
BORDERLINE1,3.9285714285714284
BORDERLINE2,4.0
GEOMETRIC_SMOTE,4.142857142857143
DELAUNAY,4.571428571428571
SMOTE_SVM,4.928571428571429
