index,0
BORDERLINE1,2.642857142857143
SMOTE,3.5714285714285716
GEOMETRIC_SMOTE,3.5714285714285716
SMOTE_SVM,3.7142857142857144
BORDERLINE2,4.285714285714286
ORIGINAL,4.428571428571429
DELAUNAY,5.785714285714286
