index,0
SMOTE_SVM,2.7857142857142856
SMOTE,3.5
BORDERLINE2,3.5
GEOMETRIC_SMOTE,3.7857142857142856
BORDERLINE1,4.071428571428571
ORIGINAL,5.0
DELAUNAY,5.357142857142857
