index,0
ORIGINAL,1.9285714285714286
SMOTE,3.142857142857143
BORDERLINE2,3.857142857142857
GEOMETRIC_SMOTE,4.0
BORDERLINE1,4.214285714285714
DELAUNAY,5.214285714285714
SMOTE_SVM,5.642857142857143
