index,0
SMOTE,2.0
SMOTE_SVM,2.9285714285714284
BORDERLINE1,2.9285714285714284
GEOMETRIC_SMOTE,3.4285714285714284
BORDERLINE2,3.9285714285714284
DELAUNAY,5.785714285714286
ORIGINAL,7.0
