index,0
SMOTE_SVM,2.7857142857142856
SMOTE,2.857142857142857
BORDERLINE2,3.0
GEOMETRIC_SMOTE,3.9285714285714284
BORDERLINE1,4.285714285714286
ORIGINAL,5.357142857142857
DELAUNAY,5.785714285714286
