index,0
BORDERLINE1,2.5714285714285716
SMOTE_SVM,3.5714285714285716
GEOMETRIC_SMOTE,3.7857142857142856
ORIGINAL,4.0
SMOTE,4.071428571428571
BORDERLINE2,4.5
DELAUNAY,5.5
