index,0
SMOTE,2.642857142857143
SMOTE_SVM,3.642857142857143
BORDERLINE2,3.9285714285714284
GEOMETRIC_SMOTE,3.9285714285714284
DELAUNAY,3.9285714285714284
BORDERLINE1,4.0
ORIGINAL,5.928571428571429
