index,0
BORDERLINE1,2.9285714285714284
ORIGINAL,3.0714285714285716
SMOTE_SVM,3.4285714285714284
GEOMETRIC_SMOTE,3.5
SMOTE,4.214285714285714
BORDERLINE2,4.714285714285714
DELAUNAY,6.142857142857143
