index,0
BORDERLINE1,2.7857142857142856
SMOTE,3.2142857142857144
BORDERLINE2,3.2142857142857144
SMOTE_SVM,3.5
GEOMETRIC_SMOTE,3.857142857142857
DELAUNAY,4.714285714285714
ORIGINAL,6.714285714285714
