index,0
SMOTE_SVM,3.0
SMOTE,3.142857142857143
BORDERLINE2,3.142857142857143
DELAUNAY,4.142857142857143
GEOMETRIC_SMOTE,4.357142857142857
BORDERLINE1,4.571428571428571
ORIGINAL,5.642857142857143
