index,0
SMOTE,2.357142857142857
BORDERLINE1,3.4285714285714284
GEOMETRIC_SMOTE,3.5
SMOTE_SVM,3.7857142857142856
BORDERLINE2,3.7857142857142856
DELAUNAY,5.357142857142857
ORIGINAL,5.785714285714286
