index,0
BORDERLINE1,2.7857142857142856
GEOMETRIC_SMOTE,3.7142857142857144
SMOTE_SVM,3.7857142857142856
SMOTE,4.0
BORDERLINE2,4.428571428571429
ORIGINAL,4.5
DELAUNAY,4.785714285714286
