index,0
BORDERLINE1,2.4285714285714284
SMOTE_SVM,3.142857142857143
SMOTE,3.642857142857143
ORIGINAL,4.0
GEOMETRIC_SMOTE,4.285714285714286
BORDERLINE2,5.0
DELAUNAY,5.5
