index,0
SMOTE_SVM,2.357142857142857
SMOTE,3.4285714285714284
BORDERLINE2,3.5714285714285716
BORDERLINE1,3.7857142857142856
GEOMETRIC_SMOTE,3.857142857142857
ORIGINAL,5.214285714285714
DELAUNAY,5.785714285714286
