index,0
SMOTE_SVM,2.7142857142857144
GEOMETRIC_SMOTE,3.142857142857143
BORDERLINE1,3.2857142857142856
SMOTE,3.357142857142857
BORDERLINE2,4.428571428571429
DELAUNAY,4.642857142857143
ORIGINAL,6.428571428571429
