index,0
SMOTE_SVM,2.857142857142857
SMOTE,3.7142857142857144
BORDERLINE2,3.7857142857142856
DELAUNAY,4.0
GEOMETRIC_SMOTE,4.142857142857143
BORDERLINE1,4.214285714285714
ORIGINAL,5.285714285714286
