index,0
SMOTE_SVM,2.2857142857142856
SMOTE,3.142857142857143
BORDERLINE1,3.9285714285714284
GEOMETRIC_SMOTE,4.071428571428571
ORIGINAL,4.357142857142857
BORDERLINE2,4.357142857142857
DELAUNAY,5.857142857142857
