index,0
BORDERLINE1,2.857142857142857
SMOTE,3.357142857142857
GEOMETRIC_SMOTE,3.5
SMOTE_SVM,4.071428571428571
BORDERLINE2,4.285714285714286
ORIGINAL,4.785714285714286
DELAUNAY,5.142857142857143
