index,0
BORDERLINE1,2.857142857142857
SMOTE,3.2142857142857144
GEOMETRIC_SMOTE,3.4285714285714284
SMOTE_SVM,4.0
BORDERLINE2,4.142857142857143
ORIGINAL,4.785714285714286
DELAUNAY,5.571428571428571
