index,0
BORDERLINE1,2.4285714285714284
SMOTE_SVM,3.357142857142857
ORIGINAL,3.5714285714285716
SMOTE,4.071428571428571
GEOMETRIC_SMOTE,4.071428571428571
DELAUNAY,5.214285714285714
BORDERLINE2,5.285714285714286
