index,0
BORDERLINE2,2.2857142857142856
SMOTE_SVM,2.9285714285714284
DELAUNAY,3.7142857142857144
SMOTE,4.142857142857143
GEOMETRIC_SMOTE,4.142857142857143
BORDERLINE1,4.857142857142857
ORIGINAL,5.928571428571429
