index,0
BORDERLINE2,2.2142857142857144
SMOTE_SVM,2.7857142857142856
GEOMETRIC_SMOTE,3.9285714285714284
SMOTE,4.071428571428571
BORDERLINE1,4.5
DELAUNAY,4.642857142857143
ORIGINAL,5.857142857142857
