index,0
SMOTE,2.2142857142857144
BORDERLINE1,2.857142857142857
SMOTE_SVM,3.142857142857143
GEOMETRIC_SMOTE,3.2857142857142856
BORDERLINE2,4.0
DELAUNAY,5.928571428571429
ORIGINAL,6.571428571428571
