index,0
BORDERLINE1,2.2857142857142856
SMOTE_SVM,3.142857142857143
SMOTE,3.5714285714285716
ORIGINAL,4.071428571428571
GEOMETRIC_SMOTE,4.142857142857143
BORDERLINE2,4.857142857142857
DELAUNAY,5.928571428571429
