index,0
SMOTE_SVM,2.7142857142857144
SMOTE,3.4285714285714284
BORDERLINE2,3.642857142857143
GEOMETRIC_SMOTE,3.642857142857143
BORDERLINE1,4.0
ORIGINAL,4.785714285714286
DELAUNAY,5.785714285714286
