index,0
BORDERLINE1,2.5
SMOTE_SVM,2.9285714285714284
GEOMETRIC_SMOTE,3.7142857142857144
ORIGINAL,3.9285714285714284
SMOTE,4.357142857142857
BORDERLINE2,4.928571428571429
DELAUNAY,5.642857142857143
