index,0
ORIGINAL,2.0714285714285716
GEOMETRIC_SMOTE,3.642857142857143
SMOTE,3.857142857142857
BORDERLINE1,4.0
SMOTE_SVM,4.5
DELAUNAY,4.714285714285714
BORDERLINE2,5.214285714285714
