index,0
ORIGINAL,2.7142857142857144
SMOTE,3.642857142857143
BORDERLINE2,3.642857142857143
BORDERLINE1,4.0
GEOMETRIC_SMOTE,4.142857142857143
SMOTE_SVM,4.857142857142857
DELAUNAY,5.0
