index,0
ORIGINAL,2.0714285714285716
SMOTE,3.4285714285714284
GEOMETRIC_SMOTE,3.857142857142857
BORDERLINE2,4.071428571428571
BORDERLINE1,4.357142857142857
DELAUNAY,4.571428571428571
SMOTE_SVM,5.642857142857143
