index,0
BORDERLINE1,2.9285714285714284
ORIGINAL,3.142857142857143
GEOMETRIC_SMOTE,3.5
SMOTE_SVM,3.7142857142857144
SMOTE,4.0
BORDERLINE2,4.571428571428571
DELAUNAY,6.142857142857143
