index,0
BORDERLINE1,2.7857142857142856
GEOMETRIC_SMOTE,3.4285714285714284
ORIGINAL,3.7142857142857144
SMOTE,3.9285714285714284
SMOTE_SVM,4.0
BORDERLINE2,4.714285714285714
DELAUNAY,5.428571428571429
