index,0
SMOTE_SVM,2.4285714285714284
SMOTE,3.4285714285714284
BORDERLINE1,3.9285714285714284
BORDERLINE2,4.285714285714286
GEOMETRIC_SMOTE,4.428571428571429
ORIGINAL,4.714285714285714
DELAUNAY,4.785714285714286
