index,0
SMOTE_SVM,2.4285714285714284
SMOTE,3.2857142857142856
BORDERLINE1,3.7857142857142856
BORDERLINE2,3.857142857142857
GEOMETRIC_SMOTE,4.071428571428571
ORIGINAL,5.071428571428571
DELAUNAY,5.5
