index,0
SMOTE_SVM,2.7142857142857144
SMOTE,3.2142857142857144
GEOMETRIC_SMOTE,3.5
BORDERLINE1,3.642857142857143
BORDERLINE2,3.857142857142857
DELAUNAY,5.214285714285714
ORIGINAL,5.857142857142857
