index,0
SMOTE_SVM,2.4285714285714284
BORDERLINE2,3.4285714285714284
SMOTE,3.7142857142857144
BORDERLINE1,3.857142857142857
GEOMETRIC_SMOTE,3.9285714285714284
ORIGINAL,4.642857142857143
DELAUNAY,6.0
