index,0
ORIGINAL,2.0714285714285716
SMOTE,3.2142857142857144
GEOMETRIC_SMOTE,4.0
BORDERLINE2,4.071428571428571
BORDERLINE1,4.357142857142857
DELAUNAY,4.642857142857143
SMOTE_SVM,5.642857142857143
