index,0
ORIGINAL,2.642857142857143
DELAUNAY,3.857142857142857
SMOTE,4.0
BORDERLINE1,4.0
BORDERLINE2,4.214285714285714
GEOMETRIC_SMOTE,4.357142857142857
SMOTE_SVM,4.928571428571429
