index,0
BORDERLINE2,3.142857142857143
GEOMETRIC_SMOTE,3.142857142857143
SMOTE_SVM,3.2142857142857144
SMOTE,3.2857142857142856
BORDERLINE1,3.2857142857142856
DELAUNAY,5.785714285714286
ORIGINAL,6.142857142857143
