index,0
SMOTE,3.0
DELAUNAY,3.0
SMOTE_SVM,3.642857142857143
BORDERLINE2,3.7142857142857144
BORDERLINE1,3.9285714285714284
GEOMETRIC_SMOTE,4.071428571428571
ORIGINAL,6.642857142857143
