index,0
BORDERLINE1,2.7142857142857144
BORDERLINE2,3.0714285714285716
SMOTE,3.2142857142857144
SMOTE_SVM,3.5
GEOMETRIC_SMOTE,3.9285714285714284
DELAUNAY,4.857142857142857
ORIGINAL,6.714285714285714
