index,0
SMOTE_SVM,2.857142857142857
SMOTE,3.5714285714285716
BORDERLINE2,3.7857142857142856
GEOMETRIC_SMOTE,3.7857142857142856
BORDERLINE1,4.071428571428571
ORIGINAL,4.928571428571429
DELAUNAY,5.0
