index,0
SMOTE_SVM,2.5
SMOTE,3.5714285714285716
BORDERLINE2,3.857142857142857
BORDERLINE1,4.0
GEOMETRIC_SMOTE,4.142857142857143
DELAUNAY,4.571428571428571
ORIGINAL,5.357142857142857
