index,0
SMOTE_SVM,2.357142857142857
SMOTE,3.4285714285714284
BORDERLINE2,3.5714285714285716
BORDERLINE1,3.9285714285714284
GEOMETRIC_SMOTE,3.9285714285714284
ORIGINAL,5.0
DELAUNAY,5.785714285714286
