index,0
SMOTE,2.7142857142857144
BORDERLINE1,2.7857142857142856
SMOTE_SVM,3.0714285714285716
BORDERLINE2,3.4285714285714284
GEOMETRIC_SMOTE,3.857142857142857
DELAUNAY,5.642857142857143
ORIGINAL,6.5
