index,0
BORDERLINE1,2.642857142857143
SMOTE_SVM,2.9285714285714284
GEOMETRIC_SMOTE,3.7857142857142856
ORIGINAL,3.9285714285714284
SMOTE,4.357142857142857
BORDERLINE2,5.142857142857143
DELAUNAY,5.214285714285714
