index,0
BORDERLINE1,2.5714285714285716
SMOTE_SVM,3.4285714285714284
GEOMETRIC_SMOTE,3.7857142857142856
ORIGINAL,3.9285714285714284
SMOTE,4.071428571428571
BORDERLINE2,4.571428571428571
DELAUNAY,5.642857142857143
