index,0
BORDERLINE1,2.2142857142857144
SMOTE_SVM,3.2142857142857144
ORIGINAL,3.5714285714285716
GEOMETRIC_SMOTE,3.857142857142857
SMOTE,3.9285714285714284
BORDERLINE2,5.0
DELAUNAY,6.214285714285714
