index,0
SMOTE,2.5
BORDERLINE1,2.5714285714285716
SMOTE_SVM,2.857142857142857
BORDERLINE2,3.642857142857143
GEOMETRIC_SMOTE,4.214285714285714
ORIGINAL,5.857142857142857
DELAUNAY,6.357142857142857
