index,0
BORDERLINE1,2.5
SMOTE_SVM,3.142857142857143
SMOTE,3.7857142857142856
ORIGINAL,4.071428571428571
GEOMETRIC_SMOTE,4.071428571428571
BORDERLINE2,4.928571428571429
DELAUNAY,5.5
