index,0
SMOTE_SVM,2.2857142857142856
SMOTE,3.4285714285714284
BORDERLINE1,4.071428571428571
GEOMETRIC_SMOTE,4.357142857142857
BORDERLINE2,4.5
ORIGINAL,4.642857142857143
DELAUNAY,4.714285714285714
