index,0
SMOTE_SVM,2.642857142857143
SMOTE,3.357142857142857
BORDERLINE2,3.5
GEOMETRIC_SMOTE,3.7857142857142856
BORDERLINE1,4.0
ORIGINAL,4.714285714285714
DELAUNAY,6.0
