index,0
SMOTE,2.9285714285714284
DELAUNAY,2.9285714285714284
GEOMETRIC_SMOTE,3.7142857142857144
SMOTE_SVM,3.7857142857142856
BORDERLINE2,3.9285714285714284
BORDERLINE1,4.142857142857143
ORIGINAL,6.571428571428571
