index,0
DELAUNAY,2.642857142857143
SMOTE,2.9285714285714284
GEOMETRIC_SMOTE,3.7142857142857144
SMOTE_SVM,3.7857142857142856
BORDERLINE2,4.071428571428571
BORDERLINE1,4.285714285714286
ORIGINAL,6.571428571428571
