index,0
BORDERLINE1,2.5
SMOTE_SVM,3.0
GEOMETRIC_SMOTE,3.7142857142857144
ORIGINAL,3.857142857142857
SMOTE,4.285714285714286
BORDERLINE2,5.0
DELAUNAY,5.642857142857143
