index,0
BORDERLINE2,2.2857142857142856
SMOTE_SVM,2.857142857142857
DELAUNAY,3.9285714285714284
GEOMETRIC_SMOTE,4.071428571428571
SMOTE,4.142857142857143
BORDERLINE1,4.714285714285714
ORIGINAL,6.0
