index,0
BORDERLINE1,2.142857142857143
SMOTE_SVM,3.142857142857143
ORIGINAL,3.4285714285714284
SMOTE,3.857142857142857
GEOMETRIC_SMOTE,3.857142857142857
BORDERLINE2,5.142857142857143
DELAUNAY,6.428571428571429
