index,0
ORIGINAL,2.357142857142857
SMOTE,3.9285714285714284
BORDERLINE2,4.0
BORDERLINE1,4.071428571428571
GEOMETRIC_SMOTE,4.071428571428571
DELAUNAY,4.642857142857143
SMOTE_SVM,4.928571428571429
