index,0
BORDERLINE1,2.7142857142857144
SMOTE_SVM,3.4285714285714284
GEOMETRIC_SMOTE,3.642857142857143
SMOTE,3.7857142857142856
ORIGINAL,4.0
BORDERLINE2,4.357142857142857
DELAUNAY,6.071428571428571
