index,0
BORDERLINE1,2.2857142857142856
SMOTE_SVM,3.357142857142857
ORIGINAL,3.5
GEOMETRIC_SMOTE,4.0
SMOTE,4.071428571428571
DELAUNAY,5.357142857142857
BORDERLINE2,5.428571428571429
