index,0
SMOTE,2.0
SMOTE_SVM,2.9285714285714284
BORDERLINE1,2.9285714285714284
GEOMETRIC_SMOTE,3.357142857142857
BORDERLINE2,3.857142857142857
DELAUNAY,6.071428571428571
ORIGINAL,6.857142857142857
