index,0
ORIGINAL,2.5714285714285716
BORDERLINE2,3.7857142857142856
SMOTE,4.071428571428571
BORDERLINE1,4.142857142857143
GEOMETRIC_SMOTE,4.142857142857143
DELAUNAY,4.428571428571429
SMOTE_SVM,4.857142857142857
