index,0
SMOTE,3.0
SMOTE_SVM,3.357142857142857
GEOMETRIC_SMOTE,3.5
BORDERLINE2,4.0
BORDERLINE1,4.285714285714286
ORIGINAL,4.928571428571429
DELAUNAY,4.928571428571429
