index,0
BORDERLINE1,2.7857142857142856
SMOTE,2.857142857142857
SMOTE_SVM,2.9285714285714284
BORDERLINE2,3.4285714285714284
GEOMETRIC_SMOTE,3.857142857142857
DELAUNAY,5.571428571428571
ORIGINAL,6.571428571428571
