index,0
BORDERLINE1,2.4285714285714284
SMOTE_SVM,3.2142857142857144
ORIGINAL,3.642857142857143
SMOTE,4.071428571428571
GEOMETRIC_SMOTE,4.071428571428571
BORDERLINE2,5.285714285714286
DELAUNAY,5.285714285714286
