index,0
SMOTE_SVM,2.857142857142857
BORDERLINE2,2.9285714285714284
SMOTE,3.357142857142857
GEOMETRIC_SMOTE,3.857142857142857
BORDERLINE1,4.0
ORIGINAL,5.5
DELAUNAY,5.5
