index,0
BORDERLINE2,3.0714285714285716
SMOTE,3.2857142857142856
SMOTE_SVM,3.2857142857142856
GEOMETRIC_SMOTE,4.071428571428571
DELAUNAY,4.214285714285714
BORDERLINE1,4.428571428571429
ORIGINAL,5.642857142857143
