index,0
BORDERLINE1,2.2142857142857144
SMOTE,3.7857142857142856
SMOTE_SVM,4.0
BORDERLINE2,4.0
GEOMETRIC_SMOTE,4.357142857142857
DELAUNAY,4.5
ORIGINAL,5.142857142857143
