index,0
SMOTE,2.7857142857142856
BORDERLINE1,2.7857142857142856
SMOTE_SVM,2.9285714285714284
BORDERLINE2,3.5
GEOMETRIC_SMOTE,4.0
DELAUNAY,5.571428571428571
ORIGINAL,6.428571428571429
