index,0
SMOTE_SVM,2.7142857142857144
BORDERLINE1,3.4285714285714284
GEOMETRIC_SMOTE,3.5
DELAUNAY,3.5714285714285716
SMOTE,3.642857142857143
BORDERLINE2,4.571428571428571
ORIGINAL,6.571428571428571
