index,0
BORDERLINE1,2.7142857142857144
SMOTE_SVM,3.5
GEOMETRIC_SMOTE,3.5714285714285716
SMOTE,3.7142857142857144
BORDERLINE2,4.142857142857143
ORIGINAL,4.214285714285714
DELAUNAY,6.142857142857143
