index,0
BORDERLINE1,2.5714285714285716
SMOTE_SVM,3.2857142857142856
GEOMETRIC_SMOTE,3.642857142857143
SMOTE,3.7857142857142856
ORIGINAL,3.9285714285714284
BORDERLINE2,4.5
DELAUNAY,6.285714285714286
