index,0
DELAUNAY,2.857142857142857
ORIGINAL,3.0
BORDERLINE2,4.071428571428571
SMOTE,4.214285714285714
BORDERLINE1,4.285714285714286
GEOMETRIC_SMOTE,4.428571428571429
SMOTE_SVM,5.142857142857143
