index,0
ORIGINAL,1.9285714285714286
GEOMETRIC_SMOTE,3.5714285714285716
BORDERLINE1,3.7142857142857144
SMOTE,3.857142857142857
SMOTE_SVM,4.714285714285714
BORDERLINE2,4.785714285714286
DELAUNAY,5.428571428571429
