index,0
SMOTE,2.857142857142857
SMOTE_SVM,2.857142857142857
GEOMETRIC_SMOTE,3.2857142857142856
BORDERLINE1,3.7857142857142856
BORDERLINE2,4.071428571428571
DELAUNAY,5.0
ORIGINAL,6.142857142857143
