index,0
SMOTE_SVM,2.9285714285714284
SMOTE,3.0
BORDERLINE2,3.5714285714285716
GEOMETRIC_SMOTE,4.0
DELAUNAY,4.571428571428571
BORDERLINE1,4.785714285714286
ORIGINAL,5.142857142857143
