index,0
ORIGINAL,2.5
SMOTE,3.7857142857142856
BORDERLINE1,3.7857142857142856
BORDERLINE2,4.071428571428571
GEOMETRIC_SMOTE,4.357142857142857
DELAUNAY,4.571428571428571
SMOTE_SVM,4.928571428571429
