index,0
ORIGINAL,2.142857142857143
DELAUNAY,3.0
GEOMETRIC_SMOTE,3.642857142857143
SMOTE,4.357142857142857
BORDERLINE1,4.428571428571429
SMOTE_SVM,4.928571428571429
BORDERLINE2,5.5
