index,0
BORDERLINE1,2.7857142857142856
GEOMETRIC_SMOTE,3.4285714285714284
ORIGINAL,3.5
SMOTE_SVM,4.0
SMOTE,4.071428571428571
BORDERLINE2,4.857142857142857
DELAUNAY,5.357142857142857
