index,0
ORIGINAL,2.2142857142857144
SMOTE,3.5714285714285716
DELAUNAY,3.5714285714285716
GEOMETRIC_SMOTE,4.142857142857143
BORDERLINE2,4.214285714285714
BORDERLINE1,4.5
SMOTE_SVM,5.785714285714286
