index,0
BORDERLINE1,2.0714285714285716
SMOTE,3.7857142857142856
SMOTE_SVM,3.9285714285714284
BORDERLINE2,4.0
GEOMETRIC_SMOTE,4.428571428571429
DELAUNAY,4.785714285714286
ORIGINAL,5.0
