index,0
SMOTE_SVM,2.5714285714285716
GEOMETRIC_SMOTE,3.2142857142857144
BORDERLINE1,3.4285714285714284
SMOTE,3.5
BORDERLINE2,4.285714285714286
DELAUNAY,4.357142857142857
ORIGINAL,6.642857142857143
