index,0
SMOTE_SVM,2.7857142857142856
BORDERLINE2,2.857142857142857
SMOTE,3.2857142857142856
BORDERLINE1,3.857142857142857
GEOMETRIC_SMOTE,3.857142857142857
ORIGINAL,5.142857142857143
DELAUNAY,6.214285714285714
