index,0
ORIGINAL,2.0714285714285716
SMOTE,3.5
GEOMETRIC_SMOTE,4.0
DELAUNAY,4.0
BORDERLINE2,4.214285714285714
BORDERLINE1,4.571428571428571
SMOTE_SVM,5.642857142857143
