index,0
SMOTE,2.857142857142857
SMOTE_SVM,2.857142857142857
GEOMETRIC_SMOTE,3.0
BORDERLINE1,3.642857142857143
BORDERLINE2,3.7857142857142856
DELAUNAY,5.857142857142857
ORIGINAL,6.0
