index,0
ORIGINAL,3.0714285714285716
BORDERLINE1,3.0714285714285716
SMOTE_SVM,3.642857142857143
GEOMETRIC_SMOTE,3.7857142857142856
SMOTE,4.357142857142857
BORDERLINE2,4.785714285714286
DELAUNAY,5.285714285714286
