index,0
SMOTE_SVM,2.7142857142857144
SMOTE,3.5
BORDERLINE2,3.7857142857142856
GEOMETRIC_SMOTE,3.7857142857142856
BORDERLINE1,3.9285714285714284
ORIGINAL,4.928571428571429
DELAUNAY,5.357142857142857
