index,0
SMOTE_SVM,2.5
SMOTE,3.5714285714285716
BORDERLINE1,3.7142857142857144
BORDERLINE2,3.7142857142857144
GEOMETRIC_SMOTE,4.214285714285714
ORIGINAL,4.428571428571429
DELAUNAY,5.857142857142857
