index,0
SMOTE,2.642857142857143
SMOTE_SVM,3.642857142857143
BORDERLINE2,3.9285714285714284
GEOMETRIC_SMOTE,3.9285714285714284
BORDERLINE1,4.0
DELAUNAY,4.071428571428571
ORIGINAL,5.785714285714286
