index,0
ORIGINAL,2.642857142857143
BORDERLINE1,3.2142857142857144
SMOTE_SVM,3.4285714285714284
GEOMETRIC_SMOTE,3.5
SMOTE,4.428571428571429
BORDERLINE2,4.928571428571429
DELAUNAY,5.857142857142857
