index,0
BORDERLINE1,2.9285714285714284
ORIGINAL,3.142857142857143
SMOTE_SVM,3.5714285714285716
GEOMETRIC_SMOTE,3.642857142857143
SMOTE,4.142857142857143
BORDERLINE2,4.714285714285714
DELAUNAY,5.857142857142857
