index,0
SMOTE_SVM,2.857142857142857
SMOTE,3.7142857142857144
BORDERLINE2,3.9285714285714284
GEOMETRIC_SMOTE,4.0
DELAUNAY,4.214285714285714
BORDERLINE1,4.357142857142857
ORIGINAL,4.928571428571429
