index,0
SMOTE_SVM,2.5
BORDERLINE2,3.5
SMOTE,3.5714285714285716
BORDERLINE1,3.857142857142857
GEOMETRIC_SMOTE,4.0
ORIGINAL,4.571428571428571
DELAUNAY,6.0
