index,0
BORDERLINE2,2.857142857142857
DELAUNAY,3.357142857142857
BORDERLINE1,3.7857142857142856
ORIGINAL,4.071428571428571
SMOTE,4.071428571428571
GEOMETRIC_SMOTE,4.428571428571429
SMOTE_SVM,5.428571428571429
