index,0
ORIGINAL,2.0
GEOMETRIC_SMOTE,3.357142857142857
SMOTE,3.9285714285714284
BORDERLINE1,4.142857142857143
SMOTE_SVM,4.5
BORDERLINE2,4.928571428571429
DELAUNAY,5.142857142857143
