index,0
BORDERLINE1,2.5714285714285716
SMOTE_SVM,3.4285714285714284
GEOMETRIC_SMOTE,3.7857142857142856
ORIGINAL,3.9285714285714284
SMOTE,4.0
BORDERLINE2,4.428571428571429
DELAUNAY,5.857142857142857
