index,0
SMOTE_SVM,2.7142857142857144
BORDERLINE2,3.0
SMOTE,3.0714285714285716
GEOMETRIC_SMOTE,3.7857142857142856
BORDERLINE1,4.285714285714286
ORIGINAL,5.357142857142857
DELAUNAY,5.785714285714286
