index,0
ORIGINAL,2.0
GEOMETRIC_SMOTE,3.5714285714285716
SMOTE,4.071428571428571
DELAUNAY,4.142857142857143
BORDERLINE1,4.285714285714286
SMOTE_SVM,4.785714285714286
BORDERLINE2,5.142857142857143
