index,0
ORIGINAL,2.5714285714285716
BORDERLINE2,3.5
SMOTE,3.7142857142857144
BORDERLINE1,3.7142857142857144
GEOMETRIC_SMOTE,4.142857142857143
SMOTE_SVM,4.571428571428571
DELAUNAY,5.785714285714286
