index,0
BORDERLINE1,2.2142857142857144
SMOTE,3.7142857142857144
SMOTE_SVM,4.071428571428571
BORDERLINE2,4.071428571428571
GEOMETRIC_SMOTE,4.357142857142857
DELAUNAY,4.357142857142857
ORIGINAL,5.214285714285714
