index,0
BORDERLINE1,2.9285714285714284
GEOMETRIC_SMOTE,3.4285714285714284
ORIGINAL,3.7142857142857144
SMOTE_SVM,4.0
SMOTE,4.071428571428571
BORDERLINE2,4.714285714285714
DELAUNAY,5.142857142857143
