index,0
BORDERLINE2,2.0714285714285716
SMOTE_SVM,2.642857142857143
SMOTE,3.857142857142857
GEOMETRIC_SMOTE,4.214285714285714
DELAUNAY,4.571428571428571
BORDERLINE1,4.714285714285714
ORIGINAL,5.928571428571429
