index,0
SMOTE_SVM,2.7857142857142856
BORDERLINE2,2.9285714285714284
SMOTE,3.2857142857142856
BORDERLINE1,4.0
GEOMETRIC_SMOTE,4.0
ORIGINAL,5.357142857142857
DELAUNAY,5.642857142857143
