index,0
SMOTE,2.5
BORDERLINE1,3.5714285714285716
GEOMETRIC_SMOTE,3.5714285714285716
SMOTE_SVM,3.9285714285714284
BORDERLINE2,3.9285714285714284
DELAUNAY,4.571428571428571
ORIGINAL,5.928571428571429
