index,0
SMOTE_SVM,2.857142857142857
BORDERLINE2,2.9285714285714284
SMOTE,3.0
GEOMETRIC_SMOTE,3.857142857142857
BORDERLINE1,4.214285714285714
ORIGINAL,5.214285714285714
DELAUNAY,5.928571428571429
