index,0
SMOTE_SVM,2.7142857142857144
SMOTE,3.4285714285714284
BORDERLINE2,3.5714285714285716
GEOMETRIC_SMOTE,3.7857142857142856
BORDERLINE1,4.0
ORIGINAL,4.857142857142857
DELAUNAY,5.642857142857143
