DATASET,ALGORITHM,ORIGINAL,RANK_ORIGINAL,SMOTE,RANK_SMOTE,SMOTE_SVM,RANK_SMOTE_SVM,BORDERLINE1,RANK_BORDERLINE1,BORDERLINE2,RANK_BORDERLINE2,GEOMETRIC_SMOTE,RANK_GEOMETRIC_SMOTE,DELAUNAY,RANK_DELAUNAY,DELAUNAY_TYPE,ALPHA,unit
contraceptive,ABC,0.546,2.5,0.5379999999999999,6.0,0.54,5.0,0.546,2.5,0.542,4.0,0.55,1.0,0.532,7.0,volume,5.5,PRE
dermatology,ABC,0.7260000000000001,1.0,0.5799999999999998,3.0,0.55,4.0,0.526,5.0,0.5840000000000001,2.0,0.182,7.0,0.4880000000000001,6.0,volume,5.5,PRE
glass,ABC,0.406,1.0,0.384,2.0,0.338,6.0,0.382,3.0,0.364,4.0,0.264,7.0,0.34800000000000003,5.0,volume,5.5,PRE
new-thyroid,ABC,0.9520000000000001,2.0,0.9420000000000001,3.0,0.8480000000000001,7.0,0.94,4.0,0.884,6.0,0.956,1.0,0.926,5.0,volume,5.5,PRE
penbased,ABC,0.17800000000000002,3.5,0.18,1.5,0.17800000000000002,3.5,0.17400000000000002,5.0,0.14400000000000002,6.0,0.14200000000000002,7.0,0.18,1.5,volume,5.5,PRE
thyroid,ABC,0.948,2.5,0.9540000000000001,1.0,0.92,7.0,0.94,6.0,0.948,2.5,0.9420000000000001,5.0,0.9440000000000001,4.0,volume,5.5,PRE
wine,ABC,0.8960000000000001,3.0,0.8779999999999999,6.0,0.8740000000000002,7.0,0.8799999999999999,5.0,0.892,4.0,0.898,2.0,0.914,1.0,volume,5.5,PRE
