index,0
BORDERLINE1,2.7857142857142856
GEOMETRIC_SMOTE,3.357142857142857
ORIGINAL,3.5
SMOTE,3.9285714285714284
SMOTE_SVM,3.9285714285714284
BORDERLINE2,4.714285714285714
DELAUNAY,5.785714285714286
