index,0
ORIGINAL,2.357142857142857
SMOTE,3.5
BORDERLINE1,3.7857142857142856
BORDERLINE2,3.9285714285714284
GEOMETRIC_SMOTE,4.071428571428571
SMOTE_SVM,4.785714285714286
DELAUNAY,5.571428571428571
