index,0
SMOTE_SVM,2.642857142857143
SMOTE,2.9285714285714284
BORDERLINE2,3.5714285714285716
BORDERLINE1,3.642857142857143
GEOMETRIC_SMOTE,3.642857142857143
DELAUNAY,5.571428571428571
ORIGINAL,6.0
