index,0
SMOTE_SVM,2.4285714285714284
SMOTE,3.357142857142857
BORDERLINE2,3.5714285714285716
BORDERLINE1,3.9285714285714284
GEOMETRIC_SMOTE,3.9285714285714284
ORIGINAL,5.142857142857143
DELAUNAY,5.642857142857143
