index,0
BORDERLINE1,2.2142857142857144
SMOTE,3.857142857142857
SMOTE_SVM,3.9285714285714284
BORDERLINE2,3.9285714285714284
GEOMETRIC_SMOTE,4.357142857142857
DELAUNAY,4.785714285714286
ORIGINAL,4.928571428571429
