index,0
ORIGINAL,1.8571428571428572
GEOMETRIC_SMOTE,3.357142857142857
SMOTE,3.642857142857143
BORDERLINE1,3.9285714285714284
SMOTE_SVM,4.357142857142857
BORDERLINE2,4.928571428571429
DELAUNAY,5.928571428571429
