index,0
ORIGINAL,1.9285714285714286
SMOTE,3.142857142857143
GEOMETRIC_SMOTE,3.9285714285714284
BORDERLINE2,4.0
BORDERLINE1,4.214285714285714
SMOTE_SVM,5.357142857142857
DELAUNAY,5.428571428571429
