index,0
GEOMETRIC_SMOTE,2.5
BORDERLINE2,2.9285714285714284
BORDERLINE1,4.0
SMOTE_SVM,4.285714285714286
DELAUNAY,4.571428571428571
SMOTE,4.642857142857143
ORIGINAL,5.071428571428571
