index,0
BORDERLINE2,2.7857142857142856
DELAUNAY,3.0714285714285716
BORDERLINE1,3.857142857142857
SMOTE,4.0
ORIGINAL,4.214285714285714
GEOMETRIC_SMOTE,4.642857142857143
SMOTE_SVM,5.428571428571429
