index,0
ORIGINAL,2.7142857142857144
BORDERLINE2,3.5714285714285716
SMOTE,3.642857142857143
BORDERLINE1,3.9285714285714284
GEOMETRIC_SMOTE,4.142857142857143
SMOTE_SVM,4.714285714285714
DELAUNAY,5.285714285714286
