index,0
BORDERLINE2,2.7857142857142856
DELAUNAY,3.7142857142857144
ORIGINAL,3.9285714285714284
BORDERLINE1,3.9285714285714284
SMOTE,4.0
GEOMETRIC_SMOTE,4.285714285714286
SMOTE_SVM,5.357142857142857
