index,0
SMOTE,2.5714285714285716
GEOMETRIC_SMOTE,3.5714285714285716
SMOTE_SVM,3.7857142857142856
BORDERLINE1,3.7857142857142856
BORDERLINE2,3.7857142857142856
DELAUNAY,4.714285714285714
ORIGINAL,5.785714285714286
