index,0
BORDERLINE1,2.857142857142857
GEOMETRIC_SMOTE,3.4285714285714284
ORIGINAL,3.7142857142857144
SMOTE_SVM,3.9285714285714284
SMOTE,4.142857142857143
BORDERLINE2,4.714285714285714
DELAUNAY,5.214285714285714
