index,0
SMOTE,2.642857142857143
GEOMETRIC_SMOTE,3.4285714285714284
BORDERLINE2,3.5714285714285716
SMOTE_SVM,3.857142857142857
BORDERLINE1,3.9285714285714284
DELAUNAY,4.0
ORIGINAL,6.571428571428571
