index,0
SMOTE_SVM,2.5714285714285716
GEOMETRIC_SMOTE,3.2142857142857144
SMOTE,3.4285714285714284
BORDERLINE1,3.4285714285714284
BORDERLINE2,4.285714285714286
DELAUNAY,4.571428571428571
ORIGINAL,6.5
