index,0
BORDERLINE1,2.642857142857143
SMOTE_SVM,2.9285714285714284
GEOMETRIC_SMOTE,3.7857142857142856
ORIGINAL,4.071428571428571
SMOTE,4.357142857142857
DELAUNAY,5.071428571428571
BORDERLINE2,5.142857142857143
