index,0
ORIGINAL,1.8571428571428572
GEOMETRIC_SMOTE,3.4285714285714284
SMOTE,3.642857142857143
BORDERLINE1,3.857142857142857
SMOTE_SVM,4.214285714285714
BORDERLINE2,4.785714285714286
DELAUNAY,6.214285714285714
