index,0
SMOTE_SVM,2.2857142857142856
SMOTE,3.0
BORDERLINE1,3.7857142857142856
GEOMETRIC_SMOTE,3.9285714285714284
BORDERLINE2,4.071428571428571
ORIGINAL,4.214285714285714
DELAUNAY,6.714285714285714
