index,0
SMOTE,2.0
SMOTE_SVM,2.9285714285714284
BORDERLINE1,2.9285714285714284
GEOMETRIC_SMOTE,3.357142857142857
BORDERLINE2,3.9285714285714284
DELAUNAY,5.928571428571429
ORIGINAL,6.928571428571429
