index,0
SMOTE_SVM,2.2857142857142856
SMOTE,3.2857142857142856
BORDERLINE1,4.071428571428571
GEOMETRIC_SMOTE,4.071428571428571
ORIGINAL,4.357142857142857
BORDERLINE2,4.357142857142857
DELAUNAY,5.571428571428571
