index,0
SMOTE,2.5
BORDERLINE1,2.5714285714285716
SMOTE_SVM,2.7857142857142856
BORDERLINE2,3.642857142857143
GEOMETRIC_SMOTE,4.142857142857143
ORIGINAL,5.857142857142857
DELAUNAY,6.5
