index,0
BORDERLINE1,2.2142857142857144
SMOTE,3.7857142857142856
BORDERLINE2,4.0
SMOTE_SVM,4.142857142857143
GEOMETRIC_SMOTE,4.285714285714286
DELAUNAY,4.357142857142857
ORIGINAL,5.214285714285714
