index,0
SMOTE,2.7857142857142856
BORDERLINE1,2.7857142857142856
SMOTE_SVM,2.9285714285714284
BORDERLINE2,3.357142857142857
GEOMETRIC_SMOTE,3.857142857142857
DELAUNAY,5.642857142857143
ORIGINAL,6.642857142857143
