index,0
BORDERLINE1,2.642857142857143
SMOTE_SVM,3.0714285714285716
GEOMETRIC_SMOTE,3.857142857142857
ORIGINAL,4.0
SMOTE,4.357142857142857
DELAUNAY,4.928571428571429
BORDERLINE2,5.142857142857143
