index,0
BORDERLINE1,2.0714285714285716
SMOTE,3.7142857142857144
BORDERLINE2,4.0
SMOTE_SVM,4.071428571428571
GEOMETRIC_SMOTE,4.285714285714286
DELAUNAY,4.785714285714286
ORIGINAL,5.071428571428571
