index,0
SMOTE_SVM,2.857142857142857
SMOTE,3.142857142857143
GEOMETRIC_SMOTE,3.2857142857142856
BORDERLINE2,3.857142857142857
BORDERLINE1,3.9285714285714284
DELAUNAY,4.785714285714286
ORIGINAL,6.142857142857143
