index,0
GEOMETRIC_SMOTE,2.5714285714285716
BORDERLINE2,3.0714285714285716
DELAUNAY,3.642857142857143
BORDERLINE1,4.214285714285714
SMOTE_SVM,4.428571428571429
SMOTE,4.928571428571429
ORIGINAL,5.142857142857143
