index,0
BORDERLINE1,2.357142857142857
DELAUNAY,3.7857142857142856
SMOTE,3.9285714285714284
SMOTE_SVM,4.142857142857143
BORDERLINE2,4.142857142857143
GEOMETRIC_SMOTE,4.428571428571429
ORIGINAL,5.214285714285714
