index,0
BORDERLINE1,2.857142857142857
SMOTE,3.357142857142857
GEOMETRIC_SMOTE,3.357142857142857
SMOTE_SVM,4.0
BORDERLINE2,4.0
ORIGINAL,4.571428571428571
DELAUNAY,5.857142857142857
