index,0
SMOTE_SVM,2.2857142857142856
SMOTE,3.2857142857142856
BORDERLINE1,4.071428571428571
GEOMETRIC_SMOTE,4.214285714285714
BORDERLINE2,4.5
ORIGINAL,4.571428571428571
DELAUNAY,5.071428571428571
