index,0
SMOTE,2.7142857142857144
BORDERLINE1,2.7857142857142856
SMOTE_SVM,2.9285714285714284
BORDERLINE2,3.4285714285714284
GEOMETRIC_SMOTE,3.857142857142857
DELAUNAY,5.785714285714286
ORIGINAL,6.5
