index,0
SMOTE_SVM,2.7142857142857144
BORDERLINE2,2.857142857142857
SMOTE,3.2142857142857144
GEOMETRIC_SMOTE,3.7857142857142856
BORDERLINE1,3.857142857142857
ORIGINAL,4.928571428571429
DELAUNAY,6.642857142857143
