index,0
BORDERLINE1,3.2857142857142856
ORIGINAL,3.4285714285714284
SMOTE_SVM,3.7142857142857144
GEOMETRIC_SMOTE,3.7857142857142856
SMOTE,4.428571428571429
DELAUNAY,4.5
BORDERLINE2,4.857142857142857
