index,0
SMOTE,2.9285714285714284
DELAUNAY,3.142857142857143
SMOTE_SVM,3.9285714285714284
BORDERLINE2,3.9285714285714284
BORDERLINE1,4.071428571428571
GEOMETRIC_SMOTE,4.071428571428571
ORIGINAL,5.928571428571429
