index,0
SMOTE_SVM,3.2857142857142856
GEOMETRIC_SMOTE,3.2857142857142856
BORDERLINE2,3.4285714285714284
BORDERLINE1,3.5714285714285716
SMOTE,3.7142857142857144
DELAUNAY,4.571428571428571
ORIGINAL,6.142857142857143
