index,0
SMOTE_SVM,2.7142857142857144
SMOTE,3.5
BORDERLINE2,3.642857142857143
GEOMETRIC_SMOTE,3.7142857142857144
BORDERLINE1,4.071428571428571
ORIGINAL,4.928571428571429
DELAUNAY,5.428571428571429
