index,0
ORIGINAL,1.8571428571428572
GEOMETRIC_SMOTE,3.5
SMOTE,3.7857142857142856
BORDERLINE1,4.142857142857143
SMOTE_SVM,4.428571428571429
BORDERLINE2,4.928571428571429
DELAUNAY,5.357142857142857
