index,0
BORDERLINE1,2.5714285714285716
SMOTE_SVM,3.2857142857142856
SMOTE,3.7857142857142856
ORIGINAL,3.9285714285714284
GEOMETRIC_SMOTE,4.142857142857143
BORDERLINE2,5.0
DELAUNAY,5.285714285714286
