index,0
ORIGINAL,2.2142857142857144
SMOTE,3.2857142857142856
BORDERLINE2,3.9285714285714284
GEOMETRIC_SMOTE,4.142857142857143
DELAUNAY,4.428571428571429
BORDERLINE1,4.5
SMOTE_SVM,5.5
