index,0
SMOTE_SVM,2.2857142857142856
SMOTE,3.2142857142857144
BORDERLINE1,4.071428571428571
GEOMETRIC_SMOTE,4.214285714285714
ORIGINAL,4.357142857142857
BORDERLINE2,4.357142857142857
DELAUNAY,5.5
