index,0
SMOTE_SVM,2.642857142857143
SMOTE,3.0
BORDERLINE1,3.5
GEOMETRIC_SMOTE,3.5
BORDERLINE2,3.7142857142857144
DELAUNAY,5.785714285714286
ORIGINAL,5.857142857142857
