index,0
SMOTE_SVM,2.7142857142857144
BORDERLINE2,3.0
SMOTE,3.357142857142857
GEOMETRIC_SMOTE,3.857142857142857
BORDERLINE1,4.0
ORIGINAL,5.214285714285714
DELAUNAY,5.857142857142857
